{"0": {"XdistToGoal": 7.5, "YdistToGoal": 8.299999999999997, "Head": 0, "LeftFoot": 0, "RightFoot": 0, "OtherBodyPart": 1, "YendLoc": 22.7, "ZendLoc": 22.7, "Goal": 0}, "1": {"XdistToGoal": 23.299999999999997, "YdistToGoal": 13.600000000000001, "Head": 0, "LeftFoot": 0, "RightFoot": 0, "OtherBodyPart": 1, "YendLoc": 27.5, "ZendLoc": 27.5, "Goal": 0}, "2": {"XdistToGoal": 10.599999999999994, "YdistToGoal": 2.3999999999999986, "Head": 1, "LeftFoot": 0, "RightFoot": 0, "OtherBodyPart": 0, "YendLoc": 25.1, "ZendLoc": 25.1, "Goal": 0}, "3": {"XdistToGoal": 12.400000000000006, "YdistToGoal": 9.399999999999999, "Head": 0, "LeftFoot": 0, "RightFoot": 0, "OtherBodyPart": 1, "YendLoc": 43.5, "ZendLoc": 0.4, "Goal": 1}, "4": {"XdistToGoal": 19.900000000000006, "YdistToGoal": 1.5, "Head": 0, "LeftFoot": 0, "RightFoot": 0, "OtherBodyPart": 1, "YendLoc": 41.7, "ZendLoc": 41.7, "Goal": 0}, "5": {"XdistToGoal": 11.799999999999997, "YdistToGoal": 2.8999999999999986, "Head": 1, "LeftFoot": 0, "RightFoot": 0, "OtherBodyPart": 0, "YendLoc": 44.7, "ZendLoc": 2.5, "Goal": 0}, "6": {"XdistToGoal": 6.799999999999997, "YdistToGoal": 7.700000000000003, "Head": 1, "LeftFoot": 0, "RightFoot": 0, "OtherBodyPart": 0, "YendLoc": 34.9, "ZendLoc": 1.1, "Goal": 0}, "7": {"XdistToGoal": 24.299999999999997, "YdistToGoal": 8.200000000000003, "Head": 0, "LeftFoot": 0, "RightFoot": 0, "OtherBodyPart": 1, "YendLoc": 30.3, "ZendLoc": 6.4, "Goal": 0}, "8": {"XdistToGoal": 9.299999999999997, "YdistToGoal": 9.8, "Head": 0, "LeftFoot": 0, "RightFoot": 0, "OtherBodyPart": 1, "YendLoc": 43.1, "ZendLoc": 0.2, "Goal": 1}, "9": {"XdistToGoal": 20.900000000000006, "YdistToGoal": 12.2, "Head": 0, "LeftFoot": 0, "RightFoot": 0, "OtherBodyPart": 1, "YendLoc": 31.0, "ZendLoc": 31.0, "Goal": 0}, "10": {"XdistToGoal": 12.599999999999994, "YdistToGoal": 8.8, "Head": 0, "LeftFoot": 0, "RightFoot": 0, "OtherBodyPart": 1, "YendLoc": 37.0, "ZendLoc": 6.4, "Goal": 0}, "11": {"XdistToGoal": 7.900000000000006, "YdistToGoal": 0.20000000000000284, "Head": 1, "LeftFoot": 0, "RightFoot": 0, "OtherBodyPart": 0, "YendLoc": 39.4, "ZendLoc": 0.9, "Goal": 0}, "12": {"XdistToGoal": 2.9000000000000057, "YdistToGoal": 11.600000000000001, "Head": 0, "LeftFoot": 0, "RightFoot": 0, "OtherBodyPart": 1, "YendLoc": 29.9, "ZendLoc": 0.3, "Goal": 0}, "13": {"XdistToGoal": 19.200000000000003, "YdistToGoal": 0.8999999999999986, "Head": 0, "LeftFoot": 0, "RightFoot": 0, "OtherBodyPart": 1, "YendLoc": 39.6, "ZendLoc": 0.3, "Goal": 0}, "14": {"XdistToGoal": 4.900000000000006, "YdistToGoal": 13.100000000000001, "Head": 0, "LeftFoot": 0, "RightFoot": 0, "OtherBodyPart": 1, "YendLoc": 40.3, "ZendLoc": 0.2, "Goal": 1}, "15": {"XdistToGoal": 7.599999999999994, "YdistToGoal": 0.20000000000000284, "Head": 1, "LeftFoot": 0, "RightFoot": 0, "OtherBodyPart": 0, "YendLoc": 45.6, "ZendLoc": 1.2, "Goal": 0}, "16": {"XdistToGoal": 3.799999999999997, "YdistToGoal": 9.200000000000003, "Head": 0, "LeftFoot": 0, "RightFoot": 0, "OtherBodyPart": 1, "YendLoc": 48.1, "ZendLoc": 0.2, "Goal": 0}, "17": {"XdistToGoal": 6.400000000000006, "YdistToGoal": 6.299999999999997, "Head": 1, "LeftFoot": 0, "RightFoot": 0, "OtherBodyPart": 0, "YendLoc": 36.0, "ZendLoc": 0.2, "Goal": 0}, "18": {"XdistToGoal": 5.599999999999994, "YdistToGoal": 8.399999999999999, "Head": 0, "LeftFoot": 0, "RightFoot": 0, "OtherBodyPart": 1, "YendLoc": 40.1, "ZendLoc": 40.1, "Goal": 0}, "19": {"XdistToGoal": 5.5, "YdistToGoal": 8.799999999999997, "Head": 0, "LeftFoot": 0, "RightFoot": 0, "OtherBodyPart": 1, "YendLoc": 48.7, "ZendLoc": 0.2, "Goal": 0}, "20": {"XdistToGoal": 26.299999999999997, "YdistToGoal": 5.200000000000003, "Head": 0, "LeftFoot": 0, "RightFoot": 0, "OtherBodyPart": 1, "YendLoc": 35.1, "ZendLoc": 35.1, "Goal": 0}, "21": {"XdistToGoal": 11.0, "YdistToGoal": 7.600000000000001, "Head": 1, "LeftFoot": 0, "RightFoot": 0, "OtherBodyPart": 0, "YendLoc": 44.9, "ZendLoc": 5.9, "Goal": 0}}