{"0": {"XdistToGoal": 26.700000000000003, "YdistToGoal": 12.100000000000001, "Head": 0, "LeftFoot": 0, "RightFoot": 0, "OtherBodyPart": 1, "YendLoc": 28.4, "ZendLoc": 28.4, "Goal": 0}, "1": {"XdistToGoal": 18.299999999999997, "YdistToGoal": 5.299999999999997, "Head": 0, "LeftFoot": 0, "RightFoot": 0, "OtherBodyPart": 1, "YendLoc": 36.0, "ZendLoc": 36.0, "Goal": 0}, "2": {"XdistToGoal": 23.0, "YdistToGoal": 18.8, "Head": 0, "LeftFoot": 0, "RightFoot": 0, "OtherBodyPart": 1, "YendLoc": 37.4, "ZendLoc": 1.4, "Goal": 0}, "3": {"XdistToGoal": 19.299999999999997, "YdistToGoal": 21.799999999999997, "Head": 0, "LeftFoot": 0, "RightFoot": 0, "OtherBodyPart": 1, "YendLoc": 52.1, "ZendLoc": 52.1, "Goal": 0}, "4": {"XdistToGoal": 9.200000000000003, "YdistToGoal": 11.399999999999999, "Head": 0, "LeftFoot": 0, "RightFoot": 0, "OtherBodyPart": 1, "YendLoc": 29.4, "ZendLoc": 29.4, "Goal": 0}, "5": {"XdistToGoal": 12.900000000000006, "YdistToGoal": 10.100000000000001, "Head": 0, "LeftFoot": 0, "RightFoot": 0, "OtherBodyPart": 1, "YendLoc": 36.6, "ZendLoc": 0.2, "Goal": 1}, "6": {"XdistToGoal": 12.200000000000003, "YdistToGoal": 3.8999999999999986, "Head": 1, "LeftFoot": 0, "RightFoot": 0, "OtherBodyPart": 0, "YendLoc": 42.9, "ZendLoc": 0.3, "Goal": 0}, "7": {"XdistToGoal": 14.599999999999994, "YdistToGoal": 0.8999999999999986, "Head": 0, "LeftFoot": 0, "RightFoot": 0, "OtherBodyPart": 1, "YendLoc": 37.7, "ZendLoc": 2.1, "Goal": 1}, "8": {"XdistToGoal": 9.5, "YdistToGoal": 14.899999999999999, "Head": 0, "LeftFoot": 0, "RightFoot": 0, "OtherBodyPart": 1, "YendLoc": 37.1, "ZendLoc": 3.3, "Goal": 0}, "9": {"XdistToGoal": 7.599999999999994, "YdistToGoal": 9.299999999999997, "Head": 0, "LeftFoot": 0, "RightFoot": 0, "OtherBodyPart": 1, "YendLoc": 37.0, "ZendLoc": 0.5, "Goal": 1}, "10": {"XdistToGoal": 17.700000000000003, "YdistToGoal": 8.100000000000001, "Head": 0, "LeftFoot": 0, "RightFoot": 0, "OtherBodyPart": 1, "YendLoc": 32.7, "ZendLoc": 32.7, "Goal": 0}, "11": {"XdistToGoal": 1.0, "YdistToGoal": 5.799999999999997, "Head": 1, "LeftFoot": 0, "RightFoot": 0, "OtherBodyPart": 0, "YendLoc": 44.2, "ZendLoc": 5.4, "Goal": 0}, "12": {"XdistToGoal": 18.5, "YdistToGoal": 17.799999999999997, "Head": 0, "LeftFoot": 0, "RightFoot": 0, "OtherBodyPart": 1, "YendLoc": 55.2, "ZendLoc": 55.2, "Goal": 0}, "13": {"XdistToGoal": 10.200000000000003, "YdistToGoal": 0.7000000000000028, "Head": 0, "LeftFoot": 0, "RightFoot": 0, "OtherBodyPart": 1, "YendLoc": 32.8, "ZendLoc": 32.8, "Goal": 0}, "14": {"XdistToGoal": 15.5, "YdistToGoal": 15.5, "Head": 0, "LeftFoot": 0, "RightFoot": 0, "OtherBodyPart": 1, "YendLoc": 47.6, "ZendLoc": 47.6, "Goal": 0}, "15": {"XdistToGoal": 15.099999999999994, "YdistToGoal": 14.899999999999999, "Head": 0, "LeftFoot": 0, "RightFoot": 0, "OtherBodyPart": 1, "YendLoc": 26.7, "ZendLoc": 26.7, "Goal": 0}, "16": {"XdistToGoal": 26.400000000000006, "YdistToGoal": 10.200000000000003, "Head": 0, "LeftFoot": 0, "RightFoot": 0, "OtherBodyPart": 1, "YendLoc": 46.1, "ZendLoc": 46.1, "Goal": 0}, "17": {"XdistToGoal": 11.200000000000003, "YdistToGoal": 15.899999999999999, "Head": 0, "LeftFoot": 0, "RightFoot": 0, "OtherBodyPart": 1, "YendLoc": 44.3, "ZendLoc": 44.3, "Goal": 0}, "18": {"XdistToGoal": 16.200000000000003, "YdistToGoal": 5.0, "Head": 0, "LeftFoot": 0, "RightFoot": 0, "OtherBodyPart": 1, "YendLoc": 43.3, "ZendLoc": 2.3, "Goal": 1}, "19": {"XdistToGoal": 18.400000000000006, "YdistToGoal": 16.200000000000003, "Head": 0, "LeftFoot": 0, "RightFoot": 0, "OtherBodyPart": 1, "YendLoc": 36.5, "ZendLoc": 3.5, "Goal": 0}, "20": {"XdistToGoal": 6.799999999999997, "YdistToGoal": 7.799999999999997, "Head": 0, "LeftFoot": 0, "RightFoot": 0, "OtherBodyPart": 1, "YendLoc": 47.1, "ZendLoc": 47.1, "Goal": 0}, "21": {"XdistToGoal": 23.099999999999994, "YdistToGoal": 11.0, "Head": 0, "LeftFoot": 0, "RightFoot": 0, "OtherBodyPart": 1, "YendLoc": 49.7, "ZendLoc": 49.7, "Goal": 0}, "22": {"XdistToGoal": 22.099999999999994, "YdistToGoal": 2.299999999999997, "Head": 0, "LeftFoot": 0, "RightFoot": 0, "OtherBodyPart": 1, "YendLoc": 41.0, "ZendLoc": 2.5, "Goal": 0}, "23": {"XdistToGoal": 19.200000000000003, "YdistToGoal": 6.700000000000003, "Head": 0, "LeftFoot": 0, "RightFoot": 0, "OtherBodyPart": 1, "YendLoc": 35.1, "ZendLoc": 35.1, "Goal": 0}, "24": {"XdistToGoal": 22.900000000000006, "YdistToGoal": 1.2999999999999972, "Head": 0, "LeftFoot": 0, "RightFoot": 0, "OtherBodyPart": 1, "YendLoc": 39.1, "ZendLoc": 39.1, "Goal": 0}, "25": {"XdistToGoal": 22.099999999999994, "YdistToGoal": 5.700000000000003, "Head": 0, "LeftFoot": 0, "RightFoot": 0, "OtherBodyPart": 1, "YendLoc": 44.1, "ZendLoc": 44.1, "Goal": 0}, "26": {"XdistToGoal": 8.799999999999997, "YdistToGoal": 3.8999999999999986, "Head": 0, "LeftFoot": 0, "RightFoot": 0, "OtherBodyPart": 1, "YendLoc": 38.9, "ZendLoc": 0.3, "Goal": 1}, "27": {"XdistToGoal": 3.0, "YdistToGoal": 7.0, "Head": 0, "LeftFoot": 0, "RightFoot": 0, "OtherBodyPart": 1, "YendLoc": 45.9, "ZendLoc": 0.2, "Goal": 0}, "28": {"XdistToGoal": 10.599999999999994, "YdistToGoal": 3.6000000000000014, "Head": 1, "LeftFoot": 0, "RightFoot": 0, "OtherBodyPart": 0, "YendLoc": 38.0, "ZendLoc": 2.3, "Goal": 0}, "29": {"XdistToGoal": 10.0, "YdistToGoal": 4.0, "Head": 0, "LeftFoot": 0, "RightFoot": 0, "OtherBodyPart": 1, "YendLoc": 35.6, "ZendLoc": 3.1, "Goal": 0}, "30": {"XdistToGoal": 14.299999999999997, "YdistToGoal": 5.799999999999997, "Head": 0, "LeftFoot": 0, "RightFoot": 0, "OtherBodyPart": 1, "YendLoc": 43.2, "ZendLoc": 0.9, "Goal": 1}}