{"0": {"XdistToGoal": 4.700000000000003, "YdistToGoal": 7.0, "Head": 1, "LeftFoot": 0, "RightFoot": 0, "OtherBodyPart": 0, "YendLoc": 52.1, "ZendLoc": 52.1, "Goal": 0}, "1": {"XdistToGoal": 14.900000000000006, "YdistToGoal": 0.10000000000000142, "Head": 1, "LeftFoot": 0, "RightFoot": 0, "OtherBodyPart": 0, "YendLoc": 43.1, "ZendLoc": 0.3, "Goal": 0}, "2": {"XdistToGoal": 12.099999999999994, "YdistToGoal": 5.299999999999997, "Head": 0, "LeftFoot": 0, "RightFoot": 0, "OtherBodyPart": 1, "YendLoc": 39.3, "ZendLoc": 0.3, "Goal": 0}, "3": {"XdistToGoal": 20.900000000000006, "YdistToGoal": 3.8999999999999986, "Head": 0, "LeftFoot": 0, "RightFoot": 0, "OtherBodyPart": 1, "YendLoc": 42.9, "ZendLoc": 0.5, "Goal": 1}, "4": {"XdistToGoal": 6.0, "YdistToGoal": 3.0, "Head": 1, "LeftFoot": 0, "RightFoot": 0, "OtherBodyPart": 0, "YendLoc": 27.5, "ZendLoc": 0.5, "Goal": 0}, "5": {"XdistToGoal": 24.900000000000006, "YdistToGoal": 6.399999999999999, "Head": 0, "LeftFoot": 0, "RightFoot": 0, "OtherBodyPart": 1, "YendLoc": 33.7, "ZendLoc": 6.2, "Goal": 0}, "6": {"XdistToGoal": 6.400000000000006, "YdistToGoal": 3.8999999999999986, "Head": 1, "LeftFoot": 0, "RightFoot": 0, "OtherBodyPart": 0, "YendLoc": 42.6, "ZendLoc": 1.6, "Goal": 1}, "7": {"XdistToGoal": 16.900000000000006, "YdistToGoal": 7.0, "Head": 0, "LeftFoot": 0, "RightFoot": 0, "OtherBodyPart": 1, "YendLoc": 49.4, "ZendLoc": 49.4, "Goal": 0}, "8": {"XdistToGoal": 11.900000000000006, "YdistToGoal": 0.10000000000000142, "Head": 0, "LeftFoot": 0, "RightFoot": 0, "OtherBodyPart": 1, "YendLoc": 43.1, "ZendLoc": 0.2, "Goal": 1}, "9": {"XdistToGoal": 11.900000000000006, "YdistToGoal": 4.899999999999999, "Head": 0, "LeftFoot": 0, "RightFoot": 0, "OtherBodyPart": 1, "YendLoc": 39.6, "ZendLoc": 0.2, "Goal": 0}, "10": {"XdistToGoal": 24.599999999999994, "YdistToGoal": 3.1000000000000014, "Head": 0, "LeftFoot": 0, "RightFoot": 0, "OtherBodyPart": 1, "YendLoc": 39.8, "ZendLoc": 39.8, "Goal": 0}, "11": {"XdistToGoal": 27.200000000000003, "YdistToGoal": 9.200000000000003, "Head": 0, "LeftFoot": 0, "RightFoot": 0, "OtherBodyPart": 1, "YendLoc": 48.3, "ZendLoc": 48.3, "Goal": 0}, "12": {"XdistToGoal": 15.700000000000003, "YdistToGoal": 3.8999999999999986, "Head": 0, "LeftFoot": 0, "RightFoot": 0, "OtherBodyPart": 1, "YendLoc": 45.3, "ZendLoc": 45.3, "Goal": 0}, "13": {"XdistToGoal": 22.599999999999994, "YdistToGoal": 8.3, "Head": 0, "LeftFoot": 0, "RightFoot": 0, "OtherBodyPart": 1, "YendLoc": 34.7, "ZendLoc": 34.7, "Goal": 0}, "14": {"XdistToGoal": 10.799999999999997, "YdistToGoal": 0.10000000000000142, "Head": 1, "LeftFoot": 0, "RightFoot": 0, "OtherBodyPart": 0, "YendLoc": 40.1, "ZendLoc": 40.1, "Goal": 0}, "15": {"XdistToGoal": 8.599999999999994, "YdistToGoal": 13.899999999999999, "Head": 0, "LeftFoot": 0, "RightFoot": 0, "OtherBodyPart": 1, "YendLoc": 52.5, "ZendLoc": 52.5, "Goal": 0}, "16": {"XdistToGoal": 36.7, "YdistToGoal": 8.0, "Head": 0, "LeftFoot": 0, "RightFoot": 0, "OtherBodyPart": 1, "YendLoc": 36.8, "ZendLoc": 36.8, "Goal": 0}, "17": {"XdistToGoal": 6.400000000000006, "YdistToGoal": 2.8999999999999986, "Head": 0, "LeftFoot": 0, "RightFoot": 0, "OtherBodyPart": 1, "YendLoc": 40.8, "ZendLoc": 0.2, "Goal": 1}, "18": {"XdistToGoal": 29.900000000000006, "YdistToGoal": 3.1000000000000014, "Head": 0, "LeftFoot": 0, "RightFoot": 0, "OtherBodyPart": 1, "YendLoc": 41.1, "ZendLoc": 3.3, "Goal": 0}, "19": {"XdistToGoal": 60.0, "YdistToGoal": 11.899999999999999, "Head": 0, "LeftFoot": 0, "RightFoot": 0, "OtherBodyPart": 1, "YendLoc": 39.9, "ZendLoc": 3.5, "Goal": 0}}