{"0": {"XdistToGoal": 21.900000000000006, "YdistToGoal": 12.100000000000001, "Head": 0, "LeftFoot": 0, "RightFoot": 0, "OtherBodyPart": 1, "YendLoc": 50.5, "ZendLoc": 50.5, "Goal": 0}, "1": {"XdistToGoal": 23.400000000000006, "YdistToGoal": 11.5, "Head": 0, "LeftFoot": 0, "RightFoot": 0, "OtherBodyPart": 1, "YendLoc": 50.4, "ZendLoc": 50.4, "Goal": 0}, "2": {"XdistToGoal": 7.900000000000006, "YdistToGoal": 9.399999999999999, "Head": 1, "LeftFoot": 0, "RightFoot": 0, "OtherBodyPart": 0, "YendLoc": 25.5, "ZendLoc": 6.0, "Goal": 0}, "3": {"XdistToGoal": 25.5, "YdistToGoal": 13.100000000000001, "Head": 0, "LeftFoot": 0, "RightFoot": 0, "OtherBodyPart": 1, "YendLoc": 49.8, "ZendLoc": 0.2, "Goal": 0}, "4": {"XdistToGoal": 18.799999999999997, "YdistToGoal": 9.399999999999999, "Head": 0, "LeftFoot": 0, "RightFoot": 0, "OtherBodyPart": 1, "YendLoc": 31.4, "ZendLoc": 31.4, "Goal": 0}, "5": {"XdistToGoal": 15.5, "YdistToGoal": 1.1000000000000014, "Head": 0, "LeftFoot": 0, "RightFoot": 0, "OtherBodyPart": 1, "YendLoc": 40.9, "ZendLoc": 40.9, "Goal": 0}, "6": {"XdistToGoal": 16.299999999999997, "YdistToGoal": 4.100000000000001, "Head": 0, "LeftFoot": 0, "RightFoot": 0, "OtherBodyPart": 1, "YendLoc": 36.4, "ZendLoc": 36.4, "Goal": 0}, "7": {"XdistToGoal": 8.299999999999997, "YdistToGoal": 18.700000000000003, "Head": 0, "LeftFoot": 0, "RightFoot": 0, "OtherBodyPart": 1, "YendLoc": 40.7, "ZendLoc": 3.8, "Goal": 0}, "8": {"XdistToGoal": 3.5, "YdistToGoal": 2.8999999999999986, "Head": 1, "LeftFoot": 0, "RightFoot": 0, "OtherBodyPart": 0, "YendLoc": 35.9, "ZendLoc": 5.5, "Goal": 0}, "9": {"XdistToGoal": 14.299999999999997, "YdistToGoal": 1.3999999999999986, "Head": 0, "LeftFoot": 0, "RightFoot": 0, "OtherBodyPart": 1, "YendLoc": 41.0, "ZendLoc": 41.0, "Goal": 0}, "10": {"XdistToGoal": 13.599999999999994, "YdistToGoal": 15.299999999999997, "Head": 0, "LeftFoot": 0, "RightFoot": 0, "OtherBodyPart": 1, "YendLoc": 45.0, "ZendLoc": 0.2, "Goal": 0}, "11": {"XdistToGoal": 12.900000000000006, "YdistToGoal": 13.200000000000003, "Head": 0, "LeftFoot": 0, "RightFoot": 0, "OtherBodyPart": 1, "YendLoc": 52.1, "ZendLoc": 52.1, "Goal": 0}, "12": {"XdistToGoal": 11.200000000000003, "YdistToGoal": 7.600000000000001, "Head": 0, "LeftFoot": 0, "RightFoot": 0, "OtherBodyPart": 1, "YendLoc": 33.5, "ZendLoc": 33.5, "Goal": 0}, "13": {"XdistToGoal": 7.299999999999997, "YdistToGoal": 0.10000000000000142, "Head": 1, "LeftFoot": 0, "RightFoot": 0, "OtherBodyPart": 0, "YendLoc": 40.1, "ZendLoc": 1.1, "Goal": 0}, "14": {"XdistToGoal": 9.700000000000003, "YdistToGoal": 14.399999999999999, "Head": 0, "LeftFoot": 0, "RightFoot": 0, "OtherBodyPart": 1, "YendLoc": 45.1, "ZendLoc": 0.4, "Goal": 0}, "15": {"XdistToGoal": 26.400000000000006, "YdistToGoal": 12.5, "Head": 0, "LeftFoot": 0, "RightFoot": 0, "OtherBodyPart": 1, "YendLoc": 35.2, "ZendLoc": 0.9, "Goal": 0}, "16": {"XdistToGoal": 14.099999999999994, "YdistToGoal": 4.399999999999999, "Head": 0, "LeftFoot": 0, "RightFoot": 0, "OtherBodyPart": 1, "YendLoc": 40.6, "ZendLoc": 2.8, "Goal": 0}, "17": {"XdistToGoal": 16.299999999999997, "YdistToGoal": 6.399999999999999, "Head": 0, "LeftFoot": 0, "RightFoot": 0, "OtherBodyPart": 1, "YendLoc": 36.6, "ZendLoc": 0.2, "Goal": 1}, "18": {"XdistToGoal": 10.0, "YdistToGoal": 2.3999999999999986, "Head": 1, "LeftFoot": 0, "RightFoot": 0, "OtherBodyPart": 0, "YendLoc": 41.8, "ZendLoc": 41.8, "Goal": 0}, "19": {"XdistToGoal": 3.0, "YdistToGoal": 1.1000000000000014, "Head": 0, "LeftFoot": 0, "RightFoot": 0, "OtherBodyPart": 1, "YendLoc": 39.5, "ZendLoc": 0.9, "Goal": 1}, "20": {"XdistToGoal": 8.700000000000003, "YdistToGoal": 4.600000000000001, "Head": 0, "LeftFoot": 0, "RightFoot": 0, "OtherBodyPart": 1, "YendLoc": 43.7, "ZendLoc": 0.9, "Goal": 0}, "21": {"XdistToGoal": 15.299999999999997, "YdistToGoal": 1.8999999999999986, "Head": 0, "LeftFoot": 0, "RightFoot": 0, "OtherBodyPart": 1, "YendLoc": 36.4, "ZendLoc": 2.2, "Goal": 1}, "22": {"XdistToGoal": 21.200000000000003, "YdistToGoal": 7.5, "Head": 0, "LeftFoot": 0, "RightFoot": 0, "OtherBodyPart": 1, "YendLoc": 36.3, "ZendLoc": 0.0, "Goal": 0}, "23": {"XdistToGoal": 10.0, "YdistToGoal": 19.4, "Head": 0, "LeftFoot": 0, "RightFoot": 0, "OtherBodyPart": 1, "YendLoc": 44.3, "ZendLoc": 0.4, "Goal": 0}, "24": {"XdistToGoal": 12.799999999999997, "YdistToGoal": 1.3999999999999986, "Head": 0, "LeftFoot": 0, "RightFoot": 0, "OtherBodyPart": 1, "YendLoc": 38.8, "ZendLoc": 38.8, "Goal": 0}, "25": {"XdistToGoal": 13.200000000000003, "YdistToGoal": 9.8, "Head": 0, "LeftFoot": 0, "RightFoot": 0, "OtherBodyPart": 1, "YendLoc": 39.0, "ZendLoc": 1.7, "Goal": 0}, "26": {"XdistToGoal": 29.799999999999997, "YdistToGoal": 18.6, "Head": 0, "LeftFoot": 0, "RightFoot": 0, "OtherBodyPart": 1, "YendLoc": 41.1, "ZendLoc": 2.0, "Goal": 1}, "27": {"XdistToGoal": 15.700000000000003, "YdistToGoal": 4.799999999999997, "Head": 0, "LeftFoot": 0, "RightFoot": 0, "OtherBodyPart": 1, "YendLoc": 35.6, "ZendLoc": 35.6, "Goal": 0}}