{"0": {"XdistToGoal": 8.200000000000003, "YdistToGoal": 13.100000000000001, "Head": 0, "LeftFoot": 0, "RightFoot": 0, "OtherBodyPart": 1, "YendLoc": 43.2, "ZendLoc": 5.3, "Goal": 0}, "1": {"XdistToGoal": 3.299999999999997, "YdistToGoal": 8.100000000000001, "Head": 0, "LeftFoot": 0, "RightFoot": 0, "OtherBodyPart": 1, "YendLoc": 31.8, "ZendLoc": 0.0, "Goal": 0}, "2": {"XdistToGoal": 9.200000000000003, "YdistToGoal": 10.8, "Head": 0, "LeftFoot": 0, "RightFoot": 0, "OtherBodyPart": 1, "YendLoc": 38.9, "ZendLoc": 4.7, "Goal": 0}, "3": {"XdistToGoal": 5.400000000000006, "YdistToGoal": 5.700000000000003, "Head": 1, "LeftFoot": 0, "RightFoot": 0, "OtherBodyPart": 0, "YendLoc": 34.5, "ZendLoc": 34.5, "Goal": 0}, "4": {"XdistToGoal": 6.400000000000006, "YdistToGoal": 3.5, "Head": 0, "LeftFoot": 0, "RightFoot": 0, "OtherBodyPart": 1, "YendLoc": 37.8, "ZendLoc": 0.3, "Goal": 0}, "5": {"XdistToGoal": 8.099999999999994, "YdistToGoal": 8.399999999999999, "Head": 0, "LeftFoot": 0, "RightFoot": 0, "OtherBodyPart": 1, "YendLoc": 40.4, "ZendLoc": 5.3, "Goal": 0}, "6": {"XdistToGoal": 24.900000000000006, "YdistToGoal": 14.700000000000003, "Head": 0, "LeftFoot": 0, "RightFoot": 0, "OtherBodyPart": 1, "YendLoc": 37.7, "ZendLoc": 3.3, "Goal": 0}, "7": {"XdistToGoal": 8.599999999999994, "YdistToGoal": 5.700000000000003, "Head": 1, "LeftFoot": 0, "RightFoot": 0, "OtherBodyPart": 0, "YendLoc": 36.8, "ZendLoc": 0.5, "Goal": 0}, "8": {"XdistToGoal": 22.200000000000003, "YdistToGoal": 0.20000000000000284, "Head": 0, "LeftFoot": 0, "RightFoot": 0, "OtherBodyPart": 1, "YendLoc": 38.1, "ZendLoc": 5.1, "Goal": 0}, "9": {"XdistToGoal": 11.299999999999997, "YdistToGoal": 0.7000000000000028, "Head": 0, "LeftFoot": 0, "RightFoot": 0, "OtherBodyPart": 1, "YendLoc": 37.6, "ZendLoc": 37.6, "Goal": 0}, "10": {"XdistToGoal": 7.799999999999997, "YdistToGoal": 1.2000000000000028, "Head": 0, "LeftFoot": 0, "RightFoot": 0, "OtherBodyPart": 1, "YendLoc": 36.4, "ZendLoc": 4.8, "Goal": 0}, "11": {"XdistToGoal": 24.0, "YdistToGoal": 4.399999999999999, "Head": 0, "LeftFoot": 0, "RightFoot": 0, "OtherBodyPart": 1, "YendLoc": 36.0, "ZendLoc": 36.0, "Goal": 0}, "12": {"XdistToGoal": 8.299999999999997, "YdistToGoal": 10.8, "Head": 0, "LeftFoot": 0, "RightFoot": 0, "OtherBodyPart": 1, "YendLoc": 37.1, "ZendLoc": 0.2, "Goal": 0}, "13": {"XdistToGoal": 28.299999999999997, "YdistToGoal": 5.600000000000001, "Head": 0, "LeftFoot": 0, "RightFoot": 0, "OtherBodyPart": 1, "YendLoc": 33.7, "ZendLoc": 0.4, "Goal": 0}, "14": {"XdistToGoal": 8.400000000000006, "YdistToGoal": 11.2, "Head": 0, "LeftFoot": 0, "RightFoot": 0, "OtherBodyPart": 1, "YendLoc": 38.6, "ZendLoc": 1.8, "Goal": 0}, "15": {"XdistToGoal": 26.599999999999994, "YdistToGoal": 12.0, "Head": 0, "LeftFoot": 0, "RightFoot": 0, "OtherBodyPart": 1, "YendLoc": 37.2, "ZendLoc": 1.6, "Goal": 0}, "16": {"XdistToGoal": 13.099999999999994, "YdistToGoal": 0.7000000000000028, "Head": 0, "LeftFoot": 0, "RightFoot": 0, "OtherBodyPart": 1, "YendLoc": 39.6, "ZendLoc": 0.2, "Goal": 0}, "17": {"XdistToGoal": 16.5, "YdistToGoal": 22.1, "Head": 0, "LeftFoot": 0, "RightFoot": 0, "OtherBodyPart": 1, "YendLoc": 45.8, "ZendLoc": 45.8, "Goal": 0}, "18": {"XdistToGoal": 12.900000000000006, "YdistToGoal": 6.299999999999997, "Head": 0, "LeftFoot": 0, "RightFoot": 0, "OtherBodyPart": 1, "YendLoc": 45.7, "ZendLoc": 45.7, "Goal": 0}, "19": {"XdistToGoal": 15.0, "YdistToGoal": 6.5, "Head": 0, "LeftFoot": 0, "RightFoot": 0, "OtherBodyPart": 1, "YendLoc": 43.6, "ZendLoc": 0.5, "Goal": 1}, "20": {"XdistToGoal": 17.799999999999997, "YdistToGoal": 25.099999999999994, "Head": 0, "LeftFoot": 0, "RightFoot": 0, "OtherBodyPart": 1, "YendLoc": 43.7, "ZendLoc": 0.2, "Goal": 0}, "21": {"XdistToGoal": 22.599999999999994, "YdistToGoal": 10.600000000000001, "Head": 0, "LeftFoot": 0, "RightFoot": 0, "OtherBodyPart": 1, "YendLoc": 31.7, "ZendLoc": 0.1, "Goal": 0}, "22": {"XdistToGoal": 8.5, "YdistToGoal": 1.8999999999999986, "Head": 0, "LeftFoot": 0, "RightFoot": 0, "OtherBodyPart": 1, "YendLoc": 41.0, "ZendLoc": 6.0, "Goal": 0}, "23": {"XdistToGoal": 34.0, "YdistToGoal": 11.899999999999999, "Head": 0, "LeftFoot": 0, "RightFoot": 0, "OtherBodyPart": 1, "YendLoc": 30.2, "ZendLoc": 2.3, "Goal": 0}, "24": {"XdistToGoal": 12.5, "YdistToGoal": 4.200000000000003, "Head": 0, "LeftFoot": 0, "RightFoot": 0, "OtherBodyPart": 1, "YendLoc": 49.2, "ZendLoc": 0.2, "Goal": 0}, "25": {"XdistToGoal": 4.200000000000003, "YdistToGoal": 4.5, "Head": 1, "LeftFoot": 0, "RightFoot": 0, "OtherBodyPart": 0, "YendLoc": 39.8, "ZendLoc": 1.4, "Goal": 1}}