{"0": {"XdistToGoal": 29.099999999999994, "YdistToGoal": 13.0, "Head": 0, "LeftFoot": 0, "RightFoot": 0, "OtherBodyPart": 1, "YendLoc": 43.9, "ZendLoc": 0.8, "Goal": 0}, "1": {"XdistToGoal": 38.099999999999994, "YdistToGoal": 12.399999999999999, "Head": 0, "LeftFoot": 0, "RightFoot": 0, "OtherBodyPart": 1, "YendLoc": 49.3, "ZendLoc": 4.2, "Goal": 0}, "2": {"XdistToGoal": 9.299999999999997, "YdistToGoal": 8.399999999999999, "Head": 0, "LeftFoot": 0, "RightFoot": 0, "OtherBodyPart": 1, "YendLoc": 47.4, "ZendLoc": 47.4, "Goal": 0}, "3": {"XdistToGoal": 10.599999999999994, "YdistToGoal": 14.399999999999999, "Head": 0, "LeftFoot": 0, "RightFoot": 0, "OtherBodyPart": 1, "YendLoc": 37.9, "ZendLoc": 0.2, "Goal": 0}, "4": {"XdistToGoal": 23.5, "YdistToGoal": 0.3999999999999986, "Head": 0, "LeftFoot": 0, "RightFoot": 0, "OtherBodyPart": 1, "YendLoc": 39.9, "ZendLoc": 0.6, "Goal": 0}, "5": {"XdistToGoal": 19.200000000000003, "YdistToGoal": 5.299999999999997, "Head": 0, "LeftFoot": 0, "RightFoot": 0, "OtherBodyPart": 1, "YendLoc": 35.0, "ZendLoc": 0.6, "Goal": 0}, "6": {"XdistToGoal": 7.0, "YdistToGoal": 7.799999999999997, "Head": 1, "LeftFoot": 0, "RightFoot": 0, "OtherBodyPart": 0, "YendLoc": 44.2, "ZendLoc": 0.4, "Goal": 0}, "7": {"XdistToGoal": 44.8, "YdistToGoal": 6.200000000000003, "Head": 0, "LeftFoot": 0, "RightFoot": 0, "OtherBodyPart": 1, "YendLoc": 30.1, "ZendLoc": 1.8, "Goal": 0}, "8": {"XdistToGoal": 29.599999999999994, "YdistToGoal": 0.7000000000000028, "Head": 0, "LeftFoot": 0, "RightFoot": 0, "OtherBodyPart": 1, "YendLoc": 42.5, "ZendLoc": 0.3, "Goal": 0}, "9": {"XdistToGoal": 13.700000000000003, "YdistToGoal": 12.3, "Head": 0, "LeftFoot": 0, "RightFoot": 0, "OtherBodyPart": 1, "YendLoc": 39.4, "ZendLoc": 2.4, "Goal": 0}, "10": {"XdistToGoal": 1.2999999999999972, "YdistToGoal": 4.799999999999997, "Head": 0, "LeftFoot": 0, "RightFoot": 0, "OtherBodyPart": 1, "YendLoc": 44.7, "ZendLoc": 0.8, "Goal": 0}, "11": {"XdistToGoal": 12.099999999999994, "YdistToGoal": 0.10000000000000142, "Head": 0, "LeftFoot": 0, "RightFoot": 0, "OtherBodyPart": 1, "YendLoc": 37.1, "ZendLoc": 1.1, "Goal": 0}, "12": {"XdistToGoal": 8.400000000000006, "YdistToGoal": 13.100000000000001, "Head": 0, "LeftFoot": 0, "RightFoot": 0, "OtherBodyPart": 1, "YendLoc": 80.0, "ZendLoc": 80.0, "Goal": 0}, "13": {"XdistToGoal": 12.400000000000006, "YdistToGoal": 10.799999999999997, "Head": 0, "LeftFoot": 0, "RightFoot": 0, "OtherBodyPart": 1, "YendLoc": 49.5, "ZendLoc": 49.5, "Goal": 0}, "14": {"XdistToGoal": 8.400000000000006, "YdistToGoal": 9.7, "Head": 0, "LeftFoot": 0, "RightFoot": 0, "OtherBodyPart": 1, "YendLoc": 31.7, "ZendLoc": 0.3, "Goal": 0}, "15": {"XdistToGoal": 24.700000000000003, "YdistToGoal": 5.899999999999999, "Head": 0, "LeftFoot": 0, "RightFoot": 0, "OtherBodyPart": 1, "YendLoc": 51.3, "ZendLoc": 4.8, "Goal": 0}, "16": {"XdistToGoal": 19.099999999999994, "YdistToGoal": 21.0, "Head": 0, "LeftFoot": 0, "RightFoot": 0, "OtherBodyPart": 1, "YendLoc": 58.2, "ZendLoc": 58.2, "Goal": 0}, "17": {"XdistToGoal": 11.900000000000006, "YdistToGoal": 17.8, "Head": 0, "LeftFoot": 0, "RightFoot": 0, "OtherBodyPart": 1, "YendLoc": 23.2, "ZendLoc": 23.2, "Goal": 0}, "18": {"XdistToGoal": 16.5, "YdistToGoal": 13.399999999999999, "Head": 0, "LeftFoot": 0, "RightFoot": 0, "OtherBodyPart": 1, "YendLoc": 42.8, "ZendLoc": 0.2, "Goal": 0}, "19": {"XdistToGoal": 23.5, "YdistToGoal": 1.5, "Head": 0, "LeftFoot": 0, "RightFoot": 0, "OtherBodyPart": 1, "YendLoc": 30.9, "ZendLoc": 0.5, "Goal": 0}, "20": {"XdistToGoal": 31.400000000000006, "YdistToGoal": 13.5, "Head": 0, "LeftFoot": 0, "RightFoot": 0, "OtherBodyPart": 1, "YendLoc": 41.9, "ZendLoc": 4.2, "Goal": 0}, "21": {"XdistToGoal": 15.0, "YdistToGoal": 12.5, "Head": 0, "LeftFoot": 0, "RightFoot": 0, "OtherBodyPart": 1, "YendLoc": 36.0, "ZendLoc": 1.9, "Goal": 0}, "22": {"XdistToGoal": 13.700000000000003, "YdistToGoal": 3.8999999999999986, "Head": 1, "LeftFoot": 0, "RightFoot": 0, "OtherBodyPart": 0, "YendLoc": 39.6, "ZendLoc": 1.9, "Goal": 0}, "23": {"XdistToGoal": 11.900000000000006, "YdistToGoal": 18.4, "Head": 0, "LeftFoot": 0, "RightFoot": 0, "OtherBodyPart": 1, "YendLoc": 57.1, "ZendLoc": 57.1, "Goal": 0}, "24": {"XdistToGoal": 37.400000000000006, "YdistToGoal": 0.5, "Head": 0, "LeftFoot": 0, "RightFoot": 0, "OtherBodyPart": 1, "YendLoc": 40.6, "ZendLoc": 40.6, "Goal": 0}, "25": {"XdistToGoal": 19.700000000000003, "YdistToGoal": 4.5, "Head": 0, "LeftFoot": 0, "RightFoot": 0, "OtherBodyPart": 1, "YendLoc": 43.3, "ZendLoc": 43.3, "Goal": 0}, "26": {"XdistToGoal": 5.900000000000006, "YdistToGoal": 4.200000000000003, "Head": 0, "LeftFoot": 0, "RightFoot": 0, "OtherBodyPart": 1, "YendLoc": 42.5, "ZendLoc": 42.5, "Goal": 0}, "27": {"XdistToGoal": 18.0, "YdistToGoal": 24.4, "Head": 0, "LeftFoot": 0, "RightFoot": 0, "OtherBodyPart": 1, "YendLoc": 44.0, "ZendLoc": 2.7, "Goal": 0}, "28": {"XdistToGoal": 16.900000000000006, "YdistToGoal": 12.200000000000003, "Head": 0, "LeftFoot": 0, "RightFoot": 0, "OtherBodyPart": 1, "YendLoc": 48.6, "ZendLoc": 5.3, "Goal": 0}}