{"0": {"XdistToGoal": 8.900000000000006, "YdistToGoal": 16.0, "Head": 0, "LeftFoot": 0, "RightFoot": 0, "OtherBodyPart": 1, "YendLoc": 37.6, "ZendLoc": 2.1, "Goal": 0}, "1": {"XdistToGoal": 10.299999999999997, "YdistToGoal": 1.3999999999999986, "Head": 0, "LeftFoot": 0, "RightFoot": 0, "OtherBodyPart": 1, "YendLoc": 41.1, "ZendLoc": 41.1, "Goal": 0}, "2": {"XdistToGoal": 17.400000000000006, "YdistToGoal": 1.8999999999999986, "Head": 0, "LeftFoot": 0, "RightFoot": 0, "OtherBodyPart": 1, "YendLoc": 36.4, "ZendLoc": 5.3, "Goal": 0}, "3": {"XdistToGoal": 11.799999999999997, "YdistToGoal": 12.200000000000003, "Head": 0, "LeftFoot": 0, "RightFoot": 0, "OtherBodyPart": 1, "YendLoc": 48.1, "ZendLoc": 0.0, "Goal": 0}, "4": {"XdistToGoal": 5.700000000000003, "YdistToGoal": 4.799999999999997, "Head": 1, "LeftFoot": 0, "RightFoot": 0, "OtherBodyPart": 0, "YendLoc": 24.8, "ZendLoc": 1.0, "Goal": 0}, "5": {"XdistToGoal": 18.900000000000006, "YdistToGoal": 14.2, "Head": 0, "LeftFoot": 0, "RightFoot": 0, "OtherBodyPart": 1, "YendLoc": 26.4, "ZendLoc": 26.4, "Goal": 0}, "6": {"XdistToGoal": 48.7, "YdistToGoal": 17.5, "Head": 0, "LeftFoot": 0, "RightFoot": 0, "OtherBodyPart": 1, "YendLoc": 46.8, "ZendLoc": 1.1, "Goal": 0}, "7": {"XdistToGoal": 26.099999999999994, "YdistToGoal": 9.899999999999999, "Head": 0, "LeftFoot": 0, "RightFoot": 0, "OtherBodyPart": 1, "YendLoc": 46.8, "ZendLoc": 0.5, "Goal": 0}, "8": {"XdistToGoal": 27.900000000000006, "YdistToGoal": 2.1000000000000014, "Head": 0, "LeftFoot": 0, "RightFoot": 0, "OtherBodyPart": 1, "YendLoc": 38.5, "ZendLoc": 0.3, "Goal": 0}, "9": {"XdistToGoal": 19.299999999999997, "YdistToGoal": 10.600000000000001, "Head": 0, "LeftFoot": 0, "RightFoot": 0, "OtherBodyPart": 1, "YendLoc": 50.6, "ZendLoc": 0.2, "Goal": 0}, "10": {"XdistToGoal": 8.099999999999994, "YdistToGoal": 1.7000000000000028, "Head": 1, "LeftFoot": 0, "RightFoot": 0, "OtherBodyPart": 0, "YendLoc": 35.7, "ZendLoc": 2.0, "Goal": 0}, "11": {"XdistToGoal": 17.099999999999994, "YdistToGoal": 13.799999999999997, "Head": 0, "LeftFoot": 0, "RightFoot": 0, "OtherBodyPart": 1, "YendLoc": 32.2, "ZendLoc": 0.2, "Goal": 0}, "12": {"XdistToGoal": 23.200000000000003, "YdistToGoal": 0.10000000000000142, "Head": 0, "LeftFoot": 0, "RightFoot": 0, "OtherBodyPart": 1, "YendLoc": 36.3, "ZendLoc": 0.5, "Goal": 1}, "13": {"XdistToGoal": 40.7, "YdistToGoal": 5.100000000000001, "Head": 0, "LeftFoot": 0, "RightFoot": 0, "OtherBodyPart": 1, "YendLoc": 45.0, "ZendLoc": 1.8, "Goal": 0}, "14": {"XdistToGoal": 30.400000000000006, "YdistToGoal": 9.3, "Head": 0, "LeftFoot": 0, "RightFoot": 0, "OtherBodyPart": 1, "YendLoc": 43.4, "ZendLoc": 2.3, "Goal": 1}, "15": {"XdistToGoal": 8.599999999999994, "YdistToGoal": 2.5, "Head": 1, "LeftFoot": 0, "RightFoot": 0, "OtherBodyPart": 0, "YendLoc": 54.8, "ZendLoc": 1.9, "Goal": 0}, "16": {"XdistToGoal": 35.400000000000006, "YdistToGoal": 28.5, "Head": 0, "LeftFoot": 0, "RightFoot": 0, "OtherBodyPart": 1, "YendLoc": 34.7, "ZendLoc": 2.4, "Goal": 0}, "17": {"XdistToGoal": 21.599999999999994, "YdistToGoal": 12.0, "Head": 0, "LeftFoot": 0, "RightFoot": 0, "OtherBodyPart": 1, "YendLoc": 46.9, "ZendLoc": 0.2, "Goal": 0}, "18": {"XdistToGoal": 5.900000000000006, "YdistToGoal": 10.7, "Head": 0, "LeftFoot": 0, "RightFoot": 0, "OtherBodyPart": 1, "YendLoc": 38.4, "ZendLoc": 2.3, "Goal": 0}, "19": {"XdistToGoal": 8.099999999999994, "YdistToGoal": 2.200000000000003, "Head": 1, "LeftFoot": 0, "RightFoot": 0, "OtherBodyPart": 0, "YendLoc": 38.4, "ZendLoc": 38.4, "Goal": 0}, "20": {"XdistToGoal": 11.700000000000003, "YdistToGoal": 23.6, "Head": 0, "LeftFoot": 0, "RightFoot": 0, "OtherBodyPart": 1, "YendLoc": 36.3, "ZendLoc": 0.3, "Goal": 0}, "21": {"XdistToGoal": 34.900000000000006, "YdistToGoal": 17.0, "Head": 0, "LeftFoot": 0, "RightFoot": 0, "OtherBodyPart": 1, "YendLoc": 43.7, "ZendLoc": 1.1, "Goal": 0}, "22": {"XdistToGoal": 24.400000000000006, "YdistToGoal": 0.7000000000000028, "Head": 0, "LeftFoot": 0, "RightFoot": 0, "OtherBodyPart": 1, "YendLoc": 43.4, "ZendLoc": 2.7, "Goal": 0}, "23": {"XdistToGoal": 2.5, "YdistToGoal": 10.0, "Head": 0, "LeftFoot": 0, "RightFoot": 0, "OtherBodyPart": 1, "YendLoc": 44.8, "ZendLoc": 1.3, "Goal": 0}, "24": {"XdistToGoal": 35.0, "YdistToGoal": 14.600000000000001, "Head": 0, "LeftFoot": 0, "RightFoot": 0, "OtherBodyPart": 1, "YendLoc": 43.3, "ZendLoc": 1.9, "Goal": 0}, "25": {"XdistToGoal": 15.900000000000006, "YdistToGoal": 14.600000000000001, "Head": 0, "LeftFoot": 0, "RightFoot": 0, "OtherBodyPart": 1, "YendLoc": 36.8, "ZendLoc": 2.3, "Goal": 0}, "26": {"XdistToGoal": 24.200000000000003, "YdistToGoal": 7.100000000000001, "Head": 0, "LeftFoot": 0, "RightFoot": 0, "OtherBodyPart": 1, "YendLoc": 42.2, "ZendLoc": 42.2, "Goal": 0}, "27": {"XdistToGoal": 23.400000000000006, "YdistToGoal": 8.299999999999997, "Head": 0, "LeftFoot": 0, "RightFoot": 0, "OtherBodyPart": 1, "YendLoc": 47.8, "ZendLoc": 47.8, "Goal": 0}, "28": {"XdistToGoal": 27.299999999999997, "YdistToGoal": 6.100000000000001, "Head": 0, "LeftFoot": 0, "RightFoot": 0, "OtherBodyPart": 1, "YendLoc": 50.0, "ZendLoc": 0.2, "Goal": 0}, "29": {"XdistToGoal": 24.0, "YdistToGoal": 18.1, "Head": 0, "LeftFoot": 0, "RightFoot": 0, "OtherBodyPart": 1, "YendLoc": 48.5, "ZendLoc": 1.5, "Goal": 0}, "30": {"XdistToGoal": 8.5, "YdistToGoal": 1.2999999999999972, "Head": 0, "LeftFoot": 0, "RightFoot": 0, "OtherBodyPart": 1, "YendLoc": 42.3, "ZendLoc": 42.3, "Goal": 0}, "31": {"XdistToGoal": 19.200000000000003, "YdistToGoal": 23.299999999999997, "Head": 0, "LeftFoot": 0, "RightFoot": 0, "OtherBodyPart": 1, "YendLoc": 42.0, "ZendLoc": 2.8, "Goal": 0}}