{"0": {"XdistToGoal": 13.5, "YdistToGoal": 8.100000000000001, "Head": 0, "LeftFoot": 0, "RightFoot": 0, "OtherBodyPart": 1, "YendLoc": 43.8, "ZendLoc": 43.8, "Goal": 0}, "1": {"XdistToGoal": 7.599999999999994, "YdistToGoal": 5.100000000000001, "Head": 0, "LeftFoot": 0, "RightFoot": 0, "OtherBodyPart": 1, "YendLoc": 37.2, "ZendLoc": 37.2, "Goal": 0}, "2": {"XdistToGoal": 20.5, "YdistToGoal": 2.299999999999997, "Head": 0, "LeftFoot": 0, "RightFoot": 0, "OtherBodyPart": 1, "YendLoc": 42.3, "ZendLoc": 42.3, "Goal": 0}, "3": {"XdistToGoal": 8.799999999999997, "YdistToGoal": 13.100000000000001, "Head": 0, "LeftFoot": 0, "RightFoot": 0, "OtherBodyPart": 1, "YendLoc": 35.8, "ZendLoc": 0.0, "Goal": 0}, "4": {"XdistToGoal": 18.200000000000003, "YdistToGoal": 0.7000000000000028, "Head": 0, "LeftFoot": 0, "RightFoot": 0, "OtherBodyPart": 1, "YendLoc": 38.8, "ZendLoc": 0.2, "Goal": 0}, "5": {"XdistToGoal": 15.799999999999997, "YdistToGoal": 12.600000000000001, "Head": 0, "LeftFoot": 0, "RightFoot": 0, "OtherBodyPart": 1, "YendLoc": 49.5, "ZendLoc": 49.5, "Goal": 0}, "6": {"XdistToGoal": 7.799999999999997, "YdistToGoal": 3.299999999999997, "Head": 1, "LeftFoot": 0, "RightFoot": 0, "OtherBodyPart": 0, "YendLoc": 18.1, "ZendLoc": 0.0, "Goal": 0}, "7": {"XdistToGoal": 31.599999999999994, "YdistToGoal": 8.600000000000001, "Head": 0, "LeftFoot": 0, "RightFoot": 0, "OtherBodyPart": 1, "YendLoc": 34.8, "ZendLoc": 0.4, "Goal": 0}, "8": {"XdistToGoal": 6.900000000000006, "YdistToGoal": 4.100000000000001, "Head": 0, "LeftFoot": 0, "RightFoot": 0, "OtherBodyPart": 1, "YendLoc": 37.3, "ZendLoc": 0.2, "Goal": 1}, "9": {"XdistToGoal": 10.400000000000006, "YdistToGoal": 8.7, "Head": 1, "LeftFoot": 0, "RightFoot": 0, "OtherBodyPart": 0, "YendLoc": 42.5, "ZendLoc": 2.3, "Goal": 1}, "10": {"XdistToGoal": 15.099999999999994, "YdistToGoal": 4.799999999999997, "Head": 0, "LeftFoot": 0, "RightFoot": 0, "OtherBodyPart": 1, "YendLoc": 42.5, "ZendLoc": 4.0, "Goal": 0}, "11": {"XdistToGoal": 19.200000000000003, "YdistToGoal": 13.399999999999999, "Head": 0, "LeftFoot": 0, "RightFoot": 0, "OtherBodyPart": 1, "YendLoc": 36.2, "ZendLoc": 0.5, "Goal": 0}, "12": {"XdistToGoal": 7.700000000000003, "YdistToGoal": 1.3999999999999986, "Head": 1, "LeftFoot": 0, "RightFoot": 0, "OtherBodyPart": 0, "YendLoc": 45.4, "ZendLoc": 1.6, "Goal": 0}, "13": {"XdistToGoal": 13.099999999999994, "YdistToGoal": 5.299999999999997, "Head": 0, "LeftFoot": 0, "RightFoot": 0, "OtherBodyPart": 1, "YendLoc": 40.1, "ZendLoc": 0.0, "Goal": 0}, "14": {"XdistToGoal": 2.5, "YdistToGoal": 6.299999999999997, "Head": 0, "LeftFoot": 0, "RightFoot": 0, "OtherBodyPart": 1, "YendLoc": 37.2, "ZendLoc": 1.6, "Goal": 1}, "15": {"XdistToGoal": 26.099999999999994, "YdistToGoal": 10.600000000000001, "Head": 0, "LeftFoot": 0, "RightFoot": 0, "OtherBodyPart": 1, "YendLoc": 39.3, "ZendLoc": 3.8, "Goal": 0}, "16": {"XdistToGoal": 3.4000000000000057, "YdistToGoal": 0.6000000000000014, "Head": 0, "LeftFoot": 0, "RightFoot": 0, "OtherBodyPart": 1, "YendLoc": 40.3, "ZendLoc": 0.0, "Goal": 0}, "17": {"XdistToGoal": 5.400000000000006, "YdistToGoal": 16.1, "Head": 0, "LeftFoot": 0, "RightFoot": 0, "OtherBodyPart": 1, "YendLoc": 36.3, "ZendLoc": 1.3, "Goal": 0}, "18": {"XdistToGoal": 6.700000000000003, "YdistToGoal": 18.5, "Head": 0, "LeftFoot": 0, "RightFoot": 0, "OtherBodyPart": 1, "YendLoc": 30.3, "ZendLoc": 0.4, "Goal": 0}, "19": {"XdistToGoal": 14.5, "YdistToGoal": 11.5, "Head": 0, "LeftFoot": 0, "RightFoot": 0, "OtherBodyPart": 1, "YendLoc": 50.4, "ZendLoc": 50.4, "Goal": 0}, "20": {"XdistToGoal": 16.700000000000003, "YdistToGoal": 14.7, "Head": 0, "LeftFoot": 0, "RightFoot": 0, "OtherBodyPart": 1, "YendLoc": 38.5, "ZendLoc": 7.0, "Goal": 0}, "21": {"XdistToGoal": 30.400000000000006, "YdistToGoal": 7.799999999999997, "Head": 0, "LeftFoot": 0, "RightFoot": 0, "OtherBodyPart": 1, "YendLoc": 41.3, "ZendLoc": 4.4, "Goal": 0}, "22": {"XdistToGoal": 20.900000000000006, "YdistToGoal": 13.600000000000001, "Head": 0, "LeftFoot": 0, "RightFoot": 0, "OtherBodyPart": 1, "YendLoc": 62.9, "ZendLoc": 0.4, "Goal": 0}}