{"0": {"XdistToGoal": 22.0, "YdistToGoal": 1.2999999999999972, "Head": 0, "LeftFoot": 0, "RightFoot": 0, "OtherBodyPart": 1, "YendLoc": 39.3, "ZendLoc": 39.3, "Goal": 0}, "1": {"XdistToGoal": 28.200000000000003, "YdistToGoal": 8.0, "Head": 0, "LeftFoot": 0, "RightFoot": 0, "OtherBodyPart": 1, "YendLoc": 33.0, "ZendLoc": 33.0, "Goal": 0}, "2": {"XdistToGoal": 15.799999999999997, "YdistToGoal": 19.9, "Head": 0, "LeftFoot": 0, "RightFoot": 0, "OtherBodyPart": 1, "YendLoc": 44.6, "ZendLoc": 3.8, "Goal": 0}, "3": {"XdistToGoal": 16.599999999999994, "YdistToGoal": 3.299999999999997, "Head": 0, "LeftFoot": 0, "RightFoot": 0, "OtherBodyPart": 1, "YendLoc": 43.2, "ZendLoc": 43.2, "Goal": 0}, "4": {"XdistToGoal": 12.099999999999994, "YdistToGoal": 6.399999999999999, "Head": 0, "LeftFoot": 0, "RightFoot": 0, "OtherBodyPart": 1, "YendLoc": 42.3, "ZendLoc": 1.0, "Goal": 0}, "5": {"XdistToGoal": 3.0999999999999943, "YdistToGoal": 4.0, "Head": 1, "LeftFoot": 0, "RightFoot": 0, "OtherBodyPart": 0, "YendLoc": 43.7, "ZendLoc": 0.1, "Goal": 1}, "6": {"XdistToGoal": 5.099999999999994, "YdistToGoal": 2.6000000000000014, "Head": 0, "LeftFoot": 0, "RightFoot": 0, "OtherBodyPart": 1, "YendLoc": 41.0, "ZendLoc": 0.8, "Goal": 0}, "7": {"XdistToGoal": 25.099999999999994, "YdistToGoal": 1.7999999999999972, "Head": 0, "LeftFoot": 0, "RightFoot": 0, "OtherBodyPart": 1, "YendLoc": 39.9, "ZendLoc": 1.9, "Goal": 0}, "8": {"XdistToGoal": 5.599999999999994, "YdistToGoal": 0.8999999999999986, "Head": 1, "LeftFoot": 0, "RightFoot": 0, "OtherBodyPart": 0, "YendLoc": 48.9, "ZendLoc": 0.9, "Goal": 0}, "9": {"XdistToGoal": 24.299999999999997, "YdistToGoal": 14.399999999999999, "Head": 0, "LeftFoot": 0, "RightFoot": 0, "OtherBodyPart": 1, "YendLoc": 47.1, "ZendLoc": 5.6, "Goal": 0}, "10": {"XdistToGoal": 15.400000000000006, "YdistToGoal": 5.100000000000001, "Head": 1, "LeftFoot": 0, "RightFoot": 0, "OtherBodyPart": 0, "YendLoc": 24.5, "ZendLoc": 24.5, "Goal": 0}, "11": {"XdistToGoal": 13.400000000000006, "YdistToGoal": 12.399999999999999, "Head": 0, "LeftFoot": 0, "RightFoot": 0, "OtherBodyPart": 1, "YendLoc": 28.9, "ZendLoc": 1.1, "Goal": 0}, "12": {"XdistToGoal": 7.0, "YdistToGoal": 6.799999999999997, "Head": 0, "LeftFoot": 0, "RightFoot": 0, "OtherBodyPart": 1, "YendLoc": 41.3, "ZendLoc": 5.2, "Goal": 0}, "13": {"XdistToGoal": 12.099999999999994, "YdistToGoal": 8.299999999999997, "Head": 0, "LeftFoot": 0, "RightFoot": 0, "OtherBodyPart": 1, "YendLoc": 44.8, "ZendLoc": 44.8, "Goal": 0}, "14": {"XdistToGoal": 14.799999999999997, "YdistToGoal": 8.100000000000001, "Head": 0, "LeftFoot": 0, "RightFoot": 0, "OtherBodyPart": 1, "YendLoc": 47.0, "ZendLoc": 47.0, "Goal": 0}, "15": {"XdistToGoal": 15.5, "YdistToGoal": 10.799999999999997, "Head": 0, "LeftFoot": 0, "RightFoot": 0, "OtherBodyPart": 1, "YendLoc": 44.7, "ZendLoc": 3.8, "Goal": 0}, "16": {"XdistToGoal": 16.5, "YdistToGoal": 6.799999999999997, "Head": 0, "LeftFoot": 0, "RightFoot": 0, "OtherBodyPart": 1, "YendLoc": 41.9, "ZendLoc": 0.2, "Goal": 0}, "17": {"XdistToGoal": 28.200000000000003, "YdistToGoal": 14.7, "Head": 0, "LeftFoot": 0, "RightFoot": 0, "OtherBodyPart": 1, "YendLoc": 54.7, "ZendLoc": 0.3, "Goal": 0}, "18": {"XdistToGoal": 11.5, "YdistToGoal": 10.3, "Head": 0, "LeftFoot": 0, "RightFoot": 0, "OtherBodyPart": 1, "YendLoc": 46.3, "ZendLoc": 0.0, "Goal": 0}, "19": {"XdistToGoal": 20.0, "YdistToGoal": 4.799999999999997, "Head": 0, "LeftFoot": 0, "RightFoot": 0, "OtherBodyPart": 1, "YendLoc": 40.0, "ZendLoc": 0.9, "Goal": 0}, "20": {"XdistToGoal": 26.5, "YdistToGoal": 6.0, "Head": 0, "LeftFoot": 0, "RightFoot": 0, "OtherBodyPart": 1, "YendLoc": 45.4, "ZendLoc": 0.4, "Goal": 0}, "21": {"XdistToGoal": 32.900000000000006, "YdistToGoal": 2.799999999999997, "Head": 0, "LeftFoot": 0, "RightFoot": 0, "OtherBodyPart": 1, "YendLoc": 43.6, "ZendLoc": 0.2, "Goal": 0}, "22": {"XdistToGoal": 1.7999999999999972, "YdistToGoal": 4.0, "Head": 0, "LeftFoot": 0, "RightFoot": 0, "OtherBodyPart": 1, "YendLoc": 37.2, "ZendLoc": 2.4, "Goal": 1}, "23": {"XdistToGoal": 14.200000000000003, "YdistToGoal": 22.1, "Head": 0, "LeftFoot": 0, "RightFoot": 0, "OtherBodyPart": 1, "YendLoc": 43.9, "ZendLoc": 6.0, "Goal": 0}, "24": {"XdistToGoal": 16.700000000000003, "YdistToGoal": 3.0, "Head": 0, "LeftFoot": 0, "RightFoot": 0, "OtherBodyPart": 1, "YendLoc": 43.0, "ZendLoc": 0.0, "Goal": 1}}