{"0": {"XdistToGoal": 7.200000000000003, "YdistToGoal": 6.299999999999997, "Head": 0, "LeftFoot": 0, "RightFoot": 0, "OtherBodyPart": 1, "YendLoc": 35.4, "ZendLoc": 35.4, "Goal": 0}, "1": {"XdistToGoal": 26.299999999999997, "YdistToGoal": 13.3, "Head": 0, "LeftFoot": 0, "RightFoot": 0, "OtherBodyPart": 1, "YendLoc": 38.6, "ZendLoc": 0.1, "Goal": 0}, "2": {"XdistToGoal": 26.299999999999997, "YdistToGoal": 3.6000000000000014, "Head": 0, "LeftFoot": 0, "RightFoot": 0, "OtherBodyPart": 1, "YendLoc": 36.7, "ZendLoc": 36.7, "Goal": 0}, "3": {"XdistToGoal": 19.599999999999994, "YdistToGoal": 8.5, "Head": 0, "LeftFoot": 0, "RightFoot": 0, "OtherBodyPart": 1, "YendLoc": 47.5, "ZendLoc": 47.5, "Goal": 0}, "4": {"XdistToGoal": 16.900000000000006, "YdistToGoal": 3.6000000000000014, "Head": 0, "LeftFoot": 0, "RightFoot": 0, "OtherBodyPart": 1, "YendLoc": 36.7, "ZendLoc": 36.7, "Goal": 0}, "5": {"XdistToGoal": 10.5, "YdistToGoal": 1.6000000000000014, "Head": 0, "LeftFoot": 0, "RightFoot": 0, "OtherBodyPart": 1, "YendLoc": 39.1, "ZendLoc": 0.9, "Goal": 0}, "6": {"XdistToGoal": 11.099999999999994, "YdistToGoal": 3.1000000000000014, "Head": 0, "LeftFoot": 0, "RightFoot": 0, "OtherBodyPart": 1, "YendLoc": 35.3, "ZendLoc": 0.2, "Goal": 0}, "7": {"XdistToGoal": 11.5, "YdistToGoal": 2.8999999999999986, "Head": 1, "LeftFoot": 0, "RightFoot": 0, "OtherBodyPart": 0, "YendLoc": 34.8, "ZendLoc": 34.8, "Goal": 0}, "8": {"XdistToGoal": 11.299999999999997, "YdistToGoal": 6.100000000000001, "Head": 1, "LeftFoot": 0, "RightFoot": 0, "OtherBodyPart": 0, "YendLoc": 37.6, "ZendLoc": 0.6, "Goal": 0}, "9": {"XdistToGoal": 9.599999999999994, "YdistToGoal": 4.899999999999999, "Head": 0, "LeftFoot": 0, "RightFoot": 0, "OtherBodyPart": 1, "YendLoc": 44.6, "ZendLoc": 44.6, "Goal": 0}, "10": {"XdistToGoal": 30.599999999999994, "YdistToGoal": 11.899999999999999, "Head": 0, "LeftFoot": 0, "RightFoot": 0, "OtherBodyPart": 1, "YendLoc": 41.2, "ZendLoc": 2.3, "Goal": 0}, "11": {"XdistToGoal": 30.599999999999994, "YdistToGoal": 9.700000000000003, "Head": 0, "LeftFoot": 0, "RightFoot": 0, "OtherBodyPart": 1, "YendLoc": 44.0, "ZendLoc": 4.0, "Goal": 0}, "12": {"XdistToGoal": 23.200000000000003, "YdistToGoal": 15.399999999999999, "Head": 0, "LeftFoot": 0, "RightFoot": 0, "OtherBodyPart": 1, "YendLoc": 42.1, "ZendLoc": 0.2, "Goal": 0}, "13": {"XdistToGoal": 7.700000000000003, "YdistToGoal": 1.0, "Head": 0, "LeftFoot": 0, "RightFoot": 0, "OtherBodyPart": 1, "YendLoc": 41.9, "ZendLoc": 4.1, "Goal": 0}, "14": {"XdistToGoal": 34.5, "YdistToGoal": 4.399999999999999, "Head": 0, "LeftFoot": 0, "RightFoot": 0, "OtherBodyPart": 1, "YendLoc": 42.5, "ZendLoc": 1.6, "Goal": 0}, "15": {"XdistToGoal": 13.900000000000006, "YdistToGoal": 1.0, "Head": 0, "LeftFoot": 0, "RightFoot": 0, "OtherBodyPart": 1, "YendLoc": 39.3, "ZendLoc": 1.2, "Goal": 0}, "16": {"XdistToGoal": 11.900000000000006, "YdistToGoal": 0.10000000000000142, "Head": 0, "LeftFoot": 0, "RightFoot": 0, "OtherBodyPart": 1, "YendLoc": 38.0, "ZendLoc": 0.2, "Goal": 1}, "17": {"XdistToGoal": 25.700000000000003, "YdistToGoal": 0.3999999999999986, "Head": 0, "LeftFoot": 0, "RightFoot": 0, "OtherBodyPart": 1, "YendLoc": 44.9, "ZendLoc": 3.8, "Goal": 0}, "18": {"XdistToGoal": 4.799999999999997, "YdistToGoal": 3.200000000000003, "Head": 0, "LeftFoot": 0, "RightFoot": 0, "OtherBodyPart": 1, "YendLoc": 37.0, "ZendLoc": 0.2, "Goal": 1}, "19": {"XdistToGoal": 15.900000000000006, "YdistToGoal": 16.3, "Head": 0, "LeftFoot": 0, "RightFoot": 0, "OtherBodyPart": 1, "YendLoc": 36.7, "ZendLoc": 2.8, "Goal": 0}, "20": {"XdistToGoal": 14.0, "YdistToGoal": 3.200000000000003, "Head": 0, "LeftFoot": 0, "RightFoot": 0, "OtherBodyPart": 1, "YendLoc": 35.3, "ZendLoc": 3.7, "Goal": 0}, "21": {"XdistToGoal": 9.099999999999994, "YdistToGoal": 11.899999999999999, "Head": 0, "LeftFoot": 0, "RightFoot": 0, "OtherBodyPart": 1, "YendLoc": 36.1, "ZendLoc": 1.4, "Goal": 0}, "22": {"XdistToGoal": 6.599999999999994, "YdistToGoal": 3.3999999999999986, "Head": 1, "LeftFoot": 0, "RightFoot": 0, "OtherBodyPart": 0, "YendLoc": 42.7, "ZendLoc": 42.7, "Goal": 0}, "23": {"XdistToGoal": 30.0, "YdistToGoal": 11.299999999999997, "Head": 0, "LeftFoot": 0, "RightFoot": 0, "OtherBodyPart": 1, "YendLoc": 39.6, "ZendLoc": 39.6, "Goal": 0}, "24": {"XdistToGoal": 22.400000000000006, "YdistToGoal": 11.200000000000003, "Head": 0, "LeftFoot": 0, "RightFoot": 0, "OtherBodyPart": 1, "YendLoc": 43.3, "ZendLoc": 0.5, "Goal": 1}, "25": {"XdistToGoal": 10.900000000000006, "YdistToGoal": 8.600000000000001, "Head": 0, "LeftFoot": 0, "RightFoot": 0, "OtherBodyPart": 1, "YendLoc": 42.2, "ZendLoc": 3.7, "Goal": 0}, "26": {"XdistToGoal": 16.299999999999997, "YdistToGoal": 8.0, "Head": 0, "LeftFoot": 0, "RightFoot": 0, "OtherBodyPart": 1, "YendLoc": 34.8, "ZendLoc": 1.2, "Goal": 0}, "27": {"XdistToGoal": 18.799999999999997, "YdistToGoal": 4.399999999999999, "Head": 0, "LeftFoot": 0, "RightFoot": 0, "OtherBodyPart": 1, "YendLoc": 43.7, "ZendLoc": 43.7, "Goal": 0}}