{"0": {"XdistToGoal": 45.099999999999994, "YdistToGoal": 4.600000000000001, "Head": 0, "LeftFoot": 0, "RightFoot": 0, "OtherBodyPart": 1, "YendLoc": 43.9, "ZendLoc": 43.9, "Goal": 0}, "1": {"XdistToGoal": 18.599999999999994, "YdistToGoal": 9.899999999999999, "Head": 0, "LeftFoot": 0, "RightFoot": 0, "OtherBodyPart": 1, "YendLoc": 43.5, "ZendLoc": 0.2, "Goal": 1}, "2": {"XdistToGoal": 15.700000000000003, "YdistToGoal": 2.5, "Head": 0, "LeftFoot": 0, "RightFoot": 0, "OtherBodyPart": 1, "YendLoc": 39.5, "ZendLoc": 0.2, "Goal": 0}, "3": {"XdistToGoal": 21.400000000000006, "YdistToGoal": 3.3999999999999986, "Head": 0, "LeftFoot": 0, "RightFoot": 0, "OtherBodyPart": 1, "YendLoc": 32.7, "ZendLoc": 32.7, "Goal": 0}, "4": {"XdistToGoal": 31.400000000000006, "YdistToGoal": 14.600000000000001, "Head": 0, "LeftFoot": 0, "RightFoot": 0, "OtherBodyPart": 1, "YendLoc": 37.3, "ZendLoc": 3.5, "Goal": 0}, "5": {"XdistToGoal": 28.5, "YdistToGoal": 7.200000000000003, "Head": 0, "LeftFoot": 0, "RightFoot": 0, "OtherBodyPart": 1, "YendLoc": 45.9, "ZendLoc": 45.9, "Goal": 0}, "6": {"XdistToGoal": 13.099999999999994, "YdistToGoal": 11.399999999999999, "Head": 0, "LeftFoot": 0, "RightFoot": 0, "OtherBodyPart": 1, "YendLoc": 37.5, "ZendLoc": 0.5, "Goal": 0}, "7": {"XdistToGoal": 33.599999999999994, "YdistToGoal": 2.1000000000000014, "Head": 0, "LeftFoot": 0, "RightFoot": 0, "OtherBodyPart": 1, "YendLoc": 46.4, "ZendLoc": 0.1, "Goal": 0}, "8": {"XdistToGoal": 26.599999999999994, "YdistToGoal": 5.700000000000003, "Head": 0, "LeftFoot": 0, "RightFoot": 0, "OtherBodyPart": 1, "YendLoc": 36.9, "ZendLoc": 3.4, "Goal": 0}, "9": {"XdistToGoal": 6.900000000000006, "YdistToGoal": 9.100000000000001, "Head": 0, "LeftFoot": 0, "RightFoot": 0, "OtherBodyPart": 1, "YendLoc": 49.1, "ZendLoc": 0.2, "Goal": 0}, "10": {"XdistToGoal": 21.200000000000003, "YdistToGoal": 11.299999999999997, "Head": 0, "LeftFoot": 0, "RightFoot": 0, "OtherBodyPart": 1, "YendLoc": 50.6, "ZendLoc": 50.6, "Goal": 0}, "11": {"XdistToGoal": 13.799999999999997, "YdistToGoal": 0.3999999999999986, "Head": 0, "LeftFoot": 0, "RightFoot": 0, "OtherBodyPart": 1, "YendLoc": 40.3, "ZendLoc": 0.3, "Goal": 0}, "12": {"XdistToGoal": 12.799999999999997, "YdistToGoal": 0.29999999999999716, "Head": 1, "LeftFoot": 0, "RightFoot": 0, "OtherBodyPart": 0, "YendLoc": 38.8, "ZendLoc": 1.6, "Goal": 0}, "13": {"XdistToGoal": 14.0, "YdistToGoal": 10.399999999999999, "Head": 0, "LeftFoot": 0, "RightFoot": 0, "OtherBodyPart": 1, "YendLoc": 41.6, "ZendLoc": 0.3, "Goal": 0}, "14": {"XdistToGoal": 5.900000000000006, "YdistToGoal": 0.8999999999999986, "Head": 1, "LeftFoot": 0, "RightFoot": 0, "OtherBodyPart": 0, "YendLoc": 33.8, "ZendLoc": 1.7, "Goal": 0}, "15": {"XdistToGoal": 12.5, "YdistToGoal": 16.1, "Head": 0, "LeftFoot": 0, "RightFoot": 0, "OtherBodyPart": 1, "YendLoc": 39.1, "ZendLoc": 0.9, "Goal": 0}, "16": {"XdistToGoal": 18.200000000000003, "YdistToGoal": 9.700000000000003, "Head": 0, "LeftFoot": 0, "RightFoot": 0, "OtherBodyPart": 1, "YendLoc": 47.5, "ZendLoc": 1.4, "Goal": 0}, "17": {"XdistToGoal": 26.299999999999997, "YdistToGoal": 11.799999999999997, "Head": 0, "LeftFoot": 0, "RightFoot": 0, "OtherBodyPart": 1, "YendLoc": 49.5, "ZendLoc": 49.5, "Goal": 0}, "18": {"XdistToGoal": 31.0, "YdistToGoal": 1.6000000000000014, "Head": 0, "LeftFoot": 0, "RightFoot": 0, "OtherBodyPart": 1, "YendLoc": 41.4, "ZendLoc": 41.4, "Goal": 0}, "19": {"XdistToGoal": 12.099999999999994, "YdistToGoal": 2.700000000000003, "Head": 0, "LeftFoot": 0, "RightFoot": 0, "OtherBodyPart": 1, "YendLoc": 41.0, "ZendLoc": 0.2, "Goal": 0}, "20": {"XdistToGoal": 30.700000000000003, "YdistToGoal": 3.8999999999999986, "Head": 0, "LeftFoot": 0, "RightFoot": 0, "OtherBodyPart": 1, "YendLoc": 43.9, "ZendLoc": 43.9, "Goal": 0}, "21": {"XdistToGoal": 18.200000000000003, "YdistToGoal": 1.7000000000000028, "Head": 0, "LeftFoot": 0, "RightFoot": 0, "OtherBodyPart": 1, "YendLoc": 41.2, "ZendLoc": 0.4, "Goal": 0}, "22": {"XdistToGoal": 1.0999999999999943, "YdistToGoal": 9.600000000000001, "Head": 0, "LeftFoot": 0, "RightFoot": 0, "OtherBodyPart": 1, "YendLoc": 34.8, "ZendLoc": 1.2, "Goal": 0}, "23": {"XdistToGoal": 8.700000000000003, "YdistToGoal": 2.5, "Head": 0, "LeftFoot": 0, "RightFoot": 0, "OtherBodyPart": 1, "YendLoc": 50.3, "ZendLoc": 0.6, "Goal": 0}, "24": {"XdistToGoal": 14.799999999999997, "YdistToGoal": 17.0, "Head": 0, "LeftFoot": 0, "RightFoot": 0, "OtherBodyPart": 1, "YendLoc": 45.4, "ZendLoc": 3.8, "Goal": 0}, "25": {"XdistToGoal": 31.299999999999997, "YdistToGoal": 2.5, "Head": 0, "LeftFoot": 0, "RightFoot": 0, "OtherBodyPart": 1, "YendLoc": 42.7, "ZendLoc": 42.7, "Goal": 0}, "26": {"XdistToGoal": 24.5, "YdistToGoal": 5.100000000000001, "Head": 0, "LeftFoot": 0, "RightFoot": 0, "OtherBodyPart": 1, "YendLoc": 31.1, "ZendLoc": 0.8, "Goal": 0}, "27": {"XdistToGoal": 7.5, "YdistToGoal": 4.299999999999997, "Head": 1, "LeftFoot": 0, "RightFoot": 0, "OtherBodyPart": 0, "YendLoc": 45.7, "ZendLoc": 1.6, "Goal": 0}, "28": {"XdistToGoal": 16.5, "YdistToGoal": 11.600000000000001, "Head": 0, "LeftFoot": 0, "RightFoot": 0, "OtherBodyPart": 1, "YendLoc": 35.4, "ZendLoc": 3.4, "Goal": 0}, "29": {"XdistToGoal": 8.5, "YdistToGoal": 2.799999999999997, "Head": 1, "LeftFoot": 0, "RightFoot": 0, "OtherBodyPart": 0, "YendLoc": 40.5, "ZendLoc": 40.5, "Goal": 0}, "30": {"XdistToGoal": 8.299999999999997, "YdistToGoal": 1.3999999999999986, "Head": 1, "LeftFoot": 0, "RightFoot": 0, "OtherBodyPart": 0, "YendLoc": 37.1, "ZendLoc": 37.1, "Goal": 0}, "31": {"XdistToGoal": 17.5, "YdistToGoal": 0.0, "Head": 0, "LeftFoot": 0, "RightFoot": 0, "OtherBodyPart": 1, "YendLoc": 40.2, "ZendLoc": 1.5, "Goal": 0}, "32": {"XdistToGoal": 15.900000000000006, "YdistToGoal": 7.600000000000001, "Head": 0, "LeftFoot": 0, "RightFoot": 0, "OtherBodyPart": 1, "YendLoc": 45.5, "ZendLoc": 0.4, "Goal": 0}}