{"0": {"XdistToGoal": 16.099999999999994, "YdistToGoal": 14.3, "Head": 0, "LeftFoot": 0, "RightFoot": 0, "OtherBodyPart": 1, "YendLoc": 27.2, "ZendLoc": 27.2, "Goal": 0}, "1": {"XdistToGoal": 2.700000000000003, "YdistToGoal": 2.799999999999997, "Head": 0, "LeftFoot": 0, "RightFoot": 0, "OtherBodyPart": 1, "YendLoc": 33.0, "ZendLoc": 1.9, "Goal": 0}, "2": {"XdistToGoal": 30.599999999999994, "YdistToGoal": 4.299999999999997, "Head": 0, "LeftFoot": 0, "RightFoot": 0, "OtherBodyPart": 1, "YendLoc": 34.7, "ZendLoc": 0.2, "Goal": 0}, "3": {"XdistToGoal": 8.5, "YdistToGoal": 7.299999999999997, "Head": 0, "LeftFoot": 0, "RightFoot": 0, "OtherBodyPart": 1, "YendLoc": 43.5, "ZendLoc": 0.2, "Goal": 1}, "4": {"XdistToGoal": 9.599999999999994, "YdistToGoal": 11.0, "Head": 0, "LeftFoot": 0, "RightFoot": 0, "OtherBodyPart": 1, "YendLoc": 49.5, "ZendLoc": 49.5, "Goal": 0}, "5": {"XdistToGoal": 16.400000000000006, "YdistToGoal": 16.0, "Head": 0, "LeftFoot": 0, "RightFoot": 0, "OtherBodyPart": 1, "YendLoc": 41.2, "ZendLoc": 0.2, "Goal": 0}, "6": {"XdistToGoal": 4.599999999999994, "YdistToGoal": 10.899999999999999, "Head": 0, "LeftFoot": 0, "RightFoot": 0, "OtherBodyPart": 1, "YendLoc": 26.0, "ZendLoc": 0.5, "Goal": 0}, "7": {"XdistToGoal": 8.5, "YdistToGoal": 12.399999999999999, "Head": 0, "LeftFoot": 0, "RightFoot": 0, "OtherBodyPart": 1, "YendLoc": 36.1, "ZendLoc": 0.9, "Goal": 0}, "8": {"XdistToGoal": 3.0999999999999943, "YdistToGoal": 3.299999999999997, "Head": 1, "LeftFoot": 0, "RightFoot": 0, "OtherBodyPart": 0, "YendLoc": 34.5, "ZendLoc": 6.1, "Goal": 0}, "9": {"XdistToGoal": 29.099999999999994, "YdistToGoal": 4.299999999999997, "Head": 0, "LeftFoot": 0, "RightFoot": 0, "OtherBodyPart": 1, "YendLoc": 45.1, "ZendLoc": 1.3, "Goal": 0}, "10": {"XdistToGoal": 18.599999999999994, "YdistToGoal": 1.7000000000000028, "Head": 0, "LeftFoot": 0, "RightFoot": 0, "OtherBodyPart": 1, "YendLoc": 40.7, "ZendLoc": 40.7, "Goal": 0}, "11": {"XdistToGoal": 15.299999999999997, "YdistToGoal": 15.299999999999997, "Head": 0, "LeftFoot": 0, "RightFoot": 0, "OtherBodyPart": 1, "YendLoc": 54.0, "ZendLoc": 54.0, "Goal": 0}, "12": {"XdistToGoal": 7.099999999999994, "YdistToGoal": 3.3999999999999986, "Head": 0, "LeftFoot": 0, "RightFoot": 0, "OtherBodyPart": 1, "YendLoc": 42.4, "ZendLoc": 42.4, "Goal": 0}, "13": {"XdistToGoal": 18.599999999999994, "YdistToGoal": 4.700000000000003, "Head": 0, "LeftFoot": 0, "RightFoot": 0, "OtherBodyPart": 1, "YendLoc": 25.7, "ZendLoc": 3.1, "Goal": 0}, "14": {"XdistToGoal": 14.799999999999997, "YdistToGoal": 5.0, "Head": 0, "LeftFoot": 0, "RightFoot": 0, "OtherBodyPart": 1, "YendLoc": 38.5, "ZendLoc": 0.3, "Goal": 1}, "15": {"XdistToGoal": 9.400000000000006, "YdistToGoal": 3.299999999999997, "Head": 0, "LeftFoot": 0, "RightFoot": 0, "OtherBodyPart": 1, "YendLoc": 32.7, "ZendLoc": 3.9, "Goal": 0}, "16": {"XdistToGoal": 4.900000000000006, "YdistToGoal": 5.600000000000001, "Head": 1, "LeftFoot": 0, "RightFoot": 0, "OtherBodyPart": 0, "YendLoc": 46.0, "ZendLoc": 4.1, "Goal": 0}, "17": {"XdistToGoal": 16.900000000000006, "YdistToGoal": 13.799999999999997, "Head": 0, "LeftFoot": 0, "RightFoot": 0, "OtherBodyPart": 1, "YendLoc": 35.3, "ZendLoc": 6.4, "Goal": 0}, "18": {"XdistToGoal": 15.900000000000006, "YdistToGoal": 13.700000000000003, "Head": 0, "LeftFoot": 0, "RightFoot": 0, "OtherBodyPart": 1, "YendLoc": 40.2, "ZendLoc": 1.8, "Goal": 0}, "19": {"XdistToGoal": 7.900000000000006, "YdistToGoal": 8.7, "Head": 0, "LeftFoot": 0, "RightFoot": 0, "OtherBodyPart": 1, "YendLoc": 36.1, "ZendLoc": 6.4, "Goal": 0}, "20": {"XdistToGoal": 16.5, "YdistToGoal": 4.0, "Head": 0, "LeftFoot": 0, "RightFoot": 0, "OtherBodyPart": 1, "YendLoc": 37.4, "ZendLoc": 0.5, "Goal": 1}, "21": {"XdistToGoal": 26.299999999999997, "YdistToGoal": 9.299999999999997, "Head": 0, "LeftFoot": 0, "RightFoot": 0, "OtherBodyPart": 1, "YendLoc": 37.7, "ZendLoc": 0.4, "Goal": 1}, "22": {"XdistToGoal": 17.900000000000006, "YdistToGoal": 4.299999999999997, "Head": 0, "LeftFoot": 0, "RightFoot": 0, "OtherBodyPart": 1, "YendLoc": 37.7, "ZendLoc": 0.5, "Goal": 1}, "23": {"XdistToGoal": 13.400000000000006, "YdistToGoal": 16.799999999999997, "Head": 0, "LeftFoot": 0, "RightFoot": 0, "OtherBodyPart": 1, "YendLoc": 36.4, "ZendLoc": 6.6, "Goal": 0}}