{"0": {"XdistToGoal": 11.900000000000006, "YdistToGoal": 4.200000000000003, "Head": 0, "LeftFoot": 0, "RightFoot": 0, "OtherBodyPart": 1, "YendLoc": 45.5, "ZendLoc": 7.1, "Goal": 0}, "1": {"XdistToGoal": 10.299999999999997, "YdistToGoal": 9.700000000000003, "Head": 0, "LeftFoot": 0, "RightFoot": 0, "OtherBodyPart": 1, "YendLoc": 42.2, "ZendLoc": 42.2, "Goal": 0}, "2": {"XdistToGoal": 4.299999999999997, "YdistToGoal": 10.600000000000001, "Head": 0, "LeftFoot": 0, "RightFoot": 0, "OtherBodyPart": 1, "YendLoc": 44.7, "ZendLoc": 0.1, "Goal": 0}, "3": {"XdistToGoal": 29.799999999999997, "YdistToGoal": 0.8999999999999986, "Head": 0, "LeftFoot": 0, "RightFoot": 0, "OtherBodyPart": 1, "YendLoc": 39.0, "ZendLoc": 39.0, "Goal": 0}, "4": {"XdistToGoal": 17.200000000000003, "YdistToGoal": 13.0, "Head": 0, "LeftFoot": 0, "RightFoot": 0, "OtherBodyPart": 1, "YendLoc": 36.2, "ZendLoc": 6.1, "Goal": 0}, "5": {"XdistToGoal": 25.299999999999997, "YdistToGoal": 7.799999999999997, "Head": 0, "LeftFoot": 0, "RightFoot": 0, "OtherBodyPart": 1, "YendLoc": 47.5, "ZendLoc": 47.5, "Goal": 0}, "6": {"XdistToGoal": 18.700000000000003, "YdistToGoal": 9.399999999999999, "Head": 0, "LeftFoot": 0, "RightFoot": 0, "OtherBodyPart": 1, "YendLoc": 39.2, "ZendLoc": 1.7, "Goal": 0}, "7": {"XdistToGoal": 10.400000000000006, "YdistToGoal": 13.600000000000001, "Head": 0, "LeftFoot": 0, "RightFoot": 0, "OtherBodyPart": 1, "YendLoc": 44.3, "ZendLoc": 1.7, "Goal": 0}, "8": {"XdistToGoal": 6.099999999999994, "YdistToGoal": 7.200000000000003, "Head": 1, "LeftFoot": 0, "RightFoot": 0, "OtherBodyPart": 0, "YendLoc": 36.6, "ZendLoc": 0.8, "Goal": 0}, "9": {"XdistToGoal": 16.700000000000003, "YdistToGoal": 0.10000000000000142, "Head": 0, "LeftFoot": 0, "RightFoot": 0, "OtherBodyPart": 1, "YendLoc": 33.8, "ZendLoc": 0.2, "Goal": 0}, "10": {"XdistToGoal": 20.799999999999997, "YdistToGoal": 9.5, "Head": 0, "LeftFoot": 0, "RightFoot": 0, "OtherBodyPart": 1, "YendLoc": 37.5, "ZendLoc": 7.1, "Goal": 0}, "11": {"XdistToGoal": 7.200000000000003, "YdistToGoal": 5.299999999999997, "Head": 1, "LeftFoot": 0, "RightFoot": 0, "OtherBodyPart": 0, "YendLoc": 47.3, "ZendLoc": 0.7, "Goal": 0}, "12": {"XdistToGoal": 25.5, "YdistToGoal": 17.3, "Head": 0, "LeftFoot": 0, "RightFoot": 0, "OtherBodyPart": 1, "YendLoc": 38.1, "ZendLoc": 2.2, "Goal": 0}, "13": {"XdistToGoal": 13.299999999999997, "YdistToGoal": 12.399999999999999, "Head": 0, "LeftFoot": 0, "RightFoot": 0, "OtherBodyPart": 1, "YendLoc": 30.3, "ZendLoc": 0.2, "Goal": 0}, "14": {"XdistToGoal": 11.900000000000006, "YdistToGoal": 0.20000000000000284, "Head": 0, "LeftFoot": 0, "RightFoot": 0, "OtherBodyPart": 1, "YendLoc": 36.8, "ZendLoc": 0.2, "Goal": 1}, "15": {"XdistToGoal": 21.200000000000003, "YdistToGoal": 3.8999999999999986, "Head": 0, "LeftFoot": 0, "RightFoot": 0, "OtherBodyPart": 1, "YendLoc": 36.2, "ZendLoc": 36.2, "Goal": 0}, "16": {"XdistToGoal": 11.900000000000006, "YdistToGoal": 3.6000000000000014, "Head": 0, "LeftFoot": 0, "RightFoot": 0, "OtherBodyPart": 1, "YendLoc": 36.6, "ZendLoc": 36.6, "Goal": 0}, "17": {"XdistToGoal": 16.5, "YdistToGoal": 12.0, "Head": 0, "LeftFoot": 0, "RightFoot": 0, "OtherBodyPart": 1, "YendLoc": 34.6, "ZendLoc": 4.4, "Goal": 0}, "18": {"XdistToGoal": 17.0, "YdistToGoal": 9.899999999999999, "Head": 0, "LeftFoot": 0, "RightFoot": 0, "OtherBodyPart": 1, "YendLoc": 39.3, "ZendLoc": 0.2, "Goal": 0}, "19": {"XdistToGoal": 11.0, "YdistToGoal": 6.299999999999997, "Head": 0, "LeftFoot": 0, "RightFoot": 0, "OtherBodyPart": 1, "YendLoc": 37.3, "ZendLoc": 2.1, "Goal": 0}, "20": {"XdistToGoal": 8.799999999999997, "YdistToGoal": 17.7, "Head": 0, "LeftFoot": 0, "RightFoot": 0, "OtherBodyPart": 1, "YendLoc": 23.2, "ZendLoc": 23.2, "Goal": 0}}