{"0": {"XdistToGoal": 12.0, "YdistToGoal": 0.10000000000000142, "Head": 0, "LeftFoot": 0, "RightFoot": 0, "OtherBodyPart": 1, "YendLoc": 42.8, "ZendLoc": 2.4, "Goal": 1}, "1": {"XdistToGoal": 11.200000000000003, "YdistToGoal": 3.299999999999997, "Head": 1, "LeftFoot": 0, "RightFoot": 0, "OtherBodyPart": 0, "YendLoc": 38.5, "ZendLoc": 38.5, "Goal": 0}, "2": {"XdistToGoal": 20.0, "YdistToGoal": 3.1000000000000014, "Head": 0, "LeftFoot": 0, "RightFoot": 0, "OtherBodyPart": 1, "YendLoc": 37.3, "ZendLoc": 3.8, "Goal": 0}, "3": {"XdistToGoal": 32.900000000000006, "YdistToGoal": 7.100000000000001, "Head": 0, "LeftFoot": 0, "RightFoot": 0, "OtherBodyPart": 1, "YendLoc": 43.4, "ZendLoc": 3.2, "Goal": 0}, "4": {"XdistToGoal": 11.700000000000003, "YdistToGoal": 3.200000000000003, "Head": 0, "LeftFoot": 0, "RightFoot": 0, "OtherBodyPart": 1, "YendLoc": 44.9, "ZendLoc": 0.6, "Goal": 0}, "5": {"XdistToGoal": 28.400000000000006, "YdistToGoal": 21.4, "Head": 0, "LeftFoot": 0, "RightFoot": 0, "OtherBodyPart": 1, "YendLoc": 46.7, "ZendLoc": 3.1, "Goal": 0}, "6": {"XdistToGoal": 8.700000000000003, "YdistToGoal": 9.899999999999999, "Head": 0, "LeftFoot": 0, "RightFoot": 0, "OtherBodyPart": 1, "YendLoc": 34.8, "ZendLoc": 2.0, "Goal": 0}, "7": {"XdistToGoal": 9.200000000000003, "YdistToGoal": 4.200000000000003, "Head": 1, "LeftFoot": 0, "RightFoot": 0, "OtherBodyPart": 0, "YendLoc": 41.6, "ZendLoc": 2.1, "Goal": 0}, "8": {"XdistToGoal": 34.5, "YdistToGoal": 1.3999999999999986, "Head": 0, "LeftFoot": 0, "RightFoot": 0, "OtherBodyPart": 1, "YendLoc": 24.6, "ZendLoc": 0.1, "Goal": 0}, "9": {"XdistToGoal": 23.700000000000003, "YdistToGoal": 5.299999999999997, "Head": 0, "LeftFoot": 0, "RightFoot": 0, "OtherBodyPart": 1, "YendLoc": 43.7, "ZendLoc": 2.4, "Goal": 1}, "10": {"XdistToGoal": 28.099999999999994, "YdistToGoal": 4.100000000000001, "Head": 0, "LeftFoot": 0, "RightFoot": 0, "OtherBodyPart": 1, "YendLoc": 42.5, "ZendLoc": 1.8, "Goal": 0}, "11": {"XdistToGoal": 19.700000000000003, "YdistToGoal": 14.399999999999999, "Head": 0, "LeftFoot": 0, "RightFoot": 0, "OtherBodyPart": 1, "YendLoc": 53.1, "ZendLoc": 53.1, "Goal": 0}, "12": {"XdistToGoal": 6.900000000000006, "YdistToGoal": 8.299999999999997, "Head": 1, "LeftFoot": 0, "RightFoot": 0, "OtherBodyPart": 0, "YendLoc": 45.4, "ZendLoc": 3.5, "Goal": 0}, "13": {"XdistToGoal": 22.700000000000003, "YdistToGoal": 20.8, "Head": 0, "LeftFoot": 0, "RightFoot": 0, "OtherBodyPart": 1, "YendLoc": 21.8, "ZendLoc": 21.8, "Goal": 0}, "14": {"XdistToGoal": 21.400000000000006, "YdistToGoal": 19.7, "Head": 0, "LeftFoot": 0, "RightFoot": 0, "OtherBodyPart": 1, "YendLoc": 40.3, "ZendLoc": 5.4, "Goal": 0}, "15": {"XdistToGoal": 29.099999999999994, "YdistToGoal": 0.3999999999999986, "Head": 0, "LeftFoot": 0, "RightFoot": 0, "OtherBodyPart": 1, "YendLoc": 37.5, "ZendLoc": 0.4, "Goal": 0}, "16": {"XdistToGoal": 4.200000000000003, "YdistToGoal": 1.1000000000000014, "Head": 1, "LeftFoot": 0, "RightFoot": 0, "OtherBodyPart": 0, "YendLoc": 36.9, "ZendLoc": 2.0, "Goal": 1}, "17": {"XdistToGoal": 40.0, "YdistToGoal": 11.0, "Head": 0, "LeftFoot": 0, "RightFoot": 0, "OtherBodyPart": 1, "YendLoc": 38.2, "ZendLoc": 5.5, "Goal": 0}, "18": {"XdistToGoal": 23.299999999999997, "YdistToGoal": 6.399999999999999, "Head": 0, "LeftFoot": 0, "RightFoot": 0, "OtherBodyPart": 1, "YendLoc": 34.4, "ZendLoc": 34.4, "Goal": 0}, "19": {"XdistToGoal": 15.200000000000003, "YdistToGoal": 26.4, "Head": 0, "LeftFoot": 0, "RightFoot": 0, "OtherBodyPart": 1, "YendLoc": 35.4, "ZendLoc": 3.5, "Goal": 0}, "20": {"XdistToGoal": 12.099999999999994, "YdistToGoal": 12.399999999999999, "Head": 0, "LeftFoot": 0, "RightFoot": 0, "OtherBodyPart": 1, "YendLoc": 35.5, "ZendLoc": 0.2, "Goal": 0}}