{"0": {"XdistToGoal": 33.099999999999994, "YdistToGoal": 1.6000000000000014, "Head": 0, "LeftFoot": 0, "RightFoot": 0, "OtherBodyPart": 1, "YendLoc": 40.1, "ZendLoc": 40.1, "Goal": 0}, "1": {"XdistToGoal": 4.099999999999994, "YdistToGoal": 5.299999999999997, "Head": 1, "LeftFoot": 0, "RightFoot": 0, "OtherBodyPart": 0, "YendLoc": 6.2, "ZendLoc": 6.2, "Goal": 0}, "2": {"XdistToGoal": 12.0, "YdistToGoal": 0.10000000000000142, "Head": 0, "LeftFoot": 0, "RightFoot": 0, "OtherBodyPart": 1, "YendLoc": 37.0, "ZendLoc": 2.4, "Goal": 1}, "3": {"XdistToGoal": 18.900000000000006, "YdistToGoal": 0.5, "Head": 0, "LeftFoot": 0, "RightFoot": 0, "OtherBodyPart": 1, "YendLoc": 35.1, "ZendLoc": 0.2, "Goal": 0}, "4": {"XdistToGoal": 7.400000000000006, "YdistToGoal": 1.7000000000000028, "Head": 0, "LeftFoot": 0, "RightFoot": 0, "OtherBodyPart": 1, "YendLoc": 42.4, "ZendLoc": 0.3, "Goal": 0}, "5": {"XdistToGoal": 6.900000000000006, "YdistToGoal": 14.799999999999997, "Head": 0, "LeftFoot": 0, "RightFoot": 0, "OtherBodyPart": 1, "YendLoc": 43.6, "ZendLoc": 1.1, "Goal": 0}, "6": {"XdistToGoal": 9.900000000000006, "YdistToGoal": 11.600000000000001, "Head": 0, "LeftFoot": 0, "RightFoot": 0, "OtherBodyPart": 1, "YendLoc": 37.2, "ZendLoc": 0.4, "Goal": 0}, "7": {"XdistToGoal": 16.799999999999997, "YdistToGoal": 5.399999999999999, "Head": 0, "LeftFoot": 0, "RightFoot": 0, "OtherBodyPart": 1, "YendLoc": 36.4, "ZendLoc": 0.3, "Goal": 0}, "8": {"XdistToGoal": 15.099999999999994, "YdistToGoal": 2.8999999999999986, "Head": 0, "LeftFoot": 0, "RightFoot": 0, "OtherBodyPart": 1, "YendLoc": 36.3, "ZendLoc": 1.1, "Goal": 1}, "9": {"XdistToGoal": 17.299999999999997, "YdistToGoal": 9.399999999999999, "Head": 0, "LeftFoot": 0, "RightFoot": 0, "OtherBodyPart": 1, "YendLoc": 35.4, "ZendLoc": 0.2, "Goal": 0}, "10": {"XdistToGoal": 7.799999999999997, "YdistToGoal": 0.7999999999999972, "Head": 1, "LeftFoot": 0, "RightFoot": 0, "OtherBodyPart": 0, "YendLoc": 51.5, "ZendLoc": 0.5, "Goal": 0}, "11": {"XdistToGoal": 29.099999999999994, "YdistToGoal": 4.399999999999999, "Head": 0, "LeftFoot": 0, "RightFoot": 0, "OtherBodyPart": 1, "YendLoc": 40.1, "ZendLoc": 4.4, "Goal": 0}, "12": {"XdistToGoal": 28.599999999999994, "YdistToGoal": 0.5, "Head": 0, "LeftFoot": 0, "RightFoot": 0, "OtherBodyPart": 1, "YendLoc": 40.6, "ZendLoc": 5.3, "Goal": 0}, "13": {"XdistToGoal": 5.400000000000006, "YdistToGoal": 7.100000000000001, "Head": 1, "LeftFoot": 0, "RightFoot": 0, "OtherBodyPart": 0, "YendLoc": 41.9, "ZendLoc": 4.9, "Goal": 0}, "14": {"XdistToGoal": 9.400000000000006, "YdistToGoal": 17.0, "Head": 0, "LeftFoot": 0, "RightFoot": 0, "OtherBodyPart": 1, "YendLoc": 43.2, "ZendLoc": 0.2, "Goal": 0}, "15": {"XdistToGoal": 5.900000000000006, "YdistToGoal": 4.200000000000003, "Head": 1, "LeftFoot": 0, "RightFoot": 0, "OtherBodyPart": 0, "YendLoc": 46.6, "ZendLoc": 46.6, "Goal": 0}, "16": {"XdistToGoal": 13.599999999999994, "YdistToGoal": 12.799999999999997, "Head": 0, "LeftFoot": 0, "RightFoot": 0, "OtherBodyPart": 1, "YendLoc": 51.8, "ZendLoc": 51.8, "Goal": 0}, "17": {"XdistToGoal": 26.700000000000003, "YdistToGoal": 17.299999999999997, "Head": 0, "LeftFoot": 0, "RightFoot": 0, "OtherBodyPart": 1, "YendLoc": 50.9, "ZendLoc": 50.9, "Goal": 0}, "18": {"XdistToGoal": 5.900000000000006, "YdistToGoal": 1.2999999999999972, "Head": 0, "LeftFoot": 0, "RightFoot": 0, "OtherBodyPart": 1, "YendLoc": 41.0, "ZendLoc": 1.5, "Goal": 0}, "19": {"XdistToGoal": 7.700000000000003, "YdistToGoal": 20.6, "Head": 0, "LeftFoot": 0, "RightFoot": 0, "OtherBodyPart": 1, "YendLoc": 36.9, "ZendLoc": 4.9, "Goal": 0}, "20": {"XdistToGoal": 7.299999999999997, "YdistToGoal": 5.0, "Head": 0, "LeftFoot": 0, "RightFoot": 0, "OtherBodyPart": 1, "YendLoc": 42.3, "ZendLoc": 2.4, "Goal": 1}, "21": {"XdistToGoal": 27.799999999999997, "YdistToGoal": 20.3, "Head": 0, "LeftFoot": 0, "RightFoot": 0, "OtherBodyPart": 1, "YendLoc": 33.8, "ZendLoc": 33.8, "Goal": 0}, "22": {"XdistToGoal": 16.400000000000006, "YdistToGoal": 16.4, "Head": 0, "LeftFoot": 0, "RightFoot": 0, "OtherBodyPart": 1, "YendLoc": 52.6, "ZendLoc": 52.6, "Goal": 0}, "23": {"XdistToGoal": 30.400000000000006, "YdistToGoal": 2.299999999999997, "Head": 0, "LeftFoot": 0, "RightFoot": 0, "OtherBodyPart": 1, "YendLoc": 34.3, "ZendLoc": 1.0, "Goal": 0}}