{"0": {"XdistToGoal": 6.700000000000003, "YdistToGoal": 1.0, "Head": 0, "LeftFoot": 0, "RightFoot": 0, "OtherBodyPart": 1, "YendLoc": 39.1, "ZendLoc": 0.2, "Goal": 0}, "1": {"XdistToGoal": 26.299999999999997, "YdistToGoal": 4.200000000000003, "Head": 0, "LeftFoot": 0, "RightFoot": 0, "OtherBodyPart": 1, "YendLoc": 45.1, "ZendLoc": 3.7, "Goal": 0}, "2": {"XdistToGoal": 6.099999999999994, "YdistToGoal": 1.2999999999999972, "Head": 1, "LeftFoot": 0, "RightFoot": 0, "OtherBodyPart": 0, "YendLoc": 36.7, "ZendLoc": 0.2, "Goal": 1}, "3": {"XdistToGoal": 26.599999999999994, "YdistToGoal": 30.5, "Head": 0, "LeftFoot": 0, "RightFoot": 0, "OtherBodyPart": 1, "YendLoc": 35.3, "ZendLoc": 2.9, "Goal": 0}, "4": {"XdistToGoal": 7.900000000000006, "YdistToGoal": 11.0, "Head": 0, "LeftFoot": 0, "RightFoot": 0, "OtherBodyPart": 1, "YendLoc": 37.8, "ZendLoc": 0.2, "Goal": 0}, "5": {"XdistToGoal": 5.900000000000006, "YdistToGoal": 0.6000000000000014, "Head": 0, "LeftFoot": 0, "RightFoot": 0, "OtherBodyPart": 1, "YendLoc": 38.9, "ZendLoc": 4.9, "Goal": 0}, "6": {"XdistToGoal": 6.400000000000006, "YdistToGoal": 1.8999999999999986, "Head": 0, "LeftFoot": 0, "RightFoot": 0, "OtherBodyPart": 1, "YendLoc": 41.8, "ZendLoc": 41.8, "Goal": 0}, "7": {"XdistToGoal": 11.799999999999997, "YdistToGoal": 3.8999999999999986, "Head": 0, "LeftFoot": 0, "RightFoot": 0, "OtherBodyPart": 1, "YendLoc": 42.2, "ZendLoc": 0.2, "Goal": 1}, "8": {"XdistToGoal": 7.5, "YdistToGoal": 0.3999999999999986, "Head": 0, "LeftFoot": 0, "RightFoot": 0, "OtherBodyPart": 1, "YendLoc": 80.0, "ZendLoc": 80.0, "Goal": 0}, "9": {"XdistToGoal": 16.599999999999994, "YdistToGoal": 5.700000000000003, "Head": 0, "LeftFoot": 0, "RightFoot": 0, "OtherBodyPart": 1, "YendLoc": 38.7, "ZendLoc": 4.2, "Goal": 0}, "10": {"XdistToGoal": 6.700000000000003, "YdistToGoal": 0.7000000000000028, "Head": 1, "LeftFoot": 0, "RightFoot": 0, "OtherBodyPart": 0, "YendLoc": 41.4, "ZendLoc": 0.5, "Goal": 1}, "11": {"XdistToGoal": 13.099999999999994, "YdistToGoal": 0.3999999999999986, "Head": 0, "LeftFoot": 0, "RightFoot": 0, "OtherBodyPart": 1, "YendLoc": 40.5, "ZendLoc": 1.3, "Goal": 0}, "12": {"XdistToGoal": 20.299999999999997, "YdistToGoal": 11.600000000000001, "Head": 0, "LeftFoot": 0, "RightFoot": 0, "OtherBodyPart": 1, "YendLoc": 31.0, "ZendLoc": 31.0, "Goal": 0}, "13": {"XdistToGoal": 25.599999999999994, "YdistToGoal": 1.8999999999999986, "Head": 0, "LeftFoot": 0, "RightFoot": 0, "OtherBodyPart": 1, "YendLoc": 40.4, "ZendLoc": 40.4, "Goal": 0}, "14": {"XdistToGoal": 12.200000000000003, "YdistToGoal": 23.8, "Head": 0, "LeftFoot": 0, "RightFoot": 0, "OtherBodyPart": 1, "YendLoc": 20.8, "ZendLoc": 20.8, "Goal": 0}, "15": {"XdistToGoal": 7.099999999999994, "YdistToGoal": 2.799999999999997, "Head": 1, "LeftFoot": 0, "RightFoot": 0, "OtherBodyPart": 0, "YendLoc": 41.8, "ZendLoc": 2.4, "Goal": 0}, "16": {"XdistToGoal": 6.5, "YdistToGoal": 4.0, "Head": 1, "LeftFoot": 0, "RightFoot": 0, "OtherBodyPart": 0, "YendLoc": 41.3, "ZendLoc": 4.9, "Goal": 0}, "17": {"XdistToGoal": 11.299999999999997, "YdistToGoal": 4.100000000000001, "Head": 1, "LeftFoot": 0, "RightFoot": 0, "OtherBodyPart": 0, "YendLoc": 40.2, "ZendLoc": 0.5, "Goal": 0}, "18": {"XdistToGoal": 1.2000000000000028, "YdistToGoal": 2.200000000000003, "Head": 0, "LeftFoot": 0, "RightFoot": 0, "OtherBodyPart": 1, "YendLoc": 41.5, "ZendLoc": 0.3, "Goal": 1}, "19": {"XdistToGoal": 12.299999999999997, "YdistToGoal": 2.1000000000000014, "Head": 0, "LeftFoot": 0, "RightFoot": 0, "OtherBodyPart": 1, "YendLoc": 32.8, "ZendLoc": 0.9, "Goal": 0}, "20": {"XdistToGoal": 11.5, "YdistToGoal": 6.399999999999999, "Head": 0, "LeftFoot": 0, "RightFoot": 0, "OtherBodyPart": 1, "YendLoc": 34.1, "ZendLoc": 34.1, "Goal": 0}, "21": {"XdistToGoal": 9.799999999999997, "YdistToGoal": 11.399999999999999, "Head": 0, "LeftFoot": 0, "RightFoot": 0, "OtherBodyPart": 1, "YendLoc": 34.6, "ZendLoc": 1.6, "Goal": 0}, "22": {"XdistToGoal": 38.5, "YdistToGoal": 1.1000000000000014, "Head": 0, "LeftFoot": 0, "RightFoot": 0, "OtherBodyPart": 1, "YendLoc": 40.1, "ZendLoc": 3.5, "Goal": 0}, "23": {"XdistToGoal": 9.700000000000003, "YdistToGoal": 2.299999999999997, "Head": 0, "LeftFoot": 0, "RightFoot": 0, "OtherBodyPart": 1, "YendLoc": 38.3, "ZendLoc": 1.0, "Goal": 0}, "24": {"XdistToGoal": 16.0, "YdistToGoal": 1.6000000000000014, "Head": 0, "LeftFoot": 0, "RightFoot": 0, "OtherBodyPart": 1, "YendLoc": 39.7, "ZendLoc": 1.3, "Goal": 0}, "25": {"XdistToGoal": 26.599999999999994, "YdistToGoal": 17.4, "Head": 0, "LeftFoot": 0, "RightFoot": 0, "OtherBodyPart": 1, "YendLoc": 48.2, "ZendLoc": 48.2, "Goal": 0}, "26": {"XdistToGoal": 24.900000000000006, "YdistToGoal": 9.899999999999999, "Head": 0, "LeftFoot": 0, "RightFoot": 0, "OtherBodyPart": 1, "YendLoc": 30.2, "ZendLoc": 0.5, "Goal": 0}, "27": {"XdistToGoal": 40.5, "YdistToGoal": 17.1, "Head": 0, "LeftFoot": 0, "RightFoot": 0, "OtherBodyPart": 1, "YendLoc": 33.1, "ZendLoc": 33.1, "Goal": 0}, "28": {"XdistToGoal": 12.400000000000006, "YdistToGoal": 11.600000000000001, "Head": 0, "LeftFoot": 0, "RightFoot": 0, "OtherBodyPart": 1, "YendLoc": 51.4, "ZendLoc": 0.4, "Goal": 0}, "29": {"XdistToGoal": 11.200000000000003, "YdistToGoal": 12.0, "Head": 0, "LeftFoot": 0, "RightFoot": 0, "OtherBodyPart": 1, "YendLoc": 37.2, "ZendLoc": 5.2, "Goal": 0}, "30": {"XdistToGoal": 11.200000000000003, "YdistToGoal": 0.5, "Head": 0, "LeftFoot": 0, "RightFoot": 0, "OtherBodyPart": 1, "YendLoc": 40.5, "ZendLoc": 0.6, "Goal": 0}}