{"0": {"XdistToGoal": 2.0999999999999943, "YdistToGoal": 8.899999999999999, "Head": 0, "LeftFoot": 0, "RightFoot": 0, "OtherBodyPart": 1, "YendLoc": 45.9, "ZendLoc": 0.7, "Goal": 0}, "1": {"XdistToGoal": 0.7000000000000028, "YdistToGoal": 1.8999999999999986, "Head": 0, "LeftFoot": 0, "RightFoot": 0, "OtherBodyPart": 1, "YendLoc": 38.6, "ZendLoc": 0.3, "Goal": 1}, "2": {"XdistToGoal": 11.599999999999994, "YdistToGoal": 6.899999999999999, "Head": 0, "LeftFoot": 0, "RightFoot": 0, "OtherBodyPart": 1, "YendLoc": 40.0, "ZendLoc": 40.0, "Goal": 0}, "3": {"XdistToGoal": 9.900000000000006, "YdistToGoal": 5.200000000000003, "Head": 1, "LeftFoot": 0, "RightFoot": 0, "OtherBodyPart": 0, "YendLoc": 37.2, "ZendLoc": 1.6, "Goal": 0}, "4": {"XdistToGoal": 6.900000000000006, "YdistToGoal": 2.299999999999997, "Head": 1, "LeftFoot": 0, "RightFoot": 0, "OtherBodyPart": 0, "YendLoc": 42.2, "ZendLoc": 42.2, "Goal": 0}, "5": {"XdistToGoal": 19.200000000000003, "YdistToGoal": 15.0, "Head": 0, "LeftFoot": 0, "RightFoot": 0, "OtherBodyPart": 1, "YendLoc": 44.4, "ZendLoc": 44.4, "Goal": 0}, "6": {"XdistToGoal": 11.400000000000006, "YdistToGoal": 2.8999999999999986, "Head": 1, "LeftFoot": 0, "RightFoot": 0, "OtherBodyPart": 0, "YendLoc": 42.2, "ZendLoc": 42.2, "Goal": 0}, "7": {"XdistToGoal": 22.200000000000003, "YdistToGoal": 2.1000000000000014, "Head": 0, "LeftFoot": 0, "RightFoot": 0, "OtherBodyPart": 1, "YendLoc": 43.1, "ZendLoc": 0.5, "Goal": 0}, "8": {"XdistToGoal": 5.700000000000003, "YdistToGoal": 11.700000000000003, "Head": 0, "LeftFoot": 0, "RightFoot": 0, "OtherBodyPart": 1, "YendLoc": 45.7, "ZendLoc": 45.7, "Goal": 0}, "9": {"XdistToGoal": 14.400000000000006, "YdistToGoal": 1.2000000000000028, "Head": 0, "LeftFoot": 0, "RightFoot": 0, "OtherBodyPart": 1, "YendLoc": 41.9, "ZendLoc": 0.8, "Goal": 1}, "10": {"XdistToGoal": 15.400000000000006, "YdistToGoal": 2.299999999999997, "Head": 1, "LeftFoot": 0, "RightFoot": 0, "OtherBodyPart": 0, "YendLoc": 34.9, "ZendLoc": 2.2, "Goal": 0}, "11": {"XdistToGoal": 16.700000000000003, "YdistToGoal": 18.5, "Head": 0, "LeftFoot": 0, "RightFoot": 0, "OtherBodyPart": 1, "YendLoc": 44.3, "ZendLoc": 1.8, "Goal": 0}, "12": {"XdistToGoal": 11.599999999999994, "YdistToGoal": 12.3, "Head": 0, "LeftFoot": 0, "RightFoot": 0, "OtherBodyPart": 1, "YendLoc": 37.0, "ZendLoc": 0.3, "Goal": 0}, "13": {"XdistToGoal": 6.299999999999997, "YdistToGoal": 0.29999999999999716, "Head": 0, "LeftFoot": 0, "RightFoot": 0, "OtherBodyPart": 1, "YendLoc": 39.8, "ZendLoc": 39.8, "Goal": 0}, "14": {"XdistToGoal": 26.0, "YdistToGoal": 10.0, "Head": 0, "LeftFoot": 0, "RightFoot": 0, "OtherBodyPart": 1, "YendLoc": 44.0, "ZendLoc": 44.0, "Goal": 0}, "15": {"XdistToGoal": 20.700000000000003, "YdistToGoal": 9.899999999999999, "Head": 0, "LeftFoot": 0, "RightFoot": 0, "OtherBodyPart": 1, "YendLoc": 57.5, "ZendLoc": 0.0, "Goal": 0}, "16": {"XdistToGoal": 6.299999999999997, "YdistToGoal": 5.200000000000003, "Head": 0, "LeftFoot": 0, "RightFoot": 0, "OtherBodyPart": 1, "YendLoc": 37.7, "ZendLoc": 0.6, "Goal": 1}, "17": {"XdistToGoal": 31.799999999999997, "YdistToGoal": 4.100000000000001, "Head": 0, "LeftFoot": 0, "RightFoot": 0, "OtherBodyPart": 1, "YendLoc": 43.2, "ZendLoc": 0.2, "Goal": 0}, "18": {"XdistToGoal": 7.400000000000006, "YdistToGoal": 1.0, "Head": 1, "LeftFoot": 0, "RightFoot": 0, "OtherBodyPart": 0, "YendLoc": 45.3, "ZendLoc": 4.2, "Goal": 0}, "19": {"XdistToGoal": 9.0, "YdistToGoal": 9.5, "Head": 0, "LeftFoot": 0, "RightFoot": 0, "OtherBodyPart": 1, "YendLoc": 41.3, "ZendLoc": 1.3, "Goal": 0}, "20": {"XdistToGoal": 17.900000000000006, "YdistToGoal": 5.100000000000001, "Head": 0, "LeftFoot": 0, "RightFoot": 0, "OtherBodyPart": 1, "YendLoc": 41.0, "ZendLoc": 0.2, "Goal": 0}, "21": {"XdistToGoal": 8.400000000000006, "YdistToGoal": 9.600000000000001, "Head": 0, "LeftFoot": 0, "RightFoot": 0, "OtherBodyPart": 1, "YendLoc": 45.4, "ZendLoc": 1.1, "Goal": 0}, "22": {"XdistToGoal": 6.700000000000003, "YdistToGoal": 1.8999999999999986, "Head": 0, "LeftFoot": 0, "RightFoot": 0, "OtherBodyPart": 1, "YendLoc": 40.5, "ZendLoc": 4.9, "Goal": 0}, "23": {"XdistToGoal": 32.900000000000006, "YdistToGoal": 5.799999999999997, "Head": 0, "LeftFoot": 0, "RightFoot": 0, "OtherBodyPart": 1, "YendLoc": 35.0, "ZendLoc": 35.0, "Goal": 0}, "24": {"XdistToGoal": 11.5, "YdistToGoal": 7.799999999999997, "Head": 0, "LeftFoot": 0, "RightFoot": 0, "OtherBodyPart": 1, "YendLoc": 37.6, "ZendLoc": 1.1, "Goal": 0}}