{"0": {"XdistToGoal": 25.299999999999997, "YdistToGoal": 1.1000000000000014, "Head": 0, "LeftFoot": 0, "RightFoot": 0, "OtherBodyPart": 1, "YendLoc": 42.8, "ZendLoc": 2.1, "Goal": 1}, "1": {"XdistToGoal": 5.799999999999997, "YdistToGoal": 10.799999999999997, "Head": 0, "LeftFoot": 0, "RightFoot": 0, "OtherBodyPart": 1, "YendLoc": 43.9, "ZendLoc": 0.4, "Goal": 0}, "2": {"XdistToGoal": 3.799999999999997, "YdistToGoal": 5.700000000000003, "Head": 0, "LeftFoot": 0, "RightFoot": 0, "OtherBodyPart": 1, "YendLoc": 43.6, "ZendLoc": 0.2, "Goal": 0}, "3": {"XdistToGoal": 12.900000000000006, "YdistToGoal": 4.600000000000001, "Head": 0, "LeftFoot": 0, "RightFoot": 0, "OtherBodyPart": 1, "YendLoc": 36.5, "ZendLoc": 36.5, "Goal": 0}, "4": {"XdistToGoal": 23.700000000000003, "YdistToGoal": 15.5, "Head": 0, "LeftFoot": 0, "RightFoot": 0, "OtherBodyPart": 1, "YendLoc": 36.4, "ZendLoc": 4.5, "Goal": 0}, "5": {"XdistToGoal": 20.900000000000006, "YdistToGoal": 12.7, "Head": 0, "LeftFoot": 0, "RightFoot": 0, "OtherBodyPart": 1, "YendLoc": 37.2, "ZendLoc": 3.6, "Goal": 0}, "6": {"XdistToGoal": 11.900000000000006, "YdistToGoal": 1.2999999999999972, "Head": 0, "LeftFoot": 0, "RightFoot": 0, "OtherBodyPart": 1, "YendLoc": 35.6, "ZendLoc": 0.2, "Goal": 0}, "7": {"XdistToGoal": 7.799999999999997, "YdistToGoal": 11.600000000000001, "Head": 0, "LeftFoot": 0, "RightFoot": 0, "OtherBodyPart": 1, "YendLoc": 36.1, "ZendLoc": 1.5, "Goal": 0}, "8": {"XdistToGoal": 14.200000000000003, "YdistToGoal": 6.5, "Head": 0, "LeftFoot": 0, "RightFoot": 0, "OtherBodyPart": 1, "YendLoc": 40.4, "ZendLoc": 40.4, "Goal": 0}, "9": {"XdistToGoal": 12.700000000000003, "YdistToGoal": 5.700000000000003, "Head": 1, "LeftFoot": 0, "RightFoot": 0, "OtherBodyPart": 0, "YendLoc": 40.2, "ZendLoc": 5.3, "Goal": 0}, "10": {"XdistToGoal": 16.099999999999994, "YdistToGoal": 5.200000000000003, "Head": 0, "LeftFoot": 0, "RightFoot": 0, "OtherBodyPart": 1, "YendLoc": 35.6, "ZendLoc": 35.6, "Goal": 0}, "11": {"XdistToGoal": 11.700000000000003, "YdistToGoal": 3.3999999999999986, "Head": 0, "LeftFoot": 0, "RightFoot": 0, "OtherBodyPart": 1, "YendLoc": 41.7, "ZendLoc": 1.5, "Goal": 1}, "12": {"XdistToGoal": 9.900000000000006, "YdistToGoal": 0.10000000000000142, "Head": 1, "LeftFoot": 0, "RightFoot": 0, "OtherBodyPart": 0, "YendLoc": 38.0, "ZendLoc": 1.0, "Goal": 1}, "13": {"XdistToGoal": 24.700000000000003, "YdistToGoal": 0.7000000000000028, "Head": 1, "LeftFoot": 0, "RightFoot": 0, "OtherBodyPart": 0, "YendLoc": 39.4, "ZendLoc": 4.0, "Goal": 0}, "14": {"XdistToGoal": 8.200000000000003, "YdistToGoal": 4.700000000000003, "Head": 0, "LeftFoot": 0, "RightFoot": 0, "OtherBodyPart": 1, "YendLoc": 42.1, "ZendLoc": 0.0, "Goal": 1}, "15": {"XdistToGoal": 5.799999999999997, "YdistToGoal": 4.700000000000003, "Head": 0, "LeftFoot": 0, "RightFoot": 0, "OtherBodyPart": 1, "YendLoc": 37.7, "ZendLoc": 0.2, "Goal": 1}, "16": {"XdistToGoal": 12.099999999999994, "YdistToGoal": 7.600000000000001, "Head": 0, "LeftFoot": 0, "RightFoot": 0, "OtherBodyPart": 1, "YendLoc": 46.6, "ZendLoc": 0.1, "Goal": 0}, "17": {"XdistToGoal": 23.200000000000003, "YdistToGoal": 13.8, "Head": 0, "LeftFoot": 0, "RightFoot": 0, "OtherBodyPart": 1, "YendLoc": 35.8, "ZendLoc": 4.1, "Goal": 0}}