{"0": {"XdistToGoal": 4.599999999999994, "YdistToGoal": 9.899999999999999, "Head": 1, "LeftFoot": 0, "RightFoot": 0, "OtherBodyPart": 0, "YendLoc": 34.5, "ZendLoc": 3.1, "Goal": 0}, "1": {"XdistToGoal": 14.099999999999994, "YdistToGoal": 2.799999999999997, "Head": 1, "LeftFoot": 0, "RightFoot": 0, "OtherBodyPart": 0, "YendLoc": 37.7, "ZendLoc": 2.3, "Goal": 0}, "2": {"XdistToGoal": 7.400000000000006, "YdistToGoal": 3.6000000000000014, "Head": 1, "LeftFoot": 0, "RightFoot": 0, "OtherBodyPart": 0, "YendLoc": 30.1, "ZendLoc": 0.7, "Goal": 0}, "3": {"XdistToGoal": 5.799999999999997, "YdistToGoal": 9.7, "Head": 0, "LeftFoot": 0, "RightFoot": 0, "OtherBodyPart": 1, "YendLoc": 34.7, "ZendLoc": 0.0, "Goal": 0}, "4": {"XdistToGoal": 7.299999999999997, "YdistToGoal": 6.200000000000003, "Head": 0, "LeftFoot": 0, "RightFoot": 0, "OtherBodyPart": 1, "YendLoc": 42.6, "ZendLoc": 0.6, "Goal": 0}, "5": {"XdistToGoal": 6.200000000000003, "YdistToGoal": 3.1000000000000014, "Head": 0, "LeftFoot": 0, "RightFoot": 0, "OtherBodyPart": 1, "YendLoc": 45.9, "ZendLoc": 0.5, "Goal": 0}, "6": {"XdistToGoal": 11.5, "YdistToGoal": 1.6000000000000014, "Head": 0, "LeftFoot": 0, "RightFoot": 0, "OtherBodyPart": 1, "YendLoc": 41.4, "ZendLoc": 41.4, "Goal": 0}, "7": {"XdistToGoal": 8.400000000000006, "YdistToGoal": 3.1000000000000014, "Head": 0, "LeftFoot": 0, "RightFoot": 0, "OtherBodyPart": 1, "YendLoc": 38.4, "ZendLoc": 38.4, "Goal": 0}, "8": {"XdistToGoal": 28.599999999999994, "YdistToGoal": 13.700000000000003, "Head": 0, "LeftFoot": 0, "RightFoot": 0, "OtherBodyPart": 1, "YendLoc": 34.7, "ZendLoc": 1.6, "Goal": 0}, "9": {"XdistToGoal": 9.299999999999997, "YdistToGoal": 8.5, "Head": 1, "LeftFoot": 0, "RightFoot": 0, "OtherBodyPart": 0, "YendLoc": 43.0, "ZendLoc": 2.4, "Goal": 0}, "10": {"XdistToGoal": 22.599999999999994, "YdistToGoal": 12.7, "Head": 0, "LeftFoot": 0, "RightFoot": 0, "OtherBodyPart": 1, "YendLoc": 35.0, "ZendLoc": 0.0, "Goal": 0}, "11": {"XdistToGoal": 3.700000000000003, "YdistToGoal": 6.600000000000001, "Head": 1, "LeftFoot": 0, "RightFoot": 0, "OtherBodyPart": 0, "YendLoc": 38.1, "ZendLoc": 1.2, "Goal": 1}, "12": {"XdistToGoal": 11.900000000000006, "YdistToGoal": 2.6000000000000014, "Head": 1, "LeftFoot": 0, "RightFoot": 0, "OtherBodyPart": 0, "YendLoc": 42.2, "ZendLoc": 0.7, "Goal": 0}, "13": {"XdistToGoal": 16.900000000000006, "YdistToGoal": 0.6000000000000014, "Head": 0, "LeftFoot": 0, "RightFoot": 0, "OtherBodyPart": 1, "YendLoc": 39.5, "ZendLoc": 39.5, "Goal": 0}, "14": {"XdistToGoal": 22.900000000000006, "YdistToGoal": 5.600000000000001, "Head": 0, "LeftFoot": 0, "RightFoot": 0, "OtherBodyPart": 1, "YendLoc": 45.4, "ZendLoc": 45.4, "Goal": 0}, "15": {"XdistToGoal": 18.0, "YdistToGoal": 5.799999999999997, "Head": 0, "LeftFoot": 0, "RightFoot": 0, "OtherBodyPart": 1, "YendLoc": 40.9, "ZendLoc": 0.6, "Goal": 0}, "16": {"XdistToGoal": 11.799999999999997, "YdistToGoal": 1.7000000000000028, "Head": 0, "LeftFoot": 0, "RightFoot": 0, "OtherBodyPart": 1, "YendLoc": 39.1, "ZendLoc": 1.9, "Goal": 1}, "17": {"XdistToGoal": 17.099999999999994, "YdistToGoal": 1.7999999999999972, "Head": 0, "LeftFoot": 0, "RightFoot": 0, "OtherBodyPart": 1, "YendLoc": 34.9, "ZendLoc": 0.4, "Goal": 0}, "18": {"XdistToGoal": 17.700000000000003, "YdistToGoal": 6.0, "Head": 0, "LeftFoot": 0, "RightFoot": 0, "OtherBodyPart": 1, "YendLoc": 41.6, "ZendLoc": 0.0, "Goal": 0}, "19": {"XdistToGoal": 4.900000000000006, "YdistToGoal": 9.5, "Head": 1, "LeftFoot": 0, "RightFoot": 0, "OtherBodyPart": 0, "YendLoc": 45.0, "ZendLoc": 3.4, "Goal": 0}}