{"0": {"XdistToGoal": 9.200000000000003, "YdistToGoal": 14.899999999999999, "Head": 0, "LeftFoot": 0, "RightFoot": 0, "OtherBodyPart": 1, "YendLoc": 42.2, "ZendLoc": 3.5, "Goal": 0}, "1": {"XdistToGoal": 20.099999999999994, "YdistToGoal": 17.2, "Head": 0, "LeftFoot": 0, "RightFoot": 0, "OtherBodyPart": 1, "YendLoc": 36.9, "ZendLoc": 0.4, "Goal": 0}, "2": {"XdistToGoal": 10.299999999999997, "YdistToGoal": 5.100000000000001, "Head": 0, "LeftFoot": 0, "RightFoot": 0, "OtherBodyPart": 1, "YendLoc": 48.3, "ZendLoc": 0.6, "Goal": 0}, "3": {"XdistToGoal": 13.099999999999994, "YdistToGoal": 12.399999999999999, "Head": 0, "LeftFoot": 0, "RightFoot": 0, "OtherBodyPart": 1, "YendLoc": 49.0, "ZendLoc": 5.0, "Goal": 0}, "4": {"XdistToGoal": 3.700000000000003, "YdistToGoal": 3.700000000000003, "Head": 0, "LeftFoot": 0, "RightFoot": 0, "OtherBodyPart": 1, "YendLoc": 36.5, "ZendLoc": 0.2, "Goal": 1}, "5": {"XdistToGoal": 8.299999999999997, "YdistToGoal": 7.799999999999997, "Head": 0, "LeftFoot": 0, "RightFoot": 0, "OtherBodyPart": 1, "YendLoc": 38.3, "ZendLoc": 3.5, "Goal": 0}, "6": {"XdistToGoal": 6.799999999999997, "YdistToGoal": 0.29999999999999716, "Head": 0, "LeftFoot": 0, "RightFoot": 0, "OtherBodyPart": 1, "YendLoc": 43.6, "ZendLoc": 0.2, "Goal": 1}, "7": {"XdistToGoal": 20.900000000000006, "YdistToGoal": 14.899999999999999, "Head": 0, "LeftFoot": 0, "RightFoot": 0, "OtherBodyPart": 1, "YendLoc": 43.7, "ZendLoc": 1.0, "Goal": 1}, "8": {"XdistToGoal": 28.400000000000006, "YdistToGoal": 13.5, "Head": 0, "LeftFoot": 0, "RightFoot": 0, "OtherBodyPart": 1, "YendLoc": 40.8, "ZendLoc": 2.4, "Goal": 0}, "9": {"XdistToGoal": 11.299999999999997, "YdistToGoal": 8.799999999999997, "Head": 0, "LeftFoot": 0, "RightFoot": 0, "OtherBodyPart": 1, "YendLoc": 43.5, "ZendLoc": 1.6, "Goal": 0}, "10": {"XdistToGoal": 7.200000000000003, "YdistToGoal": 0.0, "Head": 0, "LeftFoot": 0, "RightFoot": 0, "OtherBodyPart": 1, "YendLoc": 45.2, "ZendLoc": 0.7, "Goal": 0}, "11": {"XdistToGoal": 7.400000000000006, "YdistToGoal": 4.200000000000003, "Head": 1, "LeftFoot": 0, "RightFoot": 0, "OtherBodyPart": 0, "YendLoc": 43.2, "ZendLoc": 43.2, "Goal": 0}, "12": {"XdistToGoal": 10.400000000000006, "YdistToGoal": 9.3, "Head": 0, "LeftFoot": 0, "RightFoot": 0, "OtherBodyPart": 1, "YendLoc": 34.5, "ZendLoc": 1.0, "Goal": 0}, "13": {"XdistToGoal": 10.400000000000006, "YdistToGoal": 7.799999999999997, "Head": 0, "LeftFoot": 0, "RightFoot": 0, "OtherBodyPart": 1, "YendLoc": 38.0, "ZendLoc": 0.2, "Goal": 0}, "14": {"XdistToGoal": 6.599999999999994, "YdistToGoal": 0.20000000000000284, "Head": 0, "LeftFoot": 0, "RightFoot": 0, "OtherBodyPart": 1, "YendLoc": 46.2, "ZendLoc": 0.7, "Goal": 0}, "15": {"XdistToGoal": 12.799999999999997, "YdistToGoal": 11.600000000000001, "Head": 0, "LeftFoot": 0, "RightFoot": 0, "OtherBodyPart": 1, "YendLoc": 28.3, "ZendLoc": 0.2, "Goal": 0}, "16": {"XdistToGoal": 36.0, "YdistToGoal": 10.200000000000003, "Head": 0, "LeftFoot": 0, "RightFoot": 0, "OtherBodyPart": 1, "YendLoc": 44.4, "ZendLoc": 44.4, "Goal": 0}, "17": {"XdistToGoal": 4.599999999999994, "YdistToGoal": 7.5, "Head": 0, "LeftFoot": 0, "RightFoot": 0, "OtherBodyPart": 1, "YendLoc": 43.0, "ZendLoc": 1.9, "Goal": 1}, "18": {"XdistToGoal": 24.400000000000006, "YdistToGoal": 11.2, "Head": 0, "LeftFoot": 0, "RightFoot": 0, "OtherBodyPart": 1, "YendLoc": 38.8, "ZendLoc": 2.4, "Goal": 0}, "19": {"XdistToGoal": 10.799999999999997, "YdistToGoal": 2.8999999999999986, "Head": 0, "LeftFoot": 0, "RightFoot": 0, "OtherBodyPart": 1, "YendLoc": 38.9, "ZendLoc": 4.1, "Goal": 0}, "20": {"XdistToGoal": 12.099999999999994, "YdistToGoal": 2.3999999999999986, "Head": 1, "LeftFoot": 0, "RightFoot": 0, "OtherBodyPart": 0, "YendLoc": 50.6, "ZendLoc": 50.6, "Goal": 0}, "21": {"XdistToGoal": 20.599999999999994, "YdistToGoal": 0.20000000000000284, "Head": 0, "LeftFoot": 0, "RightFoot": 0, "OtherBodyPart": 1, "YendLoc": 38.4, "ZendLoc": 0.4, "Goal": 0}, "22": {"XdistToGoal": 22.099999999999994, "YdistToGoal": 10.100000000000001, "Head": 0, "LeftFoot": 0, "RightFoot": 0, "OtherBodyPart": 1, "YendLoc": 43.8, "ZendLoc": 1.7, "Goal": 1}, "23": {"XdistToGoal": 21.599999999999994, "YdistToGoal": 16.3, "Head": 0, "LeftFoot": 0, "RightFoot": 0, "OtherBodyPart": 1, "YendLoc": 36.9, "ZendLoc": 0.3, "Goal": 0}, "24": {"XdistToGoal": 7.799999999999997, "YdistToGoal": 0.5, "Head": 0, "LeftFoot": 0, "RightFoot": 0, "OtherBodyPart": 1, "YendLoc": 42.5, "ZendLoc": 0.3, "Goal": 1}, "25": {"XdistToGoal": 8.900000000000006, "YdistToGoal": 2.5, "Head": 0, "LeftFoot": 0, "RightFoot": 0, "OtherBodyPart": 1, "YendLoc": 43.5, "ZendLoc": 0.3, "Goal": 1}}