{"0": {"XdistToGoal": 6.0, "YdistToGoal": 5.0, "Head": 1, "LeftFoot": 0, "RightFoot": 0, "OtherBodyPart": 0, "YendLoc": 36.1, "ZendLoc": 0.0, "Goal": 0}, "1": {"XdistToGoal": 1.7999999999999972, "YdistToGoal": 6.899999999999999, "Head": 0, "LeftFoot": 0, "RightFoot": 0, "OtherBodyPart": 1, "YendLoc": 46.0, "ZendLoc": 1.8, "Goal": 0}, "2": {"XdistToGoal": 18.799999999999997, "YdistToGoal": 4.5, "Head": 0, "LeftFoot": 0, "RightFoot": 0, "OtherBodyPart": 1, "YendLoc": 46.3, "ZendLoc": 0.5, "Goal": 0}, "3": {"XdistToGoal": 23.200000000000003, "YdistToGoal": 5.100000000000001, "Head": 0, "LeftFoot": 0, "RightFoot": 0, "OtherBodyPart": 1, "YendLoc": 35.4, "ZendLoc": 35.4, "Goal": 0}, "4": {"XdistToGoal": 23.299999999999997, "YdistToGoal": 18.799999999999997, "Head": 0, "LeftFoot": 0, "RightFoot": 0, "OtherBodyPart": 1, "YendLoc": 43.2, "ZendLoc": 3.9, "Goal": 0}, "5": {"XdistToGoal": 12.599999999999994, "YdistToGoal": 5.899999999999999, "Head": 0, "LeftFoot": 0, "RightFoot": 0, "OtherBodyPart": 1, "YendLoc": 37.4, "ZendLoc": 0.0, "Goal": 1}, "6": {"XdistToGoal": 20.900000000000006, "YdistToGoal": 7.700000000000003, "Head": 0, "LeftFoot": 0, "RightFoot": 0, "OtherBodyPart": 1, "YendLoc": 33.3, "ZendLoc": 33.3, "Goal": 0}, "7": {"XdistToGoal": 17.299999999999997, "YdistToGoal": 10.299999999999997, "Head": 0, "LeftFoot": 0, "RightFoot": 0, "OtherBodyPart": 1, "YendLoc": 42.0, "ZendLoc": 1.2, "Goal": 0}, "8": {"XdistToGoal": 31.200000000000003, "YdistToGoal": 5.600000000000001, "Head": 0, "LeftFoot": 0, "RightFoot": 0, "OtherBodyPart": 1, "YendLoc": 45.3, "ZendLoc": 45.3, "Goal": 0}, "9": {"XdistToGoal": 11.900000000000006, "YdistToGoal": 0.10000000000000142, "Head": 0, "LeftFoot": 0, "RightFoot": 0, "OtherBodyPart": 1, "YendLoc": 37.5, "ZendLoc": 1.0, "Goal": 1}, "10": {"XdistToGoal": 19.0, "YdistToGoal": 4.700000000000003, "Head": 0, "LeftFoot": 0, "RightFoot": 0, "OtherBodyPart": 1, "YendLoc": 39.4, "ZendLoc": 0.0, "Goal": 0}, "11": {"XdistToGoal": 12.599999999999994, "YdistToGoal": 12.399999999999999, "Head": 0, "LeftFoot": 0, "RightFoot": 0, "OtherBodyPart": 1, "YendLoc": 38.9, "ZendLoc": 0.3, "Goal": 0}, "12": {"XdistToGoal": 19.799999999999997, "YdistToGoal": 9.8, "Head": 0, "LeftFoot": 0, "RightFoot": 0, "OtherBodyPart": 1, "YendLoc": 32.1, "ZendLoc": 32.1, "Goal": 0}, "13": {"XdistToGoal": 20.200000000000003, "YdistToGoal": 15.899999999999999, "Head": 0, "LeftFoot": 0, "RightFoot": 0, "OtherBodyPart": 1, "YendLoc": 50.8, "ZendLoc": 50.8, "Goal": 0}, "14": {"XdistToGoal": 19.799999999999997, "YdistToGoal": 10.700000000000003, "Head": 0, "LeftFoot": 0, "RightFoot": 0, "OtherBodyPart": 1, "YendLoc": 36.5, "ZendLoc": 3.2, "Goal": 0}, "15": {"XdistToGoal": 13.400000000000006, "YdistToGoal": 7.100000000000001, "Head": 0, "LeftFoot": 0, "RightFoot": 0, "OtherBodyPart": 1, "YendLoc": 40.8, "ZendLoc": 0.1, "Goal": 0}, "16": {"XdistToGoal": 3.299999999999997, "YdistToGoal": 7.600000000000001, "Head": 0, "LeftFoot": 0, "RightFoot": 0, "OtherBodyPart": 1, "YendLoc": 42.5, "ZendLoc": 0.1, "Goal": 1}, "17": {"XdistToGoal": 5.099999999999994, "YdistToGoal": 20.1, "Head": 0, "LeftFoot": 0, "RightFoot": 0, "OtherBodyPart": 1, "YendLoc": 47.4, "ZendLoc": 0.0, "Goal": 0}, "18": {"XdistToGoal": 10.400000000000006, "YdistToGoal": 15.899999999999999, "Head": 0, "LeftFoot": 0, "RightFoot": 0, "OtherBodyPart": 1, "YendLoc": 45.1, "ZendLoc": 0.8, "Goal": 0}, "19": {"XdistToGoal": 5.299999999999997, "YdistToGoal": 4.700000000000003, "Head": 1, "LeftFoot": 0, "RightFoot": 0, "OtherBodyPart": 0, "YendLoc": 45.3, "ZendLoc": 1.4, "Goal": 0}, "20": {"XdistToGoal": 12.400000000000006, "YdistToGoal": 4.700000000000003, "Head": 0, "LeftFoot": 0, "RightFoot": 0, "OtherBodyPart": 1, "YendLoc": 41.2, "ZendLoc": 0.9, "Goal": 0}, "21": {"XdistToGoal": 21.599999999999994, "YdistToGoal": 15.8, "Head": 0, "LeftFoot": 0, "RightFoot": 0, "OtherBodyPart": 1, "YendLoc": 31.8, "ZendLoc": 0.0, "Goal": 0}, "22": {"XdistToGoal": 12.900000000000006, "YdistToGoal": 6.899999999999999, "Head": 1, "LeftFoot": 0, "RightFoot": 0, "OtherBodyPart": 0, "YendLoc": 40.4, "ZendLoc": 0.5, "Goal": 0}, "23": {"XdistToGoal": 30.700000000000003, "YdistToGoal": 13.7, "Head": 0, "LeftFoot": 0, "RightFoot": 0, "OtherBodyPart": 1, "YendLoc": 32.9, "ZendLoc": 5.6, "Goal": 0}, "24": {"XdistToGoal": 11.299999999999997, "YdistToGoal": 6.799999999999997, "Head": 0, "LeftFoot": 0, "RightFoot": 0, "OtherBodyPart": 1, "YendLoc": 50.1, "ZendLoc": 6.7, "Goal": 0}, "25": {"XdistToGoal": 28.099999999999994, "YdistToGoal": 0.29999999999999716, "Head": 0, "LeftFoot": 0, "RightFoot": 0, "OtherBodyPart": 1, "YendLoc": 41.8, "ZendLoc": 0.9, "Goal": 0}, "26": {"XdistToGoal": 12.0, "YdistToGoal": 9.700000000000003, "Head": 0, "LeftFoot": 0, "RightFoot": 0, "OtherBodyPart": 1, "YendLoc": 50.1, "ZendLoc": 0.1, "Goal": 0}, "27": {"XdistToGoal": 5.799999999999997, "YdistToGoal": 1.5, "Head": 1, "LeftFoot": 0, "RightFoot": 0, "OtherBodyPart": 0, "YendLoc": 28.7, "ZendLoc": 0.7, "Goal": 0}, "28": {"XdistToGoal": 26.099999999999994, "YdistToGoal": 0.7000000000000028, "Head": 0, "LeftFoot": 0, "RightFoot": 0, "OtherBodyPart": 1, "YendLoc": 40.5, "ZendLoc": 40.5, "Goal": 0}, "29": {"XdistToGoal": 25.099999999999994, "YdistToGoal": 5.399999999999999, "Head": 0, "LeftFoot": 0, "RightFoot": 0, "OtherBodyPart": 1, "YendLoc": 45.4, "ZendLoc": 6.4, "Goal": 0}}