{"0": {"XdistToGoal": 5.400000000000006, "YdistToGoal": 36.1, "Head": 0, "LeftFoot": 0, "RightFoot": 0, "OtherBodyPart": 1, "YendLoc": 38.5, "ZendLoc": 2.4, "Goal": 0}, "1": {"XdistToGoal": 0.9000000000000057, "YdistToGoal": 9.299999999999997, "Head": 1, "LeftFoot": 0, "RightFoot": 0, "OtherBodyPart": 0, "YendLoc": 49.6, "ZendLoc": 0.6, "Goal": 0}, "2": {"XdistToGoal": 7.0, "YdistToGoal": 12.899999999999999, "Head": 0, "LeftFoot": 0, "RightFoot": 0, "OtherBodyPart": 1, "YendLoc": 51.4, "ZendLoc": 51.4, "Goal": 0}, "3": {"XdistToGoal": 10.200000000000003, "YdistToGoal": 2.799999999999997, "Head": 1, "LeftFoot": 0, "RightFoot": 0, "OtherBodyPart": 0, "YendLoc": 39.5, "ZendLoc": 39.5, "Goal": 0}, "4": {"XdistToGoal": 17.799999999999997, "YdistToGoal": 4.899999999999999, "Head": 0, "LeftFoot": 0, "RightFoot": 0, "OtherBodyPart": 1, "YendLoc": 41.3, "ZendLoc": 2.4, "Goal": 0}, "5": {"XdistToGoal": 19.0, "YdistToGoal": 2.1000000000000014, "Head": 0, "LeftFoot": 0, "RightFoot": 0, "OtherBodyPart": 1, "YendLoc": 29.8, "ZendLoc": 0.5, "Goal": 0}, "6": {"XdistToGoal": 31.099999999999994, "YdistToGoal": 20.799999999999997, "Head": 0, "LeftFoot": 0, "RightFoot": 0, "OtherBodyPart": 1, "YendLoc": 44.9, "ZendLoc": 3.6, "Goal": 0}, "7": {"XdistToGoal": 8.299999999999997, "YdistToGoal": 6.799999999999997, "Head": 0, "LeftFoot": 0, "RightFoot": 0, "OtherBodyPart": 1, "YendLoc": 45.9, "ZendLoc": 45.9, "Goal": 0}, "8": {"XdistToGoal": 12.799999999999997, "YdistToGoal": 7.600000000000001, "Head": 0, "LeftFoot": 0, "RightFoot": 0, "OtherBodyPart": 1, "YendLoc": 50.2, "ZendLoc": 5.4, "Goal": 0}, "9": {"XdistToGoal": 20.799999999999997, "YdistToGoal": 8.600000000000001, "Head": 0, "LeftFoot": 0, "RightFoot": 0, "OtherBodyPart": 1, "YendLoc": 41.0, "ZendLoc": 1.1, "Goal": 0}, "10": {"XdistToGoal": 10.099999999999994, "YdistToGoal": 5.399999999999999, "Head": 1, "LeftFoot": 0, "RightFoot": 0, "OtherBodyPart": 0, "YendLoc": 40.3, "ZendLoc": 0.8, "Goal": 0}, "11": {"XdistToGoal": 23.0, "YdistToGoal": 3.799999999999997, "Head": 0, "LeftFoot": 0, "RightFoot": 0, "OtherBodyPart": 1, "YendLoc": 43.3, "ZendLoc": 43.3, "Goal": 0}, "12": {"XdistToGoal": 16.599999999999994, "YdistToGoal": 1.1000000000000014, "Head": 1, "LeftFoot": 0, "RightFoot": 0, "OtherBodyPart": 0, "YendLoc": 44.7, "ZendLoc": 0.2, "Goal": 0}, "13": {"XdistToGoal": 15.0, "YdistToGoal": 30.099999999999994, "Head": 0, "LeftFoot": 0, "RightFoot": 0, "OtherBodyPart": 1, "YendLoc": 39.1, "ZendLoc": 0.8, "Goal": 0}, "14": {"XdistToGoal": 27.400000000000006, "YdistToGoal": 12.899999999999999, "Head": 0, "LeftFoot": 0, "RightFoot": 0, "OtherBodyPart": 1, "YendLoc": 41.1, "ZendLoc": 0.3, "Goal": 0}, "15": {"XdistToGoal": 19.299999999999997, "YdistToGoal": 10.399999999999999, "Head": 0, "LeftFoot": 0, "RightFoot": 0, "OtherBodyPart": 1, "YendLoc": 39.6, "ZendLoc": 4.3, "Goal": 0}, "16": {"XdistToGoal": 7.0, "YdistToGoal": 5.899999999999999, "Head": 0, "LeftFoot": 0, "RightFoot": 0, "OtherBodyPart": 1, "YendLoc": 44.8, "ZendLoc": 0.4, "Goal": 0}, "17": {"XdistToGoal": 25.200000000000003, "YdistToGoal": 2.299999999999997, "Head": 0, "LeftFoot": 0, "RightFoot": 0, "OtherBodyPart": 1, "YendLoc": 39.6, "ZendLoc": 4.4, "Goal": 0}, "18": {"XdistToGoal": 16.200000000000003, "YdistToGoal": 7.0, "Head": 1, "LeftFoot": 0, "RightFoot": 0, "OtherBodyPart": 0, "YendLoc": 47.7, "ZendLoc": 0.7, "Goal": 0}, "19": {"XdistToGoal": 25.0, "YdistToGoal": 9.0, "Head": 0, "LeftFoot": 0, "RightFoot": 0, "OtherBodyPart": 1, "YendLoc": 47.0, "ZendLoc": 47.0, "Goal": 0}, "20": {"XdistToGoal": 20.099999999999994, "YdistToGoal": 20.4, "Head": 0, "LeftFoot": 0, "RightFoot": 0, "OtherBodyPart": 1, "YendLoc": 37.9, "ZendLoc": 3.9, "Goal": 0}, "21": {"XdistToGoal": 8.900000000000006, "YdistToGoal": 0.8999999999999986, "Head": 1, "LeftFoot": 0, "RightFoot": 0, "OtherBodyPart": 0, "YendLoc": 39.0, "ZendLoc": 39.0, "Goal": 0}, "22": {"XdistToGoal": 15.799999999999997, "YdistToGoal": 13.0, "Head": 0, "LeftFoot": 0, "RightFoot": 0, "OtherBodyPart": 1, "YendLoc": 47.2, "ZendLoc": 47.2, "Goal": 0}, "23": {"XdistToGoal": 10.299999999999997, "YdistToGoal": 4.299999999999997, "Head": 1, "LeftFoot": 0, "RightFoot": 0, "OtherBodyPart": 0, "YendLoc": 31.4, "ZendLoc": 31.4, "Goal": 0}, "24": {"XdistToGoal": 23.900000000000006, "YdistToGoal": 11.399999999999999, "Head": 0, "LeftFoot": 0, "RightFoot": 0, "OtherBodyPart": 1, "YendLoc": 32.4, "ZendLoc": 32.4, "Goal": 0}, "25": {"XdistToGoal": 12.299999999999997, "YdistToGoal": 8.7, "Head": 0, "LeftFoot": 0, "RightFoot": 0, "OtherBodyPart": 1, "YendLoc": 40.9, "ZendLoc": 3.8, "Goal": 0}, "26": {"XdistToGoal": 25.5, "YdistToGoal": 14.899999999999999, "Head": 0, "LeftFoot": 0, "RightFoot": 0, "OtherBodyPart": 1, "YendLoc": 44.6, "ZendLoc": 2.1, "Goal": 0}, "27": {"XdistToGoal": 8.200000000000003, "YdistToGoal": 5.700000000000003, "Head": 1, "LeftFoot": 0, "RightFoot": 0, "OtherBodyPart": 0, "YendLoc": 45.6, "ZendLoc": 45.6, "Goal": 0}, "28": {"XdistToGoal": 17.700000000000003, "YdistToGoal": 12.600000000000001, "Head": 0, "LeftFoot": 0, "RightFoot": 0, "OtherBodyPart": 1, "YendLoc": 29.6, "ZendLoc": 29.6, "Goal": 0}, "29": {"XdistToGoal": 21.599999999999994, "YdistToGoal": 13.299999999999997, "Head": 0, "LeftFoot": 0, "RightFoot": 0, "OtherBodyPart": 1, "YendLoc": 51.8, "ZendLoc": 51.8, "Goal": 0}, "30": {"XdistToGoal": 21.5, "YdistToGoal": 16.0, "Head": 0, "LeftFoot": 0, "RightFoot": 0, "OtherBodyPart": 1, "YendLoc": 37.9, "ZendLoc": 1.9, "Goal": 0}}