{"0": {"XdistToGoal": 30.799999999999997, "YdistToGoal": 4.600000000000001, "Head": 0, "LeftFoot": 0, "RightFoot": 0, "OtherBodyPart": 1, "YendLoc": 42.6, "ZendLoc": 0.3, "Goal": 0}, "1": {"XdistToGoal": 17.099999999999994, "YdistToGoal": 0.20000000000000284, "Head": 0, "LeftFoot": 0, "RightFoot": 0, "OtherBodyPart": 1, "YendLoc": 40.0, "ZendLoc": 40.0, "Goal": 0}, "2": {"XdistToGoal": 6.700000000000003, "YdistToGoal": 8.5, "Head": 1, "LeftFoot": 0, "RightFoot": 0, "OtherBodyPart": 0, "YendLoc": 45.2, "ZendLoc": 0.7, "Goal": 0}, "3": {"XdistToGoal": 12.099999999999994, "YdistToGoal": 0.10000000000000142, "Head": 0, "LeftFoot": 0, "RightFoot": 0, "OtherBodyPart": 1, "YendLoc": 36.8, "ZendLoc": 0.2, "Goal": 0}, "4": {"XdistToGoal": 31.299999999999997, "YdistToGoal": 7.899999999999999, "Head": 0, "LeftFoot": 0, "RightFoot": 0, "OtherBodyPart": 1, "YendLoc": 43.5, "ZendLoc": 4.2, "Goal": 0}, "5": {"XdistToGoal": 7.0, "YdistToGoal": 8.600000000000001, "Head": 0, "LeftFoot": 0, "RightFoot": 0, "OtherBodyPart": 1, "YendLoc": 42.0, "ZendLoc": 0.3, "Goal": 0}, "6": {"XdistToGoal": 29.900000000000006, "YdistToGoal": 8.700000000000003, "Head": 0, "LeftFoot": 0, "RightFoot": 0, "OtherBodyPart": 1, "YendLoc": 47.0, "ZendLoc": 47.0, "Goal": 0}, "7": {"XdistToGoal": 27.200000000000003, "YdistToGoal": 8.600000000000001, "Head": 0, "LeftFoot": 0, "RightFoot": 0, "OtherBodyPart": 1, "YendLoc": 19.8, "ZendLoc": 3.7, "Goal": 0}, "8": {"XdistToGoal": 10.400000000000006, "YdistToGoal": 1.3999999999999986, "Head": 0, "LeftFoot": 0, "RightFoot": 0, "OtherBodyPart": 1, "YendLoc": 38.7, "ZendLoc": 38.7, "Goal": 0}, "9": {"XdistToGoal": 6.400000000000006, "YdistToGoal": 10.600000000000001, "Head": 0, "LeftFoot": 0, "RightFoot": 0, "OtherBodyPart": 1, "YendLoc": 49.6, "ZendLoc": 49.6, "Goal": 0}, "10": {"XdistToGoal": 7.099999999999994, "YdistToGoal": 0.5, "Head": 0, "LeftFoot": 0, "RightFoot": 0, "OtherBodyPart": 1, "YendLoc": 40.9, "ZendLoc": 1.6, "Goal": 1}, "11": {"XdistToGoal": 12.900000000000006, "YdistToGoal": 12.899999999999999, "Head": 0, "LeftFoot": 0, "RightFoot": 0, "OtherBodyPart": 1, "YendLoc": 43.8, "ZendLoc": 2.8, "Goal": 0}, "12": {"XdistToGoal": 20.299999999999997, "YdistToGoal": 15.899999999999999, "Head": 0, "LeftFoot": 0, "RightFoot": 0, "OtherBodyPart": 1, "YendLoc": 30.4, "ZendLoc": 3.8, "Goal": 0}, "13": {"XdistToGoal": 12.299999999999997, "YdistToGoal": 7.600000000000001, "Head": 0, "LeftFoot": 0, "RightFoot": 0, "OtherBodyPart": 1, "YendLoc": 49.4, "ZendLoc": 3.0, "Goal": 0}, "14": {"XdistToGoal": 16.200000000000003, "YdistToGoal": 4.399999999999999, "Head": 0, "LeftFoot": 0, "RightFoot": 0, "OtherBodyPart": 1, "YendLoc": 38.7, "ZendLoc": 0.2, "Goal": 0}, "15": {"XdistToGoal": 33.5, "YdistToGoal": 12.399999999999999, "Head": 0, "LeftFoot": 0, "RightFoot": 0, "OtherBodyPart": 1, "YendLoc": 37.1, "ZendLoc": 1.9, "Goal": 0}}