{"0": {"XdistToGoal": 25.799999999999997, "YdistToGoal": 14.700000000000003, "Head": 0, "LeftFoot": 0, "RightFoot": 0, "OtherBodyPart": 1, "YendLoc": 42.4, "ZendLoc": 42.4, "Goal": 0}, "1": {"XdistToGoal": 13.599999999999994, "YdistToGoal": 4.700000000000003, "Head": 0, "LeftFoot": 0, "RightFoot": 0, "OtherBodyPart": 1, "YendLoc": 42.6, "ZendLoc": 0.0, "Goal": 1}, "2": {"XdistToGoal": 19.5, "YdistToGoal": 0.8999999999999986, "Head": 0, "LeftFoot": 0, "RightFoot": 0, "OtherBodyPart": 1, "YendLoc": 41.8, "ZendLoc": 5.5, "Goal": 0}, "3": {"XdistToGoal": 12.900000000000006, "YdistToGoal": 15.100000000000001, "Head": 0, "LeftFoot": 0, "RightFoot": 0, "OtherBodyPart": 1, "YendLoc": 37.5, "ZendLoc": 0.3, "Goal": 0}, "4": {"XdistToGoal": 23.900000000000006, "YdistToGoal": 2.799999999999997, "Head": 0, "LeftFoot": 0, "RightFoot": 0, "OtherBodyPart": 1, "YendLoc": 43.2, "ZendLoc": 2.9, "Goal": 0}, "5": {"XdistToGoal": 8.700000000000003, "YdistToGoal": 2.700000000000003, "Head": 1, "LeftFoot": 0, "RightFoot": 0, "OtherBodyPart": 0, "YendLoc": 40.4, "ZendLoc": 1.5, "Goal": 0}, "6": {"XdistToGoal": 6.200000000000003, "YdistToGoal": 10.799999999999997, "Head": 0, "LeftFoot": 0, "RightFoot": 0, "OtherBodyPart": 1, "YendLoc": 50.2, "ZendLoc": 50.2, "Goal": 0}, "7": {"XdistToGoal": 18.599999999999994, "YdistToGoal": 9.299999999999997, "Head": 0, "LeftFoot": 0, "RightFoot": 0, "OtherBodyPart": 1, "YendLoc": 44.3, "ZendLoc": 0.0, "Goal": 0}, "8": {"XdistToGoal": 5.799999999999997, "YdistToGoal": 7.799999999999997, "Head": 0, "LeftFoot": 0, "RightFoot": 0, "OtherBodyPart": 1, "YendLoc": 35.7, "ZendLoc": 1.1, "Goal": 0}, "9": {"XdistToGoal": 23.299999999999997, "YdistToGoal": 3.6000000000000014, "Head": 0, "LeftFoot": 0, "RightFoot": 0, "OtherBodyPart": 1, "YendLoc": 36.2, "ZendLoc": 0.2, "Goal": 1}, "10": {"XdistToGoal": 18.0, "YdistToGoal": 2.0, "Head": 0, "LeftFoot": 0, "RightFoot": 0, "OtherBodyPart": 1, "YendLoc": 37.2, "ZendLoc": 0.5, "Goal": 1}, "11": {"XdistToGoal": 7.5, "YdistToGoal": 1.7999999999999972, "Head": 1, "LeftFoot": 0, "RightFoot": 0, "OtherBodyPart": 0, "YendLoc": 37.8, "ZendLoc": 1.2, "Goal": 1}, "12": {"XdistToGoal": 18.599999999999994, "YdistToGoal": 10.299999999999997, "Head": 0, "LeftFoot": 0, "RightFoot": 0, "OtherBodyPart": 1, "YendLoc": 45.6, "ZendLoc": 45.6, "Goal": 0}, "13": {"XdistToGoal": 26.200000000000003, "YdistToGoal": 5.100000000000001, "Head": 0, "LeftFoot": 0, "RightFoot": 0, "OtherBodyPart": 1, "YendLoc": 36.2, "ZendLoc": 3.7, "Goal": 0}, "14": {"XdistToGoal": 19.599999999999994, "YdistToGoal": 5.899999999999999, "Head": 0, "LeftFoot": 0, "RightFoot": 0, "OtherBodyPart": 1, "YendLoc": 37.0, "ZendLoc": 37.0, "Goal": 0}, "15": {"XdistToGoal": 25.900000000000006, "YdistToGoal": 5.600000000000001, "Head": 0, "LeftFoot": 0, "RightFoot": 0, "OtherBodyPart": 1, "YendLoc": 47.6, "ZendLoc": 1.0, "Goal": 0}, "16": {"XdistToGoal": 12.400000000000006, "YdistToGoal": 10.600000000000001, "Head": 0, "LeftFoot": 0, "RightFoot": 0, "OtherBodyPart": 1, "YendLoc": 36.6, "ZendLoc": 0.2, "Goal": 1}, "17": {"XdistToGoal": 11.799999999999997, "YdistToGoal": 7.0, "Head": 0, "LeftFoot": 0, "RightFoot": 0, "OtherBodyPart": 1, "YendLoc": 36.5, "ZendLoc": 0.1, "Goal": 1}}