{"0": {"XdistToGoal": 12.400000000000006, "YdistToGoal": 14.399999999999999, "Head": 0, "LeftFoot": 0, "RightFoot": 0, "OtherBodyPart": 1, "YendLoc": 53.3, "ZendLoc": 53.3, "Goal": 0}, "1": {"XdistToGoal": 22.799999999999997, "YdistToGoal": 17.799999999999997, "Head": 0, "LeftFoot": 0, "RightFoot": 0, "OtherBodyPart": 1, "YendLoc": 41.1, "ZendLoc": 41.1, "Goal": 0}, "2": {"XdistToGoal": 23.700000000000003, "YdistToGoal": 1.3999999999999986, "Head": 0, "LeftFoot": 0, "RightFoot": 0, "OtherBodyPart": 1, "YendLoc": 39.8, "ZendLoc": 2.4, "Goal": 0}, "3": {"XdistToGoal": 26.400000000000006, "YdistToGoal": 8.8, "Head": 0, "LeftFoot": 0, "RightFoot": 0, "OtherBodyPart": 1, "YendLoc": 37.7, "ZendLoc": 37.7, "Goal": 0}, "4": {"XdistToGoal": 7.200000000000003, "YdistToGoal": 1.7999999999999972, "Head": 1, "LeftFoot": 0, "RightFoot": 0, "OtherBodyPart": 0, "YendLoc": 34.6, "ZendLoc": 2.6, "Goal": 0}, "5": {"XdistToGoal": 14.900000000000006, "YdistToGoal": 14.0, "Head": 0, "LeftFoot": 0, "RightFoot": 0, "OtherBodyPart": 1, "YendLoc": 27.0, "ZendLoc": 27.0, "Goal": 0}, "6": {"XdistToGoal": 19.299999999999997, "YdistToGoal": 6.200000000000003, "Head": 0, "LeftFoot": 0, "RightFoot": 0, "OtherBodyPart": 1, "YendLoc": 36.5, "ZendLoc": 1.6, "Goal": 1}, "7": {"XdistToGoal": 10.900000000000006, "YdistToGoal": 7.100000000000001, "Head": 1, "LeftFoot": 0, "RightFoot": 0, "OtherBodyPart": 0, "YendLoc": 49.5, "ZendLoc": 2.0, "Goal": 0}, "8": {"XdistToGoal": 16.400000000000006, "YdistToGoal": 0.6000000000000014, "Head": 0, "LeftFoot": 0, "RightFoot": 0, "OtherBodyPart": 1, "YendLoc": 36.6, "ZendLoc": 5.3, "Goal": 0}, "9": {"XdistToGoal": 16.700000000000003, "YdistToGoal": 20.200000000000003, "Head": 0, "LeftFoot": 0, "RightFoot": 0, "OtherBodyPart": 1, "YendLoc": 43.6, "ZendLoc": 4.9, "Goal": 0}, "10": {"XdistToGoal": 18.799999999999997, "YdistToGoal": 18.299999999999997, "Head": 0, "LeftFoot": 0, "RightFoot": 0, "OtherBodyPart": 1, "YendLoc": 41.1, "ZendLoc": 6.3, "Goal": 0}, "11": {"XdistToGoal": 11.5, "YdistToGoal": 15.299999999999997, "Head": 0, "LeftFoot": 0, "RightFoot": 0, "OtherBodyPart": 1, "YendLoc": 43.6, "ZendLoc": 1.2, "Goal": 0}, "12": {"XdistToGoal": 4.599999999999994, "YdistToGoal": 2.8999999999999986, "Head": 0, "LeftFoot": 0, "RightFoot": 0, "OtherBodyPart": 1, "YendLoc": 42.6, "ZendLoc": 0.1, "Goal": 1}, "13": {"XdistToGoal": 22.200000000000003, "YdistToGoal": 1.0, "Head": 0, "LeftFoot": 0, "RightFoot": 0, "OtherBodyPart": 1, "YendLoc": 33.7, "ZendLoc": 0.2, "Goal": 0}, "14": {"XdistToGoal": 16.5, "YdistToGoal": 17.4, "Head": 0, "LeftFoot": 0, "RightFoot": 0, "OtherBodyPart": 1, "YendLoc": 56.7, "ZendLoc": 56.7, "Goal": 0}, "15": {"XdistToGoal": 34.0, "YdistToGoal": 9.600000000000001, "Head": 0, "LeftFoot": 0, "RightFoot": 0, "OtherBodyPart": 1, "YendLoc": 31.1, "ZendLoc": 31.1, "Goal": 0}, "16": {"XdistToGoal": 24.599999999999994, "YdistToGoal": 3.0, "Head": 0, "LeftFoot": 0, "RightFoot": 0, "OtherBodyPart": 1, "YendLoc": 41.2, "ZendLoc": 41.2, "Goal": 0}, "17": {"XdistToGoal": 20.099999999999994, "YdistToGoal": 4.899999999999999, "Head": 0, "LeftFoot": 0, "RightFoot": 0, "OtherBodyPart": 1, "YendLoc": 33.0, "ZendLoc": 0.1, "Goal": 0}, "18": {"XdistToGoal": 4.900000000000006, "YdistToGoal": 10.0, "Head": 0, "LeftFoot": 0, "RightFoot": 0, "OtherBodyPart": 1, "YendLoc": 44.5, "ZendLoc": 0.2, "Goal": 0}, "19": {"XdistToGoal": 12.400000000000006, "YdistToGoal": 13.2, "Head": 0, "LeftFoot": 0, "RightFoot": 0, "OtherBodyPart": 1, "YendLoc": 46.7, "ZendLoc": 0.2, "Goal": 0}, "20": {"XdistToGoal": 2.299999999999997, "YdistToGoal": 8.100000000000001, "Head": 0, "LeftFoot": 0, "RightFoot": 0, "OtherBodyPart": 1, "YendLoc": 43.9, "ZendLoc": 0.5, "Goal": 0}}