{"0": {"XdistToGoal": 10.700000000000003, "YdistToGoal": 2.8999999999999986, "Head": 0, "LeftFoot": 0, "RightFoot": 0, "OtherBodyPart": 1, "YendLoc": 37.1, "ZendLoc": 37.1, "Goal": 0}, "1": {"XdistToGoal": 1.9000000000000057, "YdistToGoal": 12.299999999999997, "Head": 0, "LeftFoot": 0, "RightFoot": 0, "OtherBodyPart": 1, "YendLoc": 38.2, "ZendLoc": 2.3, "Goal": 1}, "2": {"XdistToGoal": 26.0, "YdistToGoal": 7.600000000000001, "Head": 0, "LeftFoot": 0, "RightFoot": 0, "OtherBodyPart": 1, "YendLoc": 38.6, "ZendLoc": 38.6, "Goal": 0}, "3": {"XdistToGoal": 8.700000000000003, "YdistToGoal": 4.399999999999999, "Head": 1, "LeftFoot": 0, "RightFoot": 0, "OtherBodyPart": 0, "YendLoc": 37.7, "ZendLoc": 6.2, "Goal": 0}, "4": {"XdistToGoal": 20.200000000000003, "YdistToGoal": 13.399999999999999, "Head": 0, "LeftFoot": 0, "RightFoot": 0, "OtherBodyPart": 1, "YendLoc": 39.0, "ZendLoc": 0.7, "Goal": 0}, "5": {"XdistToGoal": 21.299999999999997, "YdistToGoal": 8.2, "Head": 0, "LeftFoot": 0, "RightFoot": 0, "OtherBodyPart": 1, "YendLoc": 33.4, "ZendLoc": 33.4, "Goal": 0}, "6": {"XdistToGoal": 23.900000000000006, "YdistToGoal": 10.100000000000001, "Head": 0, "LeftFoot": 0, "RightFoot": 0, "OtherBodyPart": 1, "YendLoc": 36.8, "ZendLoc": 3.5, "Goal": 0}, "7": {"XdistToGoal": 18.0, "YdistToGoal": 15.799999999999997, "Head": 0, "LeftFoot": 0, "RightFoot": 0, "OtherBodyPart": 1, "YendLoc": 54.3, "ZendLoc": 54.3, "Goal": 0}, "8": {"XdistToGoal": 4.799999999999997, "YdistToGoal": 5.799999999999997, "Head": 1, "LeftFoot": 0, "RightFoot": 0, "OtherBodyPart": 0, "YendLoc": 41.3, "ZendLoc": 1.8, "Goal": 0}, "9": {"XdistToGoal": 16.400000000000006, "YdistToGoal": 7.100000000000001, "Head": 0, "LeftFoot": 0, "RightFoot": 0, "OtherBodyPart": 1, "YendLoc": 33.7, "ZendLoc": 33.7, "Goal": 0}, "10": {"XdistToGoal": 22.799999999999997, "YdistToGoal": 13.600000000000001, "Head": 0, "LeftFoot": 0, "RightFoot": 0, "OtherBodyPart": 1, "YendLoc": 52.0, "ZendLoc": 0.2, "Goal": 0}, "11": {"XdistToGoal": 6.900000000000006, "YdistToGoal": 15.100000000000001, "Head": 0, "LeftFoot": 0, "RightFoot": 0, "OtherBodyPart": 1, "YendLoc": 35.7, "ZendLoc": 0.5, "Goal": 0}, "12": {"XdistToGoal": 35.2, "YdistToGoal": 2.700000000000003, "Head": 0, "LeftFoot": 0, "RightFoot": 0, "OtherBodyPart": 1, "YendLoc": 35.4, "ZendLoc": 1.3, "Goal": 0}, "13": {"XdistToGoal": 9.0, "YdistToGoal": 11.600000000000001, "Head": 0, "LeftFoot": 0, "RightFoot": 0, "OtherBodyPart": 1, "YendLoc": 29.4, "ZendLoc": 29.4, "Goal": 0}, "14": {"XdistToGoal": 7.700000000000003, "YdistToGoal": 3.700000000000003, "Head": 1, "LeftFoot": 0, "RightFoot": 0, "OtherBodyPart": 0, "YendLoc": 39.1, "ZendLoc": 5.2, "Goal": 0}, "15": {"XdistToGoal": 9.299999999999997, "YdistToGoal": 4.600000000000001, "Head": 1, "LeftFoot": 0, "RightFoot": 0, "OtherBodyPart": 0, "YendLoc": 44.8, "ZendLoc": 1.2, "Goal": 0}, "16": {"XdistToGoal": 29.400000000000006, "YdistToGoal": 2.700000000000003, "Head": 0, "LeftFoot": 0, "RightFoot": 0, "OtherBodyPart": 1, "YendLoc": 37.3, "ZendLoc": 37.3, "Goal": 0}, "17": {"XdistToGoal": 5.900000000000006, "YdistToGoal": 0.7000000000000028, "Head": 0, "LeftFoot": 0, "RightFoot": 0, "OtherBodyPart": 1, "YendLoc": 39.1, "ZendLoc": 0.2, "Goal": 1}, "18": {"XdistToGoal": 8.299999999999997, "YdistToGoal": 4.600000000000001, "Head": 1, "LeftFoot": 0, "RightFoot": 0, "OtherBodyPart": 0, "YendLoc": 43.8, "ZendLoc": 0.8, "Goal": 1}, "19": {"XdistToGoal": 15.900000000000006, "YdistToGoal": 6.899999999999999, "Head": 0, "LeftFoot": 0, "RightFoot": 0, "OtherBodyPart": 1, "YendLoc": 41.9, "ZendLoc": 2.3, "Goal": 0}, "20": {"XdistToGoal": 11.900000000000006, "YdistToGoal": 0.10000000000000142, "Head": 0, "LeftFoot": 0, "RightFoot": 0, "OtherBodyPart": 1, "YendLoc": 43.8, "ZendLoc": 2.4, "Goal": 1}, "21": {"XdistToGoal": 7.299999999999997, "YdistToGoal": 7.0, "Head": 0, "LeftFoot": 0, "RightFoot": 0, "OtherBodyPart": 1, "YendLoc": 41.2, "ZendLoc": 0.4, "Goal": 1}, "22": {"XdistToGoal": 16.599999999999994, "YdistToGoal": 17.799999999999997, "Head": 0, "LeftFoot": 0, "RightFoot": 0, "OtherBodyPart": 1, "YendLoc": 56.3, "ZendLoc": 56.3, "Goal": 0}, "23": {"XdistToGoal": 5.0, "YdistToGoal": 6.100000000000001, "Head": 0, "LeftFoot": 0, "RightFoot": 0, "OtherBodyPart": 1, "YendLoc": 43.2, "ZendLoc": 43.2, "Goal": 0}, "24": {"XdistToGoal": 31.099999999999994, "YdistToGoal": 1.1000000000000014, "Head": 0, "LeftFoot": 0, "RightFoot": 0, "OtherBodyPart": 1, "YendLoc": 37.1, "ZendLoc": 37.1, "Goal": 0}, "25": {"XdistToGoal": 26.400000000000006, "YdistToGoal": 17.299999999999997, "Head": 0, "LeftFoot": 0, "RightFoot": 0, "OtherBodyPart": 1, "YendLoc": 34.8, "ZendLoc": 0.5, "Goal": 0}, "26": {"XdistToGoal": 23.200000000000003, "YdistToGoal": 8.799999999999997, "Head": 0, "LeftFoot": 0, "RightFoot": 0, "OtherBodyPart": 1, "YendLoc": 48.3, "ZendLoc": 48.3, "Goal": 0}, "27": {"XdistToGoal": 7.799999999999997, "YdistToGoal": 6.299999999999997, "Head": 0, "LeftFoot": 0, "RightFoot": 0, "OtherBodyPart": 1, "YendLoc": 35.0, "ZendLoc": 0.2, "Goal": 0}}