{"0": {"XdistToGoal": 24.799999999999997, "YdistToGoal": 4.5, "Head": 0, "LeftFoot": 0, "RightFoot": 0, "OtherBodyPart": 1, "YendLoc": 53.1, "ZendLoc": 4.2, "Goal": 0}, "1": {"XdistToGoal": 24.400000000000006, "YdistToGoal": 14.100000000000001, "Head": 0, "LeftFoot": 0, "RightFoot": 0, "OtherBodyPart": 1, "YendLoc": 44.5, "ZendLoc": 1.8, "Goal": 0}, "2": {"XdistToGoal": 11.799999999999997, "YdistToGoal": 3.299999999999997, "Head": 0, "LeftFoot": 0, "RightFoot": 0, "OtherBodyPart": 1, "YendLoc": 39.9, "ZendLoc": 5.5, "Goal": 0}, "3": {"XdistToGoal": 22.0, "YdistToGoal": 5.799999999999997, "Head": 0, "LeftFoot": 0, "RightFoot": 0, "OtherBodyPart": 1, "YendLoc": 25.0, "ZendLoc": 0.2, "Goal": 0}, "4": {"XdistToGoal": 12.5, "YdistToGoal": 3.299999999999997, "Head": 1, "LeftFoot": 0, "RightFoot": 0, "OtherBodyPart": 0, "YendLoc": 41.7, "ZendLoc": 1.2, "Goal": 0}, "5": {"XdistToGoal": 25.900000000000006, "YdistToGoal": 6.200000000000003, "Head": 0, "LeftFoot": 0, "RightFoot": 0, "OtherBodyPart": 1, "YendLoc": 36.6, "ZendLoc": 1.6, "Goal": 1}, "6": {"XdistToGoal": 22.400000000000006, "YdistToGoal": 0.20000000000000284, "Head": 0, "LeftFoot": 0, "RightFoot": 0, "OtherBodyPart": 1, "YendLoc": 25.9, "ZendLoc": 4.6, "Goal": 0}, "7": {"XdistToGoal": 8.799999999999997, "YdistToGoal": 1.3999999999999986, "Head": 1, "LeftFoot": 0, "RightFoot": 0, "OtherBodyPart": 0, "YendLoc": 42.5, "ZendLoc": 4.5, "Goal": 0}, "8": {"XdistToGoal": 29.5, "YdistToGoal": 12.200000000000003, "Head": 0, "LeftFoot": 0, "RightFoot": 0, "OtherBodyPart": 1, "YendLoc": 46.2, "ZendLoc": 46.2, "Goal": 0}, "9": {"XdistToGoal": 23.599999999999994, "YdistToGoal": 0.29999999999999716, "Head": 0, "LeftFoot": 0, "RightFoot": 0, "OtherBodyPart": 1, "YendLoc": 38.4, "ZendLoc": 0.2, "Goal": 1}, "10": {"XdistToGoal": 19.400000000000006, "YdistToGoal": 12.0, "Head": 0, "LeftFoot": 0, "RightFoot": 0, "OtherBodyPart": 1, "YendLoc": 43.5, "ZendLoc": 0.2, "Goal": 1}, "11": {"XdistToGoal": 4.799999999999997, "YdistToGoal": 3.799999999999997, "Head": 0, "LeftFoot": 0, "RightFoot": 0, "OtherBodyPart": 1, "YendLoc": 45.5, "ZendLoc": 1.3, "Goal": 0}, "12": {"XdistToGoal": 11.099999999999994, "YdistToGoal": 7.899999999999999, "Head": 0, "LeftFoot": 0, "RightFoot": 0, "OtherBodyPart": 1, "YendLoc": 40.0, "ZendLoc": 2.2, "Goal": 1}, "13": {"XdistToGoal": 24.900000000000006, "YdistToGoal": 8.799999999999997, "Head": 0, "LeftFoot": 0, "RightFoot": 0, "OtherBodyPart": 1, "YendLoc": 42.8, "ZendLoc": 3.5, "Goal": 0}, "14": {"XdistToGoal": 11.900000000000006, "YdistToGoal": 0.10000000000000142, "Head": 0, "LeftFoot": 0, "RightFoot": 0, "OtherBodyPart": 1, "YendLoc": 40.2, "ZendLoc": 0.5, "Goal": 1}, "15": {"XdistToGoal": 16.099999999999994, "YdistToGoal": 6.5, "Head": 0, "LeftFoot": 0, "RightFoot": 0, "OtherBodyPart": 1, "YendLoc": 37.1, "ZendLoc": 2.4, "Goal": 1}, "16": {"XdistToGoal": 26.0, "YdistToGoal": 2.0, "Head": 0, "LeftFoot": 0, "RightFoot": 0, "OtherBodyPart": 1, "YendLoc": 29.4, "ZendLoc": 1.0, "Goal": 0}, "17": {"XdistToGoal": 15.400000000000006, "YdistToGoal": 3.6000000000000014, "Head": 0, "LeftFoot": 0, "RightFoot": 0, "OtherBodyPart": 1, "YendLoc": 35.4, "ZendLoc": 2.6, "Goal": 0}}