{"0": {"XdistToGoal": 19.799999999999997, "YdistToGoal": 18.299999999999997, "Head": 0, "LeftFoot": 0, "RightFoot": 0, "OtherBodyPart": 1, "YendLoc": 51.5, "ZendLoc": 51.5, "Goal": 0}, "1": {"XdistToGoal": 9.200000000000003, "YdistToGoal": 7.200000000000003, "Head": 1, "LeftFoot": 0, "RightFoot": 0, "OtherBodyPart": 0, "YendLoc": 43.1, "ZendLoc": 1.3, "Goal": 0}, "2": {"XdistToGoal": 9.0, "YdistToGoal": 10.600000000000001, "Head": 0, "LeftFoot": 0, "RightFoot": 0, "OtherBodyPart": 1, "YendLoc": 42.5, "ZendLoc": 0.9, "Goal": 1}, "3": {"XdistToGoal": 9.099999999999994, "YdistToGoal": 1.6000000000000014, "Head": 1, "LeftFoot": 0, "RightFoot": 0, "OtherBodyPart": 0, "YendLoc": 46.7, "ZendLoc": 0.5, "Goal": 0}, "4": {"XdistToGoal": 6.200000000000003, "YdistToGoal": 16.1, "Head": 0, "LeftFoot": 0, "RightFoot": 0, "OtherBodyPart": 1, "YendLoc": 33.6, "ZendLoc": 2.5, "Goal": 0}, "5": {"XdistToGoal": 6.700000000000003, "YdistToGoal": 2.799999999999997, "Head": 1, "LeftFoot": 0, "RightFoot": 0, "OtherBodyPart": 0, "YendLoc": 38.2, "ZendLoc": 4.7, "Goal": 0}, "6": {"XdistToGoal": 11.200000000000003, "YdistToGoal": 13.799999999999997, "Head": 0, "LeftFoot": 0, "RightFoot": 0, "OtherBodyPart": 1, "YendLoc": 44.5, "ZendLoc": 0.0, "Goal": 0}, "7": {"XdistToGoal": 29.900000000000006, "YdistToGoal": 1.7000000000000028, "Head": 0, "LeftFoot": 0, "RightFoot": 0, "OtherBodyPart": 1, "YendLoc": 46.0, "ZendLoc": 4.4, "Goal": 0}, "8": {"XdistToGoal": 11.099999999999994, "YdistToGoal": 0.10000000000000142, "Head": 0, "LeftFoot": 0, "RightFoot": 0, "OtherBodyPart": 1, "YendLoc": 39.8, "ZendLoc": 39.8, "Goal": 0}, "9": {"XdistToGoal": 12.900000000000006, "YdistToGoal": 11.600000000000001, "Head": 0, "LeftFoot": 0, "RightFoot": 0, "OtherBodyPart": 1, "YendLoc": 30.5, "ZendLoc": 30.5, "Goal": 0}, "10": {"XdistToGoal": 26.200000000000003, "YdistToGoal": 21.2, "Head": 0, "LeftFoot": 0, "RightFoot": 0, "OtherBodyPart": 1, "YendLoc": 42.1, "ZendLoc": 1.8, "Goal": 0}, "11": {"XdistToGoal": 23.099999999999994, "YdistToGoal": 2.1000000000000014, "Head": 0, "LeftFoot": 0, "RightFoot": 0, "OtherBodyPart": 1, "YendLoc": 42.0, "ZendLoc": 0.4, "Goal": 0}, "12": {"XdistToGoal": 24.799999999999997, "YdistToGoal": 8.399999999999999, "Head": 0, "LeftFoot": 0, "RightFoot": 0, "OtherBodyPart": 1, "YendLoc": 45.8, "ZendLoc": 45.8, "Goal": 0}, "13": {"XdistToGoal": 6.200000000000003, "YdistToGoal": 13.0, "Head": 0, "LeftFoot": 0, "RightFoot": 0, "OtherBodyPart": 1, "YendLoc": 29.9, "ZendLoc": 0.5, "Goal": 0}, "14": {"XdistToGoal": 22.400000000000006, "YdistToGoal": 7.100000000000001, "Head": 0, "LeftFoot": 0, "RightFoot": 0, "OtherBodyPart": 1, "YendLoc": 46.7, "ZendLoc": 46.7, "Goal": 0}, "15": {"XdistToGoal": 26.299999999999997, "YdistToGoal": 17.3, "Head": 0, "LeftFoot": 0, "RightFoot": 0, "OtherBodyPart": 1, "YendLoc": 37.9, "ZendLoc": 0.0, "Goal": 0}, "16": {"XdistToGoal": 24.400000000000006, "YdistToGoal": 17.4, "Head": 0, "LeftFoot": 0, "RightFoot": 0, "OtherBodyPart": 1, "YendLoc": 25.9, "ZendLoc": 25.9, "Goal": 0}, "17": {"XdistToGoal": 16.200000000000003, "YdistToGoal": 3.700000000000003, "Head": 0, "LeftFoot": 0, "RightFoot": 0, "OtherBodyPart": 1, "YendLoc": 36.9, "ZendLoc": 0.5, "Goal": 0}, "18": {"XdistToGoal": 13.799999999999997, "YdistToGoal": 13.399999999999999, "Head": 0, "LeftFoot": 0, "RightFoot": 0, "OtherBodyPart": 1, "YendLoc": 51.0, "ZendLoc": 51.0, "Goal": 0}, "19": {"XdistToGoal": 6.700000000000003, "YdistToGoal": 12.0, "Head": 0, "LeftFoot": 0, "RightFoot": 0, "OtherBodyPart": 1, "YendLoc": 45.3, "ZendLoc": 0.3, "Goal": 0}, "20": {"XdistToGoal": 26.400000000000006, "YdistToGoal": 11.8, "Head": 0, "LeftFoot": 0, "RightFoot": 0, "OtherBodyPart": 1, "YendLoc": 36.8, "ZendLoc": 1.8, "Goal": 0}, "21": {"XdistToGoal": 5.700000000000003, "YdistToGoal": 0.3999999999999986, "Head": 0, "LeftFoot": 0, "RightFoot": 0, "OtherBodyPart": 1, "YendLoc": 40.1, "ZendLoc": 0.9, "Goal": 0}, "22": {"XdistToGoal": 8.900000000000006, "YdistToGoal": 9.100000000000001, "Head": 0, "LeftFoot": 0, "RightFoot": 0, "OtherBodyPart": 1, "YendLoc": 49.1, "ZendLoc": 3.4, "Goal": 0}, "23": {"XdistToGoal": 23.599999999999994, "YdistToGoal": 22.0, "Head": 0, "LeftFoot": 0, "RightFoot": 0, "OtherBodyPart": 1, "YendLoc": 39.2, "ZendLoc": 5.7, "Goal": 0}, "24": {"XdistToGoal": 7.599999999999994, "YdistToGoal": 4.899999999999999, "Head": 0, "LeftFoot": 0, "RightFoot": 0, "OtherBodyPart": 1, "YendLoc": 41.1, "ZendLoc": 41.1, "Goal": 0}, "25": {"XdistToGoal": 13.799999999999997, "YdistToGoal": 7.700000000000003, "Head": 0, "LeftFoot": 0, "RightFoot": 0, "OtherBodyPart": 1, "YendLoc": 44.8, "ZendLoc": 0.2, "Goal": 0}, "26": {"XdistToGoal": 24.299999999999997, "YdistToGoal": 2.6000000000000014, "Head": 0, "LeftFoot": 0, "RightFoot": 0, "OtherBodyPart": 1, "YendLoc": 33.2, "ZendLoc": 0.4, "Goal": 0}, "27": {"XdistToGoal": 7.0, "YdistToGoal": 1.2999999999999972, "Head": 1, "LeftFoot": 0, "RightFoot": 0, "OtherBodyPart": 0, "YendLoc": 43.3, "ZendLoc": 5.3, "Goal": 0}, "28": {"XdistToGoal": 13.900000000000006, "YdistToGoal": 5.299999999999997, "Head": 0, "LeftFoot": 0, "RightFoot": 0, "OtherBodyPart": 1, "YendLoc": 42.9, "ZendLoc": 0.5, "Goal": 0}, "29": {"XdistToGoal": 11.900000000000006, "YdistToGoal": 7.100000000000001, "Head": 0, "LeftFoot": 0, "RightFoot": 0, "OtherBodyPart": 1, "YendLoc": 34.2, "ZendLoc": 0.2, "Goal": 0}, "30": {"XdistToGoal": 18.799999999999997, "YdistToGoal": 11.0, "Head": 0, "LeftFoot": 0, "RightFoot": 0, "OtherBodyPart": 1, "YendLoc": 39.4, "ZendLoc": 0.3, "Goal": 0}, "31": {"XdistToGoal": 8.799999999999997, "YdistToGoal": 0.20000000000000284, "Head": 1, "LeftFoot": 0, "RightFoot": 0, "OtherBodyPart": 0, "YendLoc": 2.6, "ZendLoc": 2.6, "Goal": 0}}