{"0": {"XdistToGoal": 12.099999999999994, "YdistToGoal": 4.299999999999997, "Head": 1, "LeftFoot": 0, "RightFoot": 0, "OtherBodyPart": 0, "YendLoc": 37.6, "ZendLoc": 37.6, "Goal": 0}, "1": {"XdistToGoal": 6.0, "YdistToGoal": 4.299999999999997, "Head": 0, "LeftFoot": 0, "RightFoot": 0, "OtherBodyPart": 1, "YendLoc": 36.2, "ZendLoc": 36.2, "Goal": 0}, "2": {"XdistToGoal": 27.5, "YdistToGoal": 6.600000000000001, "Head": 0, "LeftFoot": 0, "RightFoot": 0, "OtherBodyPart": 1, "YendLoc": 41.2, "ZendLoc": 5.7, "Goal": 0}, "3": {"XdistToGoal": 9.099999999999994, "YdistToGoal": 7.799999999999997, "Head": 0, "LeftFoot": 0, "RightFoot": 0, "OtherBodyPart": 1, "YendLoc": 43.2, "ZendLoc": 0.8, "Goal": 1}, "4": {"XdistToGoal": 6.700000000000003, "YdistToGoal": 6.799999999999997, "Head": 0, "LeftFoot": 0, "RightFoot": 0, "OtherBodyPart": 1, "YendLoc": 32.7, "ZendLoc": 1.6, "Goal": 0}, "5": {"XdistToGoal": 8.299999999999997, "YdistToGoal": 12.3, "Head": 0, "LeftFoot": 0, "RightFoot": 0, "OtherBodyPart": 1, "YendLoc": 50.2, "ZendLoc": 0.2, "Goal": 0}, "6": {"XdistToGoal": 7.299999999999997, "YdistToGoal": 8.700000000000003, "Head": 0, "LeftFoot": 0, "RightFoot": 0, "OtherBodyPart": 1, "YendLoc": 43.9, "ZendLoc": 0.4, "Goal": 0}, "7": {"XdistToGoal": 12.400000000000006, "YdistToGoal": 0.6000000000000014, "Head": 0, "LeftFoot": 0, "RightFoot": 0, "OtherBodyPart": 1, "YendLoc": 36.5, "ZendLoc": 4.2, "Goal": 0}, "8": {"XdistToGoal": 17.900000000000006, "YdistToGoal": 13.5, "Head": 0, "LeftFoot": 0, "RightFoot": 0, "OtherBodyPart": 1, "YendLoc": 39.6, "ZendLoc": 0.7, "Goal": 0}, "9": {"XdistToGoal": 3.700000000000003, "YdistToGoal": 10.600000000000001, "Head": 0, "LeftFoot": 0, "RightFoot": 0, "OtherBodyPart": 1, "YendLoc": 0.1, "ZendLoc": 0.1, "Goal": 0}, "10": {"XdistToGoal": 23.900000000000006, "YdistToGoal": 0.8999999999999986, "Head": 0, "LeftFoot": 0, "RightFoot": 0, "OtherBodyPart": 1, "YendLoc": 43.5, "ZendLoc": 5.9, "Goal": 0}, "11": {"XdistToGoal": 26.299999999999997, "YdistToGoal": 6.100000000000001, "Head": 0, "LeftFoot": 0, "RightFoot": 0, "OtherBodyPart": 1, "YendLoc": 42.3, "ZendLoc": 2.4, "Goal": 0}, "12": {"XdistToGoal": 12.799999999999997, "YdistToGoal": 2.200000000000003, "Head": 0, "LeftFoot": 0, "RightFoot": 0, "OtherBodyPart": 1, "YendLoc": 42.6, "ZendLoc": 0.1, "Goal": 0}, "13": {"XdistToGoal": 6.700000000000003, "YdistToGoal": 6.700000000000003, "Head": 1, "LeftFoot": 0, "RightFoot": 0, "OtherBodyPart": 0, "YendLoc": 61.3, "ZendLoc": 2.7, "Goal": 0}, "14": {"XdistToGoal": 18.599999999999994, "YdistToGoal": 12.100000000000001, "Head": 0, "LeftFoot": 0, "RightFoot": 0, "OtherBodyPart": 1, "YendLoc": 48.0, "ZendLoc": 2.4, "Goal": 0}, "15": {"XdistToGoal": 17.200000000000003, "YdistToGoal": 9.799999999999997, "Head": 0, "LeftFoot": 0, "RightFoot": 0, "OtherBodyPart": 1, "YendLoc": 28.6, "ZendLoc": 0.1, "Goal": 0}, "16": {"XdistToGoal": 10.0, "YdistToGoal": 1.7999999999999972, "Head": 1, "LeftFoot": 0, "RightFoot": 0, "OtherBodyPart": 0, "YendLoc": 35.9, "ZendLoc": 4.4, "Goal": 0}, "17": {"XdistToGoal": 7.5, "YdistToGoal": 11.7, "Head": 0, "LeftFoot": 0, "RightFoot": 0, "OtherBodyPart": 1, "YendLoc": 34.8, "ZendLoc": 5.1, "Goal": 0}, "18": {"XdistToGoal": 3.5999999999999943, "YdistToGoal": 1.3999999999999986, "Head": 0, "LeftFoot": 0, "RightFoot": 0, "OtherBodyPart": 1, "YendLoc": 42.4, "ZendLoc": 1.0, "Goal": 1}, "19": {"XdistToGoal": 14.400000000000006, "YdistToGoal": 7.600000000000001, "Head": 0, "LeftFoot": 0, "RightFoot": 0, "OtherBodyPart": 1, "YendLoc": 43.3, "ZendLoc": 0.6, "Goal": 1}, "20": {"XdistToGoal": 13.700000000000003, "YdistToGoal": 16.7, "Head": 0, "LeftFoot": 0, "RightFoot": 0, "OtherBodyPart": 1, "YendLoc": 29.3, "ZendLoc": 29.3, "Goal": 0}, "21": {"XdistToGoal": 14.599999999999994, "YdistToGoal": 8.0, "Head": 0, "LeftFoot": 0, "RightFoot": 0, "OtherBodyPart": 1, "YendLoc": 44.4, "ZendLoc": 1.8, "Goal": 0}, "22": {"XdistToGoal": 14.5, "YdistToGoal": 0.0, "Head": 0, "LeftFoot": 0, "RightFoot": 0, "OtherBodyPart": 1, "YendLoc": 39.3, "ZendLoc": 0.1, "Goal": 1}, "23": {"XdistToGoal": 3.799999999999997, "YdistToGoal": 5.299999999999997, "Head": 1, "LeftFoot": 0, "RightFoot": 0, "OtherBodyPart": 0, "YendLoc": 35.9, "ZendLoc": 3.8, "Goal": 0}, "24": {"XdistToGoal": 12.400000000000006, "YdistToGoal": 3.0, "Head": 0, "LeftFoot": 0, "RightFoot": 0, "OtherBodyPart": 1, "YendLoc": 42.3, "ZendLoc": 42.3, "Goal": 0}, "25": {"XdistToGoal": 8.5, "YdistToGoal": 17.2, "Head": 0, "LeftFoot": 0, "RightFoot": 0, "OtherBodyPart": 1, "YendLoc": 33.3, "ZendLoc": 3.9, "Goal": 0}, "26": {"XdistToGoal": 16.0, "YdistToGoal": 8.3, "Head": 0, "LeftFoot": 0, "RightFoot": 0, "OtherBodyPart": 1, "YendLoc": 37.8, "ZendLoc": 0.1, "Goal": 0}, "27": {"XdistToGoal": 24.400000000000006, "YdistToGoal": 0.0, "Head": 0, "LeftFoot": 0, "RightFoot": 0, "OtherBodyPart": 1, "YendLoc": 41.6, "ZendLoc": 41.6, "Goal": 0}, "28": {"XdistToGoal": 12.0, "YdistToGoal": 5.299999999999997, "Head": 0, "LeftFoot": 0, "RightFoot": 0, "OtherBodyPart": 1, "YendLoc": 37.0, "ZendLoc": 0.2, "Goal": 1}, "29": {"XdistToGoal": 12.0, "YdistToGoal": 1.2000000000000028, "Head": 0, "LeftFoot": 0, "RightFoot": 0, "OtherBodyPart": 1, "YendLoc": 52.0, "ZendLoc": 0.1, "Goal": 0}}