{"0": {"XdistToGoal": 35.099999999999994, "YdistToGoal": 6.100000000000001, "Head": 0, "LeftFoot": 0, "RightFoot": 0, "OtherBodyPart": 1, "YendLoc": 36.8, "ZendLoc": 36.8, "Goal": 0}, "1": {"XdistToGoal": 10.5, "YdistToGoal": 0.6000000000000014, "Head": 1, "LeftFoot": 0, "RightFoot": 0, "OtherBodyPart": 0, "YendLoc": 45.7, "ZendLoc": 4.9, "Goal": 0}, "2": {"XdistToGoal": 19.900000000000006, "YdistToGoal": 6.100000000000001, "Head": 0, "LeftFoot": 0, "RightFoot": 0, "OtherBodyPart": 1, "YendLoc": 36.1, "ZendLoc": 0.2, "Goal": 0}, "3": {"XdistToGoal": 12.599999999999994, "YdistToGoal": 1.6000000000000014, "Head": 1, "LeftFoot": 0, "RightFoot": 0, "OtherBodyPart": 0, "YendLoc": 38.2, "ZendLoc": 0.5, "Goal": 0}, "4": {"XdistToGoal": 19.900000000000006, "YdistToGoal": 8.100000000000001, "Head": 0, "LeftFoot": 0, "RightFoot": 0, "OtherBodyPart": 1, "YendLoc": 39.7, "ZendLoc": 0.2, "Goal": 0}, "5": {"XdistToGoal": 24.700000000000003, "YdistToGoal": 4.0, "Head": 0, "LeftFoot": 0, "RightFoot": 0, "OtherBodyPart": 1, "YendLoc": 45.4, "ZendLoc": 0.9, "Goal": 0}, "6": {"XdistToGoal": 2.4000000000000057, "YdistToGoal": 3.299999999999997, "Head": 0, "LeftFoot": 0, "RightFoot": 0, "OtherBodyPart": 1, "YendLoc": 41.9, "ZendLoc": 1.7, "Goal": 1}, "7": {"XdistToGoal": 25.599999999999994, "YdistToGoal": 7.799999999999997, "Head": 0, "LeftFoot": 0, "RightFoot": 0, "OtherBodyPart": 1, "YendLoc": 32.5, "ZendLoc": 32.5, "Goal": 0}, "8": {"XdistToGoal": 7.0, "YdistToGoal": 0.6000000000000014, "Head": 1, "LeftFoot": 0, "RightFoot": 0, "OtherBodyPart": 0, "YendLoc": 42.5, "ZendLoc": 4.3, "Goal": 0}, "9": {"XdistToGoal": 0.7000000000000028, "YdistToGoal": 11.600000000000001, "Head": 0, "LeftFoot": 0, "RightFoot": 0, "OtherBodyPart": 1, "YendLoc": 55.5, "ZendLoc": 0.2, "Goal": 0}, "10": {"XdistToGoal": 18.900000000000006, "YdistToGoal": 13.299999999999997, "Head": 0, "LeftFoot": 0, "RightFoot": 0, "OtherBodyPart": 1, "YendLoc": 44.2, "ZendLoc": 2.8, "Goal": 0}, "11": {"XdistToGoal": 3.5999999999999943, "YdistToGoal": 5.899999999999999, "Head": 1, "LeftFoot": 0, "RightFoot": 0, "OtherBodyPart": 0, "YendLoc": 35.9, "ZendLoc": 1.2, "Goal": 0}, "12": {"XdistToGoal": 24.799999999999997, "YdistToGoal": 1.6000000000000014, "Head": 0, "LeftFoot": 0, "RightFoot": 0, "OtherBodyPart": 1, "YendLoc": 41.2, "ZendLoc": 41.2, "Goal": 0}, "13": {"XdistToGoal": 9.599999999999994, "YdistToGoal": 11.799999999999997, "Head": 0, "LeftFoot": 0, "RightFoot": 0, "OtherBodyPart": 1, "YendLoc": 43.0, "ZendLoc": 1.3, "Goal": 0}, "14": {"XdistToGoal": 13.900000000000006, "YdistToGoal": 1.2000000000000028, "Head": 0, "LeftFoot": 0, "RightFoot": 0, "OtherBodyPart": 1, "YendLoc": 39.9, "ZendLoc": 0.2, "Goal": 0}, "15": {"XdistToGoal": 15.299999999999997, "YdistToGoal": 14.399999999999999, "Head": 0, "LeftFoot": 0, "RightFoot": 0, "OtherBodyPart": 1, "YendLoc": 26.9, "ZendLoc": 26.9, "Goal": 0}, "16": {"XdistToGoal": 17.299999999999997, "YdistToGoal": 5.5, "Head": 0, "LeftFoot": 0, "RightFoot": 0, "OtherBodyPart": 1, "YendLoc": 36.9, "ZendLoc": 0.1, "Goal": 1}, "17": {"XdistToGoal": 13.799999999999997, "YdistToGoal": 3.0, "Head": 1, "LeftFoot": 0, "RightFoot": 0, "OtherBodyPart": 0, "YendLoc": 33.5, "ZendLoc": 33.5, "Goal": 0}, "18": {"XdistToGoal": 5.700000000000003, "YdistToGoal": 5.600000000000001, "Head": 0, "LeftFoot": 0, "RightFoot": 0, "OtherBodyPart": 1, "YendLoc": 38.4, "ZendLoc": 1.3, "Goal": 1}, "19": {"XdistToGoal": 10.0, "YdistToGoal": 15.799999999999997, "Head": 0, "LeftFoot": 0, "RightFoot": 0, "OtherBodyPart": 1, "YendLoc": 44.0, "ZendLoc": 0.2, "Goal": 0}, "20": {"XdistToGoal": 26.299999999999997, "YdistToGoal": 2.700000000000003, "Head": 0, "LeftFoot": 0, "RightFoot": 0, "OtherBodyPart": 1, "YendLoc": 35.0, "ZendLoc": 1.8, "Goal": 0}, "21": {"XdistToGoal": 12.0, "YdistToGoal": 8.299999999999997, "Head": 0, "LeftFoot": 0, "RightFoot": 0, "OtherBodyPart": 1, "YendLoc": 43.6, "ZendLoc": 0.1, "Goal": 1}}