{"0": {"XdistToGoal": 19.299999999999997, "YdistToGoal": 8.799999999999997, "Head": 0, "LeftFoot": 0, "RightFoot": 0, "OtherBodyPart": 1, "YendLoc": 38.2, "ZendLoc": 0.2, "Goal": 0}, "1": {"XdistToGoal": 23.900000000000006, "YdistToGoal": 1.7000000000000028, "Head": 0, "LeftFoot": 0, "RightFoot": 0, "OtherBodyPart": 1, "YendLoc": 41.2, "ZendLoc": 41.2, "Goal": 0}, "2": {"XdistToGoal": 12.5, "YdistToGoal": 1.1000000000000014, "Head": 1, "LeftFoot": 0, "RightFoot": 0, "OtherBodyPart": 0, "YendLoc": 41.6, "ZendLoc": 0.7, "Goal": 0}, "3": {"XdistToGoal": 5.200000000000003, "YdistToGoal": 7.399999999999999, "Head": 0, "LeftFoot": 0, "RightFoot": 0, "OtherBodyPart": 1, "YendLoc": 46.0, "ZendLoc": 1.1, "Goal": 0}, "4": {"XdistToGoal": 18.400000000000006, "YdistToGoal": 10.600000000000001, "Head": 0, "LeftFoot": 0, "RightFoot": 0, "OtherBodyPart": 1, "YendLoc": 25.7, "ZendLoc": 2.5, "Goal": 0}, "5": {"XdistToGoal": 7.5, "YdistToGoal": 9.5, "Head": 0, "LeftFoot": 0, "RightFoot": 0, "OtherBodyPart": 1, "YendLoc": 41.6, "ZendLoc": 1.4, "Goal": 1}, "6": {"XdistToGoal": 15.400000000000006, "YdistToGoal": 9.399999999999999, "Head": 0, "LeftFoot": 0, "RightFoot": 0, "OtherBodyPart": 1, "YendLoc": 37.0, "ZendLoc": 0.1, "Goal": 1}, "7": {"XdistToGoal": 14.900000000000006, "YdistToGoal": 3.1000000000000014, "Head": 1, "LeftFoot": 0, "RightFoot": 0, "OtherBodyPart": 0, "YendLoc": 49.8, "ZendLoc": 0.5, "Goal": 0}, "8": {"XdistToGoal": 13.200000000000003, "YdistToGoal": 6.399999999999999, "Head": 1, "LeftFoot": 0, "RightFoot": 0, "OtherBodyPart": 0, "YendLoc": 42.8, "ZendLoc": 1.0, "Goal": 0}, "9": {"XdistToGoal": 7.900000000000006, "YdistToGoal": 4.200000000000003, "Head": 1, "LeftFoot": 0, "RightFoot": 0, "OtherBodyPart": 0, "YendLoc": 36.9, "ZendLoc": 3.7, "Goal": 0}, "10": {"XdistToGoal": 21.599999999999994, "YdistToGoal": 18.799999999999997, "Head": 0, "LeftFoot": 0, "RightFoot": 0, "OtherBodyPart": 1, "YendLoc": 42.1, "ZendLoc": 0.3, "Goal": 0}, "11": {"XdistToGoal": 24.200000000000003, "YdistToGoal": 5.200000000000003, "Head": 0, "LeftFoot": 0, "RightFoot": 0, "OtherBodyPart": 1, "YendLoc": 48.6, "ZendLoc": 0.2, "Goal": 0}, "12": {"XdistToGoal": 11.200000000000003, "YdistToGoal": 15.100000000000001, "Head": 0, "LeftFoot": 0, "RightFoot": 0, "OtherBodyPart": 1, "YendLoc": 43.0, "ZendLoc": 1.6, "Goal": 0}, "13": {"XdistToGoal": 25.799999999999997, "YdistToGoal": 6.399999999999999, "Head": 0, "LeftFoot": 0, "RightFoot": 0, "OtherBodyPart": 1, "YendLoc": 37.5, "ZendLoc": 4.4, "Goal": 0}, "14": {"XdistToGoal": 11.0, "YdistToGoal": 0.7999999999999972, "Head": 1, "LeftFoot": 0, "RightFoot": 0, "OtherBodyPart": 0, "YendLoc": 42.7, "ZendLoc": 1.0, "Goal": 0}, "15": {"XdistToGoal": 12.900000000000006, "YdistToGoal": 5.100000000000001, "Head": 0, "LeftFoot": 0, "RightFoot": 0, "OtherBodyPart": 1, "YendLoc": 40.0, "ZendLoc": 1.6, "Goal": 0}, "16": {"XdistToGoal": 8.5, "YdistToGoal": 11.100000000000001, "Head": 0, "LeftFoot": 0, "RightFoot": 0, "OtherBodyPart": 1, "YendLoc": 42.6, "ZendLoc": 1.4, "Goal": 0}, "17": {"XdistToGoal": 19.099999999999994, "YdistToGoal": 1.8999999999999986, "Head": 1, "LeftFoot": 0, "RightFoot": 0, "OtherBodyPart": 0, "YendLoc": 48.7, "ZendLoc": 5.0, "Goal": 0}, "18": {"XdistToGoal": 25.5, "YdistToGoal": 19.6, "Head": 0, "LeftFoot": 0, "RightFoot": 0, "OtherBodyPart": 1, "YendLoc": 29.5, "ZendLoc": 0.2, "Goal": 0}, "19": {"XdistToGoal": 6.700000000000003, "YdistToGoal": 3.6000000000000014, "Head": 1, "LeftFoot": 0, "RightFoot": 0, "OtherBodyPart": 0, "YendLoc": 41.8, "ZendLoc": 3.8, "Goal": 0}, "20": {"XdistToGoal": 16.0, "YdistToGoal": 4.600000000000001, "Head": 0, "LeftFoot": 0, "RightFoot": 0, "OtherBodyPart": 1, "YendLoc": 41.5, "ZendLoc": 3.8, "Goal": 0}, "21": {"XdistToGoal": 6.900000000000006, "YdistToGoal": 9.600000000000001, "Head": 0, "LeftFoot": 0, "RightFoot": 0, "OtherBodyPart": 1, "YendLoc": 31.4, "ZendLoc": 31.4, "Goal": 0}, "22": {"XdistToGoal": 6.700000000000003, "YdistToGoal": 8.100000000000001, "Head": 0, "LeftFoot": 0, "RightFoot": 0, "OtherBodyPart": 1, "YendLoc": 37.9, "ZendLoc": 4.2, "Goal": 0}, "23": {"XdistToGoal": 34.400000000000006, "YdistToGoal": 11.3, "Head": 0, "LeftFoot": 0, "RightFoot": 0, "OtherBodyPart": 1, "YendLoc": 33.9, "ZendLoc": 0.5, "Goal": 0}, "24": {"XdistToGoal": 19.099999999999994, "YdistToGoal": 3.3999999999999986, "Head": 0, "LeftFoot": 0, "RightFoot": 0, "OtherBodyPart": 1, "YendLoc": 16.3, "ZendLoc": 6.7, "Goal": 0}, "25": {"XdistToGoal": 23.099999999999994, "YdistToGoal": 5.5, "Head": 0, "LeftFoot": 0, "RightFoot": 0, "OtherBodyPart": 1, "YendLoc": 36.4, "ZendLoc": 36.4, "Goal": 0}, "26": {"XdistToGoal": 19.0, "YdistToGoal": 6.700000000000003, "Head": 0, "LeftFoot": 0, "RightFoot": 0, "OtherBodyPart": 1, "YendLoc": 46.3, "ZendLoc": 46.3, "Goal": 0}, "27": {"XdistToGoal": 10.0, "YdistToGoal": 1.7000000000000028, "Head": 0, "LeftFoot": 0, "RightFoot": 0, "OtherBodyPart": 1, "YendLoc": 42.1, "ZendLoc": 3.5, "Goal": 0}}