{"0": {"XdistToGoal": 28.400000000000006, "YdistToGoal": 11.5, "Head": 0, "LeftFoot": 0, "RightFoot": 0, "OtherBodyPart": 1, "YendLoc": 30.9, "ZendLoc": 30.9, "Goal": 0}, "1": {"XdistToGoal": 8.299999999999997, "YdistToGoal": 14.600000000000001, "Head": 0, "LeftFoot": 0, "RightFoot": 0, "OtherBodyPart": 1, "YendLoc": 44.1, "ZendLoc": 0.3, "Goal": 0}, "2": {"XdistToGoal": 9.299999999999997, "YdistToGoal": 1.3999999999999986, "Head": 1, "LeftFoot": 0, "RightFoot": 0, "OtherBodyPart": 0, "YendLoc": 36.8, "ZendLoc": 1.2, "Goal": 1}, "3": {"XdistToGoal": 8.099999999999994, "YdistToGoal": 3.1000000000000014, "Head": 0, "LeftFoot": 0, "RightFoot": 0, "OtherBodyPart": 1, "YendLoc": 31.8, "ZendLoc": 0.9, "Goal": 0}, "4": {"XdistToGoal": 35.900000000000006, "YdistToGoal": 19.3, "Head": 0, "LeftFoot": 0, "RightFoot": 0, "OtherBodyPart": 1, "YendLoc": 38.3, "ZendLoc": 2.3, "Goal": 0}, "5": {"XdistToGoal": 23.400000000000006, "YdistToGoal": 0.3999999999999986, "Head": 0, "LeftFoot": 0, "RightFoot": 0, "OtherBodyPart": 1, "YendLoc": 40.3, "ZendLoc": 40.3, "Goal": 0}, "6": {"XdistToGoal": 15.900000000000006, "YdistToGoal": 5.600000000000001, "Head": 0, "LeftFoot": 0, "RightFoot": 0, "OtherBodyPart": 1, "YendLoc": 34.5, "ZendLoc": 4.3, "Goal": 0}, "7": {"XdistToGoal": 23.700000000000003, "YdistToGoal": 1.2000000000000028, "Head": 0, "LeftFoot": 0, "RightFoot": 0, "OtherBodyPart": 1, "YendLoc": 31.6, "ZendLoc": 1.6, "Goal": 0}, "8": {"XdistToGoal": 7.299999999999997, "YdistToGoal": 15.200000000000003, "Head": 0, "LeftFoot": 0, "RightFoot": 0, "OtherBodyPart": 1, "YendLoc": 53.4, "ZendLoc": 53.4, "Goal": 0}, "9": {"XdistToGoal": 9.700000000000003, "YdistToGoal": 10.2, "Head": 0, "LeftFoot": 0, "RightFoot": 0, "OtherBodyPart": 1, "YendLoc": 36.9, "ZendLoc": 2.2, "Goal": 1}, "10": {"XdistToGoal": 10.599999999999994, "YdistToGoal": 13.899999999999999, "Head": 0, "LeftFoot": 0, "RightFoot": 0, "OtherBodyPart": 1, "YendLoc": 37.2, "ZendLoc": 1.6, "Goal": 0}, "11": {"XdistToGoal": 12.400000000000006, "YdistToGoal": 15.600000000000001, "Head": 0, "LeftFoot": 0, "RightFoot": 0, "OtherBodyPart": 1, "YendLoc": 44.5, "ZendLoc": 1.3, "Goal": 0}, "12": {"XdistToGoal": 11.900000000000006, "YdistToGoal": 0.10000000000000142, "Head": 0, "LeftFoot": 0, "RightFoot": 0, "OtherBodyPart": 1, "YendLoc": 40.2, "ZendLoc": 3.8, "Goal": 0}, "13": {"XdistToGoal": 16.900000000000006, "YdistToGoal": 10.399999999999999, "Head": 0, "LeftFoot": 0, "RightFoot": 0, "OtherBodyPart": 1, "YendLoc": 36.7, "ZendLoc": 0.1, "Goal": 0}, "14": {"XdistToGoal": 6.299999999999997, "YdistToGoal": 11.2, "Head": 0, "LeftFoot": 0, "RightFoot": 0, "OtherBodyPart": 1, "YendLoc": 36.4, "ZendLoc": 4.6, "Goal": 0}, "15": {"XdistToGoal": 29.400000000000006, "YdistToGoal": 5.0, "Head": 0, "LeftFoot": 0, "RightFoot": 0, "OtherBodyPart": 1, "YendLoc": 30.3, "ZendLoc": 0.9, "Goal": 0}, "16": {"XdistToGoal": 6.900000000000006, "YdistToGoal": 12.799999999999997, "Head": 0, "LeftFoot": 0, "RightFoot": 0, "OtherBodyPart": 1, "YendLoc": 44.7, "ZendLoc": 1.3, "Goal": 0}, "17": {"XdistToGoal": 33.7, "YdistToGoal": 1.8999999999999986, "Head": 0, "LeftFoot": 0, "RightFoot": 0, "OtherBodyPart": 1, "YendLoc": 43.5, "ZendLoc": 0.0, "Goal": 0}, "18": {"XdistToGoal": 6.700000000000003, "YdistToGoal": 6.200000000000003, "Head": 1, "LeftFoot": 0, "RightFoot": 0, "OtherBodyPart": 0, "YendLoc": 45.7, "ZendLoc": 45.7, "Goal": 0}, "19": {"XdistToGoal": 26.599999999999994, "YdistToGoal": 6.899999999999999, "Head": 0, "LeftFoot": 0, "RightFoot": 0, "OtherBodyPart": 1, "YendLoc": 46.0, "ZendLoc": 4.5, "Goal": 0}, "20": {"XdistToGoal": 31.0, "YdistToGoal": 1.6000000000000014, "Head": 0, "LeftFoot": 0, "RightFoot": 0, "OtherBodyPart": 1, "YendLoc": 37.1, "ZendLoc": 1.1, "Goal": 0}, "21": {"XdistToGoal": 19.599999999999994, "YdistToGoal": 16.4, "Head": 0, "LeftFoot": 0, "RightFoot": 0, "OtherBodyPart": 1, "YendLoc": 39.0, "ZendLoc": 0.5, "Goal": 0}, "22": {"XdistToGoal": 25.299999999999997, "YdistToGoal": 8.0, "Head": 0, "LeftFoot": 0, "RightFoot": 0, "OtherBodyPart": 1, "YendLoc": 37.1, "ZendLoc": 5.6, "Goal": 0}, "23": {"XdistToGoal": 13.099999999999994, "YdistToGoal": 12.600000000000001, "Head": 0, "LeftFoot": 0, "RightFoot": 0, "OtherBodyPart": 1, "YendLoc": 37.3, "ZendLoc": 1.1, "Goal": 1}, "24": {"XdistToGoal": 9.700000000000003, "YdistToGoal": 7.799999999999997, "Head": 0, "LeftFoot": 0, "RightFoot": 0, "OtherBodyPart": 1, "YendLoc": 45.0, "ZendLoc": 0.0, "Goal": 0}, "25": {"XdistToGoal": 19.400000000000006, "YdistToGoal": 10.799999999999997, "Head": 0, "LeftFoot": 0, "RightFoot": 0, "OtherBodyPart": 1, "YendLoc": 46.7, "ZendLoc": 2.9, "Goal": 0}}