{"0": {"XdistToGoal": 1.7000000000000028, "YdistToGoal": 4.100000000000001, "Head": 1, "LeftFoot": 0, "RightFoot": 0, "OtherBodyPart": 0, "YendLoc": 42.6, "ZendLoc": 2.8, "Goal": 0}, "1": {"XdistToGoal": 11.200000000000003, "YdistToGoal": 13.899999999999999, "Head": 0, "LeftFoot": 0, "RightFoot": 0, "OtherBodyPart": 1, "YendLoc": 32.4, "ZendLoc": 32.4, "Goal": 0}, "2": {"XdistToGoal": 23.799999999999997, "YdistToGoal": 15.600000000000001, "Head": 0, "LeftFoot": 0, "RightFoot": 0, "OtherBodyPart": 1, "YendLoc": 47.0, "ZendLoc": 47.0, "Goal": 0}, "3": {"XdistToGoal": 21.299999999999997, "YdistToGoal": 4.100000000000001, "Head": 0, "LeftFoot": 0, "RightFoot": 0, "OtherBodyPart": 1, "YendLoc": 25.1, "ZendLoc": 0.2, "Goal": 0}, "4": {"XdistToGoal": 25.0, "YdistToGoal": 3.3999999999999986, "Head": 0, "LeftFoot": 0, "RightFoot": 0, "OtherBodyPart": 1, "YendLoc": 37.4, "ZendLoc": 37.4, "Goal": 0}, "5": {"XdistToGoal": 9.400000000000006, "YdistToGoal": 10.5, "Head": 1, "LeftFoot": 0, "RightFoot": 0, "OtherBodyPart": 0, "YendLoc": 43.8, "ZendLoc": 1.1, "Goal": 0}, "6": {"XdistToGoal": 3.799999999999997, "YdistToGoal": 4.399999999999999, "Head": 1, "LeftFoot": 0, "RightFoot": 0, "OtherBodyPart": 0, "YendLoc": 43.1, "ZendLoc": 1.9, "Goal": 1}, "7": {"XdistToGoal": 17.5, "YdistToGoal": 7.899999999999999, "Head": 0, "LeftFoot": 0, "RightFoot": 0, "OtherBodyPart": 1, "YendLoc": 33.4, "ZendLoc": 33.4, "Goal": 0}, "8": {"XdistToGoal": 7.200000000000003, "YdistToGoal": 10.799999999999997, "Head": 0, "LeftFoot": 0, "RightFoot": 0, "OtherBodyPart": 1, "YendLoc": 49.8, "ZendLoc": 49.8, "Goal": 0}, "9": {"XdistToGoal": 7.900000000000006, "YdistToGoal": 7.600000000000001, "Head": 0, "LeftFoot": 0, "RightFoot": 0, "OtherBodyPart": 1, "YendLoc": 35.1, "ZendLoc": 1.3, "Goal": 0}, "10": {"XdistToGoal": 21.099999999999994, "YdistToGoal": 8.899999999999999, "Head": 0, "LeftFoot": 0, "RightFoot": 0, "OtherBodyPart": 1, "YendLoc": 28.6, "ZendLoc": 0.2, "Goal": 0}, "11": {"XdistToGoal": 13.299999999999997, "YdistToGoal": 2.799999999999997, "Head": 0, "LeftFoot": 0, "RightFoot": 0, "OtherBodyPart": 1, "YendLoc": 37.3, "ZendLoc": 37.3, "Goal": 0}, "12": {"XdistToGoal": 12.799999999999997, "YdistToGoal": 4.100000000000001, "Head": 0, "LeftFoot": 0, "RightFoot": 0, "OtherBodyPart": 1, "YendLoc": 44.1, "ZendLoc": 44.1, "Goal": 0}, "13": {"XdistToGoal": 18.599999999999994, "YdistToGoal": 3.1000000000000014, "Head": 0, "LeftFoot": 0, "RightFoot": 0, "OtherBodyPart": 1, "YendLoc": 35.3, "ZendLoc": 3.8, "Goal": 0}, "14": {"XdistToGoal": 22.900000000000006, "YdistToGoal": 4.899999999999999, "Head": 0, "LeftFoot": 0, "RightFoot": 0, "OtherBodyPart": 1, "YendLoc": 43.5, "ZendLoc": 43.5, "Goal": 0}, "15": {"XdistToGoal": 20.799999999999997, "YdistToGoal": 13.5, "Head": 0, "LeftFoot": 0, "RightFoot": 0, "OtherBodyPart": 1, "YendLoc": 46.0, "ZendLoc": 6.0, "Goal": 0}, "16": {"XdistToGoal": 7.200000000000003, "YdistToGoal": 0.29999999999999716, "Head": 0, "LeftFoot": 0, "RightFoot": 0, "OtherBodyPart": 1, "YendLoc": 41.2, "ZendLoc": 0.2, "Goal": 1}, "17": {"XdistToGoal": 3.0999999999999943, "YdistToGoal": 9.600000000000001, "Head": 0, "LeftFoot": 0, "RightFoot": 0, "OtherBodyPart": 1, "YendLoc": 43.8, "ZendLoc": 4.3, "Goal": 0}, "18": {"XdistToGoal": 20.599999999999994, "YdistToGoal": 0.3999999999999986, "Head": 0, "LeftFoot": 0, "RightFoot": 0, "OtherBodyPart": 1, "YendLoc": 35.1, "ZendLoc": 1.4, "Goal": 0}, "19": {"XdistToGoal": 15.400000000000006, "YdistToGoal": 10.3, "Head": 0, "LeftFoot": 0, "RightFoot": 0, "OtherBodyPart": 1, "YendLoc": 30.2, "ZendLoc": 30.2, "Goal": 0}, "20": {"XdistToGoal": 17.0, "YdistToGoal": 12.399999999999999, "Head": 0, "LeftFoot": 0, "RightFoot": 0, "OtherBodyPart": 1, "YendLoc": 29.7, "ZendLoc": 29.7, "Goal": 0}, "21": {"XdistToGoal": 11.400000000000006, "YdistToGoal": 8.200000000000003, "Head": 0, "LeftFoot": 0, "RightFoot": 0, "OtherBodyPart": 1, "YendLoc": 37.1, "ZendLoc": 0.0, "Goal": 1}, "22": {"XdistToGoal": 21.599999999999994, "YdistToGoal": 2.8999999999999986, "Head": 0, "LeftFoot": 0, "RightFoot": 0, "OtherBodyPart": 1, "YendLoc": 37.4, "ZendLoc": 37.4, "Goal": 0}, "23": {"XdistToGoal": 26.599999999999994, "YdistToGoal": 6.399999999999999, "Head": 0, "LeftFoot": 0, "RightFoot": 0, "OtherBodyPart": 1, "YendLoc": 45.8, "ZendLoc": 45.8, "Goal": 0}, "24": {"XdistToGoal": 14.599999999999994, "YdistToGoal": 4.899999999999999, "Head": 0, "LeftFoot": 0, "RightFoot": 0, "OtherBodyPart": 1, "YendLoc": 37.2, "ZendLoc": 0.0, "Goal": 0}, "25": {"XdistToGoal": 19.200000000000003, "YdistToGoal": 11.8, "Head": 0, "LeftFoot": 0, "RightFoot": 0, "OtherBodyPart": 1, "YendLoc": 36.4, "ZendLoc": 0.2, "Goal": 1}, "26": {"XdistToGoal": 30.5, "YdistToGoal": 1.8999999999999986, "Head": 0, "LeftFoot": 0, "RightFoot": 0, "OtherBodyPart": 1, "YendLoc": 38.6, "ZendLoc": 38.6, "Goal": 0}, "27": {"XdistToGoal": 4.099999999999994, "YdistToGoal": 4.200000000000003, "Head": 0, "LeftFoot": 0, "RightFoot": 0, "OtherBodyPart": 1, "YendLoc": 40.5, "ZendLoc": 0.2, "Goal": 0}}