{"0": {"XdistToGoal": 19.700000000000003, "YdistToGoal": 9.0, "Head": 0, "LeftFoot": 0, "RightFoot": 0, "OtherBodyPart": 1, "YendLoc": 38.6, "ZendLoc": 0.5, "Goal": 0}, "1": {"XdistToGoal": 23.900000000000006, "YdistToGoal": 1.2999999999999972, "Head": 0, "LeftFoot": 0, "RightFoot": 0, "OtherBodyPart": 1, "YendLoc": 40.8, "ZendLoc": 40.8, "Goal": 0}, "2": {"XdistToGoal": 21.799999999999997, "YdistToGoal": 15.2, "Head": 0, "LeftFoot": 0, "RightFoot": 0, "OtherBodyPart": 1, "YendLoc": 40.0, "ZendLoc": 0.6, "Goal": 0}, "3": {"XdistToGoal": 10.299999999999997, "YdistToGoal": 6.100000000000001, "Head": 0, "LeftFoot": 0, "RightFoot": 0, "OtherBodyPart": 1, "YendLoc": 34.0, "ZendLoc": 34.0, "Goal": 0}, "4": {"XdistToGoal": 3.9000000000000057, "YdistToGoal": 24.0, "Head": 0, "LeftFoot": 0, "RightFoot": 0, "OtherBodyPart": 1, "YendLoc": 44.6, "ZendLoc": 44.6, "Goal": 0}, "5": {"XdistToGoal": 11.799999999999997, "YdistToGoal": 0.10000000000000142, "Head": 0, "LeftFoot": 0, "RightFoot": 0, "OtherBodyPart": 1, "YendLoc": 43.3, "ZendLoc": 0.2, "Goal": 1}, "6": {"XdistToGoal": 17.099999999999994, "YdistToGoal": 18.299999999999997, "Head": 0, "LeftFoot": 0, "RightFoot": 0, "OtherBodyPart": 1, "YendLoc": 35.0, "ZendLoc": 2.1, "Goal": 0}, "7": {"XdistToGoal": 18.599999999999994, "YdistToGoal": 4.0, "Head": 0, "LeftFoot": 0, "RightFoot": 0, "OtherBodyPart": 1, "YendLoc": 32.6, "ZendLoc": 0.2, "Goal": 0}, "8": {"XdistToGoal": 23.799999999999997, "YdistToGoal": 0.6000000000000014, "Head": 0, "LeftFoot": 0, "RightFoot": 0, "OtherBodyPart": 1, "YendLoc": 39.5, "ZendLoc": 39.5, "Goal": 0}, "9": {"XdistToGoal": 27.299999999999997, "YdistToGoal": 11.200000000000003, "Head": 0, "LeftFoot": 0, "RightFoot": 0, "OtherBodyPart": 1, "YendLoc": 41.5, "ZendLoc": 2.3, "Goal": 0}, "10": {"XdistToGoal": 22.200000000000003, "YdistToGoal": 3.8999999999999986, "Head": 0, "LeftFoot": 0, "RightFoot": 0, "OtherBodyPart": 1, "YendLoc": 36.4, "ZendLoc": 36.4, "Goal": 0}, "11": {"XdistToGoal": 11.799999999999997, "YdistToGoal": 0.29999999999999716, "Head": 0, "LeftFoot": 0, "RightFoot": 0, "OtherBodyPart": 1, "YendLoc": 37.6, "ZendLoc": 1.1, "Goal": 1}, "12": {"XdistToGoal": 7.599999999999994, "YdistToGoal": 0.0, "Head": 1, "LeftFoot": 0, "RightFoot": 0, "OtherBodyPart": 0, "YendLoc": 35.2, "ZendLoc": 1.1, "Goal": 0}, "13": {"XdistToGoal": 16.400000000000006, "YdistToGoal": 2.299999999999997, "Head": 0, "LeftFoot": 0, "RightFoot": 0, "OtherBodyPart": 1, "YendLoc": 37.4, "ZendLoc": 0.7, "Goal": 0}, "14": {"XdistToGoal": 12.099999999999994, "YdistToGoal": 0.29999999999999716, "Head": 0, "LeftFoot": 0, "RightFoot": 0, "OtherBodyPart": 1, "YendLoc": 43.3, "ZendLoc": 0.2, "Goal": 1}, "15": {"XdistToGoal": 19.799999999999997, "YdistToGoal": 0.5, "Head": 0, "LeftFoot": 0, "RightFoot": 0, "OtherBodyPart": 1, "YendLoc": 44.9, "ZendLoc": 1.8, "Goal": 0}, "16": {"XdistToGoal": 19.700000000000003, "YdistToGoal": 20.6, "Head": 0, "LeftFoot": 0, "RightFoot": 0, "OtherBodyPart": 1, "YendLoc": 38.8, "ZendLoc": 1.9, "Goal": 0}, "17": {"XdistToGoal": 6.5, "YdistToGoal": 1.2000000000000028, "Head": 1, "LeftFoot": 0, "RightFoot": 0, "OtherBodyPart": 0, "YendLoc": 49.2, "ZendLoc": 1.1, "Goal": 0}, "18": {"XdistToGoal": 7.700000000000003, "YdistToGoal": 9.399999999999999, "Head": 1, "LeftFoot": 0, "RightFoot": 0, "OtherBodyPart": 0, "YendLoc": 36.1, "ZendLoc": 5.1, "Goal": 0}, "19": {"XdistToGoal": 47.099999999999994, "YdistToGoal": 37.8, "Head": 0, "LeftFoot": 0, "RightFoot": 0, "OtherBodyPart": 1, "YendLoc": 34.2, "ZendLoc": 1.4, "Goal": 0}, "20": {"XdistToGoal": 8.900000000000006, "YdistToGoal": 16.7, "Head": 0, "LeftFoot": 0, "RightFoot": 0, "OtherBodyPart": 1, "YendLoc": 29.6, "ZendLoc": 29.6, "Goal": 0}, "21": {"XdistToGoal": 20.0, "YdistToGoal": 4.600000000000001, "Head": 0, "LeftFoot": 0, "RightFoot": 0, "OtherBodyPart": 1, "YendLoc": 46.9, "ZendLoc": 2.0, "Goal": 0}}