{"0": {"XdistToGoal": 38.099999999999994, "YdistToGoal": 11.0, "Head": 0, "LeftFoot": 0, "RightFoot": 0, "OtherBodyPart": 1, "YendLoc": 29.7, "ZendLoc": 7.8, "Goal": 0}, "1": {"XdistToGoal": 2.0999999999999943, "YdistToGoal": 0.7999999999999972, "Head": 1, "LeftFoot": 0, "RightFoot": 0, "OtherBodyPart": 0, "YendLoc": 42.1, "ZendLoc": 1.3, "Goal": 1}, "2": {"XdistToGoal": 22.400000000000006, "YdistToGoal": 6.5, "Head": 0, "LeftFoot": 0, "RightFoot": 0, "OtherBodyPart": 1, "YendLoc": 34.6, "ZendLoc": 34.6, "Goal": 0}, "3": {"XdistToGoal": 7.799999999999997, "YdistToGoal": 0.3999999999999986, "Head": 1, "LeftFoot": 0, "RightFoot": 0, "OtherBodyPart": 0, "YendLoc": 41.6, "ZendLoc": 6.2, "Goal": 0}, "4": {"XdistToGoal": 9.599999999999994, "YdistToGoal": 12.399999999999999, "Head": 0, "LeftFoot": 0, "RightFoot": 0, "OtherBodyPart": 1, "YendLoc": 44.2, "ZendLoc": 1.8, "Goal": 0}, "5": {"XdistToGoal": 16.900000000000006, "YdistToGoal": 11.899999999999999, "Head": 0, "LeftFoot": 0, "RightFoot": 0, "OtherBodyPart": 1, "YendLoc": 42.0, "ZendLoc": 7.8, "Goal": 0}, "6": {"XdistToGoal": 12.400000000000006, "YdistToGoal": 4.100000000000001, "Head": 0, "LeftFoot": 0, "RightFoot": 0, "OtherBodyPart": 1, "YendLoc": 39.6, "ZendLoc": 3.8, "Goal": 0}, "7": {"XdistToGoal": 15.700000000000003, "YdistToGoal": 9.7, "Head": 0, "LeftFoot": 0, "RightFoot": 0, "OtherBodyPart": 1, "YendLoc": 43.7, "ZendLoc": 0.2, "Goal": 1}, "8": {"XdistToGoal": 28.700000000000003, "YdistToGoal": 13.899999999999999, "Head": 0, "LeftFoot": 0, "RightFoot": 0, "OtherBodyPart": 1, "YendLoc": 34.5, "ZendLoc": 34.5, "Goal": 0}, "9": {"XdistToGoal": 7.799999999999997, "YdistToGoal": 8.200000000000003, "Head": 0, "LeftFoot": 0, "RightFoot": 0, "OtherBodyPart": 1, "YendLoc": 40.1, "ZendLoc": 0.2, "Goal": 1}, "10": {"XdistToGoal": 5.200000000000003, "YdistToGoal": 13.5, "Head": 0, "LeftFoot": 0, "RightFoot": 0, "OtherBodyPart": 1, "YendLoc": 37.3, "ZendLoc": 2.2, "Goal": 0}, "11": {"XdistToGoal": 9.900000000000006, "YdistToGoal": 5.700000000000003, "Head": 0, "LeftFoot": 0, "RightFoot": 0, "OtherBodyPart": 1, "YendLoc": 45.2, "ZendLoc": 45.2, "Goal": 0}, "12": {"XdistToGoal": 1.7000000000000028, "YdistToGoal": 7.399999999999999, "Head": 0, "LeftFoot": 0, "RightFoot": 0, "OtherBodyPart": 1, "YendLoc": 34.0, "ZendLoc": 1.1, "Goal": 0}, "13": {"XdistToGoal": 26.900000000000006, "YdistToGoal": 3.799999999999997, "Head": 0, "LeftFoot": 0, "RightFoot": 0, "OtherBodyPart": 1, "YendLoc": 34.4, "ZendLoc": 0.2, "Goal": 0}, "14": {"XdistToGoal": 7.299999999999997, "YdistToGoal": 8.399999999999999, "Head": 0, "LeftFoot": 0, "RightFoot": 0, "OtherBodyPart": 1, "YendLoc": 39.3, "ZendLoc": 0.2, "Goal": 1}, "15": {"XdistToGoal": 7.900000000000006, "YdistToGoal": 10.0, "Head": 0, "LeftFoot": 0, "RightFoot": 0, "OtherBodyPart": 1, "YendLoc": 42.2, "ZendLoc": 0.3, "Goal": 1}, "16": {"XdistToGoal": 30.5, "YdistToGoal": 11.3, "Head": 0, "LeftFoot": 0, "RightFoot": 0, "OtherBodyPart": 1, "YendLoc": 28.5, "ZendLoc": 0.3, "Goal": 0}, "17": {"XdistToGoal": 23.200000000000003, "YdistToGoal": 13.600000000000001, "Head": 0, "LeftFoot": 0, "RightFoot": 0, "OtherBodyPart": 1, "YendLoc": 46.3, "ZendLoc": 7.4, "Goal": 0}, "18": {"XdistToGoal": 8.599999999999994, "YdistToGoal": 0.7999999999999972, "Head": 1, "LeftFoot": 0, "RightFoot": 0, "OtherBodyPart": 0, "YendLoc": 41.2, "ZendLoc": 6.7, "Goal": 0}, "19": {"XdistToGoal": 23.900000000000006, "YdistToGoal": 13.200000000000003, "Head": 0, "LeftFoot": 0, "RightFoot": 0, "OtherBodyPart": 1, "YendLoc": 49.8, "ZendLoc": 49.8, "Goal": 0}, "20": {"XdistToGoal": 8.400000000000006, "YdistToGoal": 1.2000000000000028, "Head": 0, "LeftFoot": 0, "RightFoot": 0, "OtherBodyPart": 1, "YendLoc": 41.2, "ZendLoc": 0.2, "Goal": 0}, "21": {"XdistToGoal": 7.099999999999994, "YdistToGoal": 2.700000000000003, "Head": 0, "LeftFoot": 0, "RightFoot": 0, "OtherBodyPart": 1, "YendLoc": 37.8, "ZendLoc": 0.8, "Goal": 1}, "22": {"XdistToGoal": 28.900000000000006, "YdistToGoal": 3.8999999999999986, "Head": 0, "LeftFoot": 0, "RightFoot": 0, "OtherBodyPart": 1, "YendLoc": 30.3, "ZendLoc": 30.3, "Goal": 0}, "23": {"XdistToGoal": 13.099999999999994, "YdistToGoal": 8.600000000000001, "Head": 0, "LeftFoot": 0, "RightFoot": 0, "OtherBodyPart": 1, "YendLoc": 36.6, "ZendLoc": 1.4, "Goal": 0}, "24": {"XdistToGoal": 28.5, "YdistToGoal": 5.5, "Head": 0, "LeftFoot": 0, "RightFoot": 0, "OtherBodyPart": 1, "YendLoc": 37.0, "ZendLoc": 37.0, "Goal": 0}, "25": {"XdistToGoal": 2.0999999999999943, "YdistToGoal": 15.3, "Head": 0, "LeftFoot": 0, "RightFoot": 0, "OtherBodyPart": 1, "YendLoc": 46.4, "ZendLoc": 3.2, "Goal": 0}, "26": {"XdistToGoal": 27.900000000000006, "YdistToGoal": 9.600000000000001, "Head": 0, "LeftFoot": 0, "RightFoot": 0, "OtherBodyPart": 1, "YendLoc": 46.3, "ZendLoc": 5.7, "Goal": 0}, "27": {"XdistToGoal": 12.299999999999997, "YdistToGoal": 11.2, "Head": 0, "LeftFoot": 0, "RightFoot": 0, "OtherBodyPart": 1, "YendLoc": 32.8, "ZendLoc": 32.8, "Goal": 0}}