{"0": {"XdistToGoal": 16.099999999999994, "YdistToGoal": 2.6000000000000014, "Head": 0, "LeftFoot": 0, "RightFoot": 0, "OtherBodyPart": 1, "YendLoc": 46.0, "ZendLoc": 1.0, "Goal": 0}, "1": {"XdistToGoal": 10.299999999999997, "YdistToGoal": 3.799999999999997, "Head": 1, "LeftFoot": 0, "RightFoot": 0, "OtherBodyPart": 0, "YendLoc": 30.6, "ZendLoc": 1.3, "Goal": 0}, "2": {"XdistToGoal": 8.5, "YdistToGoal": 7.399999999999999, "Head": 0, "LeftFoot": 0, "RightFoot": 0, "OtherBodyPart": 1, "YendLoc": 43.2, "ZendLoc": 0.2, "Goal": 1}, "3": {"XdistToGoal": 31.400000000000006, "YdistToGoal": 1.0, "Head": 0, "LeftFoot": 0, "RightFoot": 0, "OtherBodyPart": 1, "YendLoc": 39.0, "ZendLoc": 39.0, "Goal": 0}, "4": {"XdistToGoal": 13.5, "YdistToGoal": 1.2000000000000028, "Head": 1, "LeftFoot": 0, "RightFoot": 0, "OtherBodyPart": 0, "YendLoc": 39.7, "ZendLoc": 2.1, "Goal": 0}, "5": {"XdistToGoal": 31.099999999999994, "YdistToGoal": 6.700000000000003, "Head": 0, "LeftFoot": 0, "RightFoot": 0, "OtherBodyPart": 1, "YendLoc": 37.2, "ZendLoc": 0.2, "Goal": 0}, "6": {"XdistToGoal": 15.200000000000003, "YdistToGoal": 4.0, "Head": 0, "LeftFoot": 0, "RightFoot": 0, "OtherBodyPart": 1, "YendLoc": 34.3, "ZendLoc": 0.2, "Goal": 0}, "7": {"XdistToGoal": 34.900000000000006, "YdistToGoal": 0.7000000000000028, "Head": 0, "LeftFoot": 0, "RightFoot": 0, "OtherBodyPart": 1, "YendLoc": 36.3, "ZendLoc": 0.2, "Goal": 0}, "8": {"XdistToGoal": 17.700000000000003, "YdistToGoal": 4.299999999999997, "Head": 0, "LeftFoot": 0, "RightFoot": 0, "OtherBodyPart": 1, "YendLoc": 44.2, "ZendLoc": 1.6, "Goal": 0}, "9": {"XdistToGoal": 20.400000000000006, "YdistToGoal": 6.600000000000001, "Head": 0, "LeftFoot": 0, "RightFoot": 0, "OtherBodyPart": 1, "YendLoc": 45.8, "ZendLoc": 45.8, "Goal": 0}, "10": {"XdistToGoal": 8.099999999999994, "YdistToGoal": 6.600000000000001, "Head": 1, "LeftFoot": 0, "RightFoot": 0, "OtherBodyPart": 0, "YendLoc": 34.7, "ZendLoc": 4.9, "Goal": 0}, "11": {"XdistToGoal": 14.299999999999997, "YdistToGoal": 4.299999999999997, "Head": 0, "LeftFoot": 0, "RightFoot": 0, "OtherBodyPart": 1, "YendLoc": 38.4, "ZendLoc": 0.2, "Goal": 0}, "12": {"XdistToGoal": 17.299999999999997, "YdistToGoal": 5.299999999999997, "Head": 0, "LeftFoot": 0, "RightFoot": 0, "OtherBodyPart": 1, "YendLoc": 42.3, "ZendLoc": 1.3, "Goal": 0}, "13": {"XdistToGoal": 17.700000000000003, "YdistToGoal": 3.1000000000000014, "Head": 0, "LeftFoot": 0, "RightFoot": 0, "OtherBodyPart": 1, "YendLoc": 54.9, "ZendLoc": 0.2, "Goal": 0}, "14": {"XdistToGoal": 26.400000000000006, "YdistToGoal": 8.600000000000001, "Head": 0, "LeftFoot": 0, "RightFoot": 0, "OtherBodyPart": 1, "YendLoc": 42.0, "ZendLoc": 4.1, "Goal": 0}, "15": {"XdistToGoal": 8.0, "YdistToGoal": 13.0, "Head": 0, "LeftFoot": 0, "RightFoot": 0, "OtherBodyPart": 1, "YendLoc": 36.5, "ZendLoc": 0.2, "Goal": 0}, "16": {"XdistToGoal": 14.0, "YdistToGoal": 16.5, "Head": 0, "LeftFoot": 0, "RightFoot": 0, "OtherBodyPart": 1, "YendLoc": 53.3, "ZendLoc": 53.3, "Goal": 0}, "17": {"XdistToGoal": 3.5999999999999943, "YdistToGoal": 4.5, "Head": 1, "LeftFoot": 0, "RightFoot": 0, "OtherBodyPart": 0, "YendLoc": 37.8, "ZendLoc": 1.9, "Goal": 0}, "18": {"XdistToGoal": 22.400000000000006, "YdistToGoal": 10.2, "Head": 0, "LeftFoot": 0, "RightFoot": 0, "OtherBodyPart": 1, "YendLoc": 35.5, "ZendLoc": 1.2, "Goal": 0}, "19": {"XdistToGoal": 3.299999999999997, "YdistToGoal": 6.799999999999997, "Head": 1, "LeftFoot": 0, "RightFoot": 0, "OtherBodyPart": 0, "YendLoc": 40.8, "ZendLoc": 1.3, "Goal": 0}, "20": {"XdistToGoal": 5.299999999999997, "YdistToGoal": 1.2999999999999972, "Head": 0, "LeftFoot": 0, "RightFoot": 0, "OtherBodyPart": 1, "YendLoc": 37.5, "ZendLoc": 3.8, "Goal": 0}, "21": {"XdistToGoal": 15.799999999999997, "YdistToGoal": 6.200000000000003, "Head": 0, "LeftFoot": 0, "RightFoot": 0, "OtherBodyPart": 1, "YendLoc": 37.3, "ZendLoc": 0.2, "Goal": 0}, "22": {"XdistToGoal": 6.400000000000006, "YdistToGoal": 2.8999999999999986, "Head": 0, "LeftFoot": 0, "RightFoot": 0, "OtherBodyPart": 1, "YendLoc": 42.4, "ZendLoc": 42.4, "Goal": 0}}