{"0": {"XdistToGoal": 15.599999999999994, "YdistToGoal": 5.200000000000003, "Head": 0, "LeftFoot": 0, "RightFoot": 0, "OtherBodyPart": 1, "YendLoc": 43.8, "ZendLoc": 0.5, "Goal": 1}, "1": {"XdistToGoal": 12.799999999999997, "YdistToGoal": 21.9, "Head": 0, "LeftFoot": 0, "RightFoot": 0, "OtherBodyPart": 1, "YendLoc": 38.9, "ZendLoc": 2.3, "Goal": 0}, "2": {"XdistToGoal": 10.900000000000006, "YdistToGoal": 10.299999999999997, "Head": 0, "LeftFoot": 0, "RightFoot": 0, "OtherBodyPart": 1, "YendLoc": 29.5, "ZendLoc": 0.0, "Goal": 0}, "3": {"XdistToGoal": 6.099999999999994, "YdistToGoal": 7.799999999999997, "Head": 1, "LeftFoot": 0, "RightFoot": 0, "OtherBodyPart": 0, "YendLoc": 46.6, "ZendLoc": 6.0, "Goal": 0}, "4": {"XdistToGoal": 25.799999999999997, "YdistToGoal": 7.100000000000001, "Head": 0, "LeftFoot": 0, "RightFoot": 0, "OtherBodyPart": 1, "YendLoc": 34.7, "ZendLoc": 2.4, "Goal": 0}, "5": {"XdistToGoal": 10.900000000000006, "YdistToGoal": 0.7000000000000028, "Head": 1, "LeftFoot": 0, "RightFoot": 0, "OtherBodyPart": 0, "YendLoc": 33.4, "ZendLoc": 0.4, "Goal": 0}, "6": {"XdistToGoal": 13.099999999999994, "YdistToGoal": 0.7000000000000028, "Head": 0, "LeftFoot": 0, "RightFoot": 0, "OtherBodyPart": 1, "YendLoc": 36.3, "ZendLoc": 2.0, "Goal": 1}, "7": {"XdistToGoal": 28.299999999999997, "YdistToGoal": 0.10000000000000142, "Head": 0, "LeftFoot": 0, "RightFoot": 0, "OtherBodyPart": 1, "YendLoc": 42.4, "ZendLoc": 1.3, "Goal": 0}, "8": {"XdistToGoal": 14.200000000000003, "YdistToGoal": 13.7, "Head": 0, "LeftFoot": 0, "RightFoot": 0, "OtherBodyPart": 1, "YendLoc": 36.3, "ZendLoc": 0.3, "Goal": 0}, "9": {"XdistToGoal": 12.599999999999994, "YdistToGoal": 2.5, "Head": 0, "LeftFoot": 0, "RightFoot": 0, "OtherBodyPart": 1, "YendLoc": 42.2, "ZendLoc": 42.2, "Goal": 0}, "10": {"XdistToGoal": 26.200000000000003, "YdistToGoal": 11.399999999999999, "Head": 0, "LeftFoot": 0, "RightFoot": 0, "OtherBodyPart": 1, "YendLoc": 47.7, "ZendLoc": 1.8, "Goal": 0}, "11": {"XdistToGoal": 10.400000000000006, "YdistToGoal": 10.299999999999997, "Head": 0, "LeftFoot": 0, "RightFoot": 0, "OtherBodyPart": 1, "YendLoc": 44.8, "ZendLoc": 1.8, "Goal": 0}, "12": {"XdistToGoal": 30.799999999999997, "YdistToGoal": 5.299999999999997, "Head": 0, "LeftFoot": 0, "RightFoot": 0, "OtherBodyPart": 1, "YendLoc": 36.2, "ZendLoc": 4.2, "Goal": 0}, "13": {"XdistToGoal": 29.200000000000003, "YdistToGoal": 5.399999999999999, "Head": 0, "LeftFoot": 0, "RightFoot": 0, "OtherBodyPart": 1, "YendLoc": 36.5, "ZendLoc": 3.6, "Goal": 0}, "14": {"XdistToGoal": 19.700000000000003, "YdistToGoal": 9.5, "Head": 0, "LeftFoot": 0, "RightFoot": 0, "OtherBodyPart": 1, "YendLoc": 34.9, "ZendLoc": 1.6, "Goal": 0}, "15": {"XdistToGoal": 13.5, "YdistToGoal": 9.200000000000003, "Head": 0, "LeftFoot": 0, "RightFoot": 0, "OtherBodyPart": 1, "YendLoc": 38.6, "ZendLoc": 0.2, "Goal": 1}, "16": {"XdistToGoal": 25.5, "YdistToGoal": 11.2, "Head": 0, "LeftFoot": 0, "RightFoot": 0, "OtherBodyPart": 1, "YendLoc": 38.8, "ZendLoc": 1.2, "Goal": 0}, "17": {"XdistToGoal": 2.4000000000000057, "YdistToGoal": 0.7000000000000028, "Head": 1, "LeftFoot": 0, "RightFoot": 0, "OtherBodyPart": 0, "YendLoc": 39.4, "ZendLoc": 1.0, "Goal": 1}, "18": {"XdistToGoal": 20.400000000000006, "YdistToGoal": 10.100000000000001, "Head": 0, "LeftFoot": 0, "RightFoot": 0, "OtherBodyPart": 1, "YendLoc": 30.9, "ZendLoc": 30.9, "Goal": 0}, "19": {"XdistToGoal": 31.099999999999994, "YdistToGoal": 12.700000000000003, "Head": 0, "LeftFoot": 0, "RightFoot": 0, "OtherBodyPart": 1, "YendLoc": 50.6, "ZendLoc": 50.6, "Goal": 0}, "20": {"XdistToGoal": 8.700000000000003, "YdistToGoal": 12.7, "Head": 0, "LeftFoot": 0, "RightFoot": 0, "OtherBodyPart": 1, "YendLoc": 44.8, "ZendLoc": 0.1, "Goal": 0}, "21": {"XdistToGoal": 37.900000000000006, "YdistToGoal": 0.7999999999999972, "Head": 0, "LeftFoot": 0, "RightFoot": 0, "OtherBodyPart": 1, "YendLoc": 44.0, "ZendLoc": 7.6, "Goal": 0}, "22": {"XdistToGoal": 27.700000000000003, "YdistToGoal": 8.899999999999999, "Head": 0, "LeftFoot": 0, "RightFoot": 0, "OtherBodyPart": 1, "YendLoc": 48.7, "ZendLoc": 48.7, "Goal": 0}, "23": {"XdistToGoal": 31.5, "YdistToGoal": 19.200000000000003, "Head": 0, "LeftFoot": 0, "RightFoot": 0, "OtherBodyPart": 1, "YendLoc": 27.4, "ZendLoc": 0.4, "Goal": 0}}