{"0": {"XdistToGoal": 15.5, "YdistToGoal": 4.0, "Head": 0, "LeftFoot": 0, "RightFoot": 0, "OtherBodyPart": 1, "YendLoc": 36.1, "ZendLoc": 36.1, "Goal": 0}, "1": {"XdistToGoal": 15.900000000000006, "YdistToGoal": 1.1000000000000014, "Head": 0, "LeftFoot": 0, "RightFoot": 0, "OtherBodyPart": 1, "YendLoc": 39.8, "ZendLoc": 0.2, "Goal": 0}, "2": {"XdistToGoal": 9.0, "YdistToGoal": 9.799999999999997, "Head": 0, "LeftFoot": 0, "RightFoot": 0, "OtherBodyPart": 1, "YendLoc": 43.6, "ZendLoc": 2.4, "Goal": 0}, "3": {"XdistToGoal": 28.099999999999994, "YdistToGoal": 5.799999999999997, "Head": 0, "LeftFoot": 0, "RightFoot": 0, "OtherBodyPart": 1, "YendLoc": 31.9, "ZendLoc": 4.7, "Goal": 0}, "4": {"XdistToGoal": 16.599999999999994, "YdistToGoal": 4.0, "Head": 0, "LeftFoot": 0, "RightFoot": 0, "OtherBodyPart": 1, "YendLoc": 36.9, "ZendLoc": 36.9, "Goal": 0}, "5": {"XdistToGoal": 12.299999999999997, "YdistToGoal": 1.1000000000000014, "Head": 0, "LeftFoot": 0, "RightFoot": 0, "OtherBodyPart": 1, "YendLoc": 42.9, "ZendLoc": 5.8, "Goal": 0}, "6": {"XdistToGoal": 33.099999999999994, "YdistToGoal": 6.600000000000001, "Head": 0, "LeftFoot": 0, "RightFoot": 0, "OtherBodyPart": 1, "YendLoc": 46.0, "ZendLoc": 46.0, "Goal": 0}, "7": {"XdistToGoal": 20.099999999999994, "YdistToGoal": 7.700000000000003, "Head": 0, "LeftFoot": 0, "RightFoot": 0, "OtherBodyPart": 1, "YendLoc": 50.2, "ZendLoc": 4.3, "Goal": 0}, "8": {"XdistToGoal": 7.900000000000006, "YdistToGoal": 13.799999999999997, "Head": 0, "LeftFoot": 0, "RightFoot": 0, "OtherBodyPart": 1, "YendLoc": 41.4, "ZendLoc": 0.0, "Goal": 0}, "9": {"XdistToGoal": 11.299999999999997, "YdistToGoal": 0.3999999999999986, "Head": 0, "LeftFoot": 0, "RightFoot": 0, "OtherBodyPart": 1, "YendLoc": 18.1, "ZendLoc": 18.1, "Goal": 0}, "10": {"XdistToGoal": 28.799999999999997, "YdistToGoal": 8.799999999999997, "Head": 0, "LeftFoot": 0, "RightFoot": 0, "OtherBodyPart": 1, "YendLoc": 44.5, "ZendLoc": 44.5, "Goal": 0}, "11": {"XdistToGoal": 30.799999999999997, "YdistToGoal": 3.0, "Head": 0, "LeftFoot": 0, "RightFoot": 0, "OtherBodyPart": 1, "YendLoc": 46.4, "ZendLoc": 0.0, "Goal": 0}, "12": {"XdistToGoal": 11.099999999999994, "YdistToGoal": 5.299999999999997, "Head": 1, "LeftFoot": 0, "RightFoot": 0, "OtherBodyPart": 0, "YendLoc": 28.7, "ZendLoc": 0.8, "Goal": 0}, "13": {"XdistToGoal": 23.900000000000006, "YdistToGoal": 1.3999999999999986, "Head": 0, "LeftFoot": 0, "RightFoot": 0, "OtherBodyPart": 1, "YendLoc": 35.6, "ZendLoc": 3.3, "Goal": 0}, "14": {"XdistToGoal": 27.200000000000003, "YdistToGoal": 3.8999999999999986, "Head": 0, "LeftFoot": 0, "RightFoot": 0, "OtherBodyPart": 1, "YendLoc": 39.8, "ZendLoc": 1.4, "Goal": 0}, "15": {"XdistToGoal": 13.5, "YdistToGoal": 5.600000000000001, "Head": 0, "LeftFoot": 0, "RightFoot": 0, "OtherBodyPart": 1, "YendLoc": 43.2, "ZendLoc": 0.0, "Goal": 0}, "16": {"XdistToGoal": 10.5, "YdistToGoal": 2.299999999999997, "Head": 0, "LeftFoot": 0, "RightFoot": 0, "OtherBodyPart": 1, "YendLoc": 43.2, "ZendLoc": 1.8, "Goal": 1}, "17": {"XdistToGoal": 20.299999999999997, "YdistToGoal": 4.700000000000003, "Head": 0, "LeftFoot": 0, "RightFoot": 0, "OtherBodyPart": 1, "YendLoc": 42.0, "ZendLoc": 0.1, "Goal": 0}, "18": {"XdistToGoal": 23.700000000000003, "YdistToGoal": 6.5, "Head": 0, "LeftFoot": 0, "RightFoot": 0, "OtherBodyPart": 1, "YendLoc": 36.2, "ZendLoc": 1.7, "Goal": 0}, "19": {"XdistToGoal": 11.099999999999994, "YdistToGoal": 18.9, "Head": 0, "LeftFoot": 0, "RightFoot": 0, "OtherBodyPart": 1, "YendLoc": 36.1, "ZendLoc": 0.1, "Goal": 0}, "20": {"XdistToGoal": 10.400000000000006, "YdistToGoal": 15.899999999999999, "Head": 0, "LeftFoot": 0, "RightFoot": 0, "OtherBodyPart": 1, "YendLoc": 34.4, "ZendLoc": 3.8, "Goal": 0}, "21": {"XdistToGoal": 25.200000000000003, "YdistToGoal": 9.899999999999999, "Head": 0, "LeftFoot": 0, "RightFoot": 0, "OtherBodyPart": 1, "YendLoc": 28.4, "ZendLoc": 0.7, "Goal": 0}, "22": {"XdistToGoal": 23.5, "YdistToGoal": 6.5, "Head": 0, "LeftFoot": 0, "RightFoot": 0, "OtherBodyPart": 1, "YendLoc": 42.8, "ZendLoc": 42.8, "Goal": 0}, "23": {"XdistToGoal": 26.599999999999994, "YdistToGoal": 3.799999999999997, "Head": 0, "LeftFoot": 0, "RightFoot": 0, "OtherBodyPart": 1, "YendLoc": 40.3, "ZendLoc": 40.3, "Goal": 0}, "24": {"XdistToGoal": 25.599999999999994, "YdistToGoal": 11.600000000000001, "Head": 0, "LeftFoot": 0, "RightFoot": 0, "OtherBodyPart": 1, "YendLoc": 38.5, "ZendLoc": 5.3, "Goal": 0}, "25": {"XdistToGoal": 19.0, "YdistToGoal": 3.8999999999999986, "Head": 0, "LeftFoot": 0, "RightFoot": 0, "OtherBodyPart": 1, "YendLoc": 43.7, "ZendLoc": 2.1, "Goal": 1}, "26": {"XdistToGoal": 17.299999999999997, "YdistToGoal": 16.299999999999997, "Head": 0, "LeftFoot": 0, "RightFoot": 0, "OtherBodyPart": 1, "YendLoc": 37.9, "ZendLoc": 0.2, "Goal": 0}}