{"0": {"XdistToGoal": 11.5, "YdistToGoal": 6.5, "Head": 0, "LeftFoot": 0, "RightFoot": 0, "OtherBodyPart": 1, "YendLoc": 44.1, "ZendLoc": 44.1, "Goal": 0}, "1": {"XdistToGoal": 26.799999999999997, "YdistToGoal": 7.399999999999999, "Head": 0, "LeftFoot": 0, "RightFoot": 0, "OtherBodyPart": 1, "YendLoc": 43.2, "ZendLoc": 0.5, "Goal": 1}, "2": {"XdistToGoal": 28.5, "YdistToGoal": 9.399999999999999, "Head": 0, "LeftFoot": 0, "RightFoot": 0, "OtherBodyPart": 1, "YendLoc": 43.7, "ZendLoc": 2.1, "Goal": 1}, "3": {"XdistToGoal": 10.400000000000006, "YdistToGoal": 0.6000000000000014, "Head": 1, "LeftFoot": 0, "RightFoot": 0, "OtherBodyPart": 0, "YendLoc": 26.6, "ZendLoc": 7.4, "Goal": 0}, "4": {"XdistToGoal": 18.599999999999994, "YdistToGoal": 14.799999999999997, "Head": 0, "LeftFoot": 0, "RightFoot": 0, "OtherBodyPart": 1, "YendLoc": 52.9, "ZendLoc": 52.9, "Goal": 0}, "5": {"XdistToGoal": 30.900000000000006, "YdistToGoal": 6.299999999999997, "Head": 0, "LeftFoot": 0, "RightFoot": 0, "OtherBodyPart": 1, "YendLoc": 36.8, "ZendLoc": 0.2, "Goal": 0}, "6": {"XdistToGoal": 28.099999999999994, "YdistToGoal": 19.200000000000003, "Head": 0, "LeftFoot": 0, "RightFoot": 0, "OtherBodyPart": 1, "YendLoc": 43.5, "ZendLoc": 2.2, "Goal": 0}, "7": {"XdistToGoal": 20.299999999999997, "YdistToGoal": 7.5, "Head": 0, "LeftFoot": 0, "RightFoot": 0, "OtherBodyPart": 1, "YendLoc": 33.8, "ZendLoc": 4.4, "Goal": 0}, "8": {"XdistToGoal": 16.700000000000003, "YdistToGoal": 0.10000000000000142, "Head": 0, "LeftFoot": 0, "RightFoot": 0, "OtherBodyPart": 1, "YendLoc": 41.7, "ZendLoc": 0.2, "Goal": 0}, "9": {"XdistToGoal": 36.599999999999994, "YdistToGoal": 7.200000000000003, "Head": 0, "LeftFoot": 0, "RightFoot": 0, "OtherBodyPart": 1, "YendLoc": 47.9, "ZendLoc": 2.4, "Goal": 0}, "10": {"XdistToGoal": 14.700000000000003, "YdistToGoal": 19.9, "Head": 0, "LeftFoot": 0, "RightFoot": 0, "OtherBodyPart": 1, "YendLoc": 45.4, "ZendLoc": 7.1, "Goal": 0}, "11": {"XdistToGoal": 23.599999999999994, "YdistToGoal": 11.899999999999999, "Head": 0, "LeftFoot": 0, "RightFoot": 0, "OtherBodyPart": 1, "YendLoc": 29.4, "ZendLoc": 29.4, "Goal": 0}, "12": {"XdistToGoal": 12.200000000000003, "YdistToGoal": 1.2999999999999972, "Head": 1, "LeftFoot": 0, "RightFoot": 0, "OtherBodyPart": 0, "YendLoc": 34.4, "ZendLoc": 1.0, "Goal": 0}, "13": {"XdistToGoal": 22.099999999999994, "YdistToGoal": 9.600000000000001, "Head": 0, "LeftFoot": 0, "RightFoot": 0, "OtherBodyPart": 1, "YendLoc": 51.1, "ZendLoc": 1.9, "Goal": 0}, "14": {"XdistToGoal": 23.099999999999994, "YdistToGoal": 0.20000000000000284, "Head": 0, "LeftFoot": 0, "RightFoot": 0, "OtherBodyPart": 1, "YendLoc": 40.0, "ZendLoc": 0.4, "Goal": 0}, "15": {"XdistToGoal": 16.200000000000003, "YdistToGoal": 16.1, "Head": 0, "LeftFoot": 0, "RightFoot": 0, "OtherBodyPart": 1, "YendLoc": 36.6, "ZendLoc": 0.3, "Goal": 0}, "16": {"XdistToGoal": 21.5, "YdistToGoal": 1.8999999999999986, "Head": 0, "LeftFoot": 0, "RightFoot": 0, "OtherBodyPart": 1, "YendLoc": 45.1, "ZendLoc": 0.9, "Goal": 0}, "17": {"XdistToGoal": 8.900000000000006, "YdistToGoal": 3.200000000000003, "Head": 0, "LeftFoot": 0, "RightFoot": 0, "OtherBodyPart": 1, "YendLoc": 42.7, "ZendLoc": 1.3, "Goal": 0}, "18": {"XdistToGoal": 7.5, "YdistToGoal": 5.299999999999997, "Head": 1, "LeftFoot": 0, "RightFoot": 0, "OtherBodyPart": 0, "YendLoc": 44.1, "ZendLoc": 2.3, "Goal": 0}, "19": {"XdistToGoal": 9.400000000000006, "YdistToGoal": 0.6000000000000014, "Head": 0, "LeftFoot": 0, "RightFoot": 0, "OtherBodyPart": 1, "YendLoc": 42.4, "ZendLoc": 0.2, "Goal": 1}, "20": {"XdistToGoal": 9.099999999999994, "YdistToGoal": 6.399999999999999, "Head": 1, "LeftFoot": 0, "RightFoot": 0, "OtherBodyPart": 0, "YendLoc": 31.7, "ZendLoc": 5.6, "Goal": 0}, "21": {"XdistToGoal": 20.400000000000006, "YdistToGoal": 6.5, "Head": 0, "LeftFoot": 0, "RightFoot": 0, "OtherBodyPart": 1, "YendLoc": 34.6, "ZendLoc": 0.3, "Goal": 0}, "22": {"XdistToGoal": 17.599999999999994, "YdistToGoal": 5.100000000000001, "Head": 0, "LeftFoot": 0, "RightFoot": 0, "OtherBodyPart": 1, "YendLoc": 30.5, "ZendLoc": 0.2, "Goal": 0}}