{"0": {"XdistToGoal": 11.700000000000003, "YdistToGoal": 6.600000000000001, "Head": 0, "LeftFoot": 0, "RightFoot": 0, "OtherBodyPart": 1, "YendLoc": 40.9, "ZendLoc": 6.7, "Goal": 0}, "1": {"XdistToGoal": 10.700000000000003, "YdistToGoal": 1.0, "Head": 0, "LeftFoot": 0, "RightFoot": 0, "OtherBodyPart": 1, "YendLoc": 38.8, "ZendLoc": 0.2, "Goal": 0}, "2": {"XdistToGoal": 16.200000000000003, "YdistToGoal": 7.899999999999999, "Head": 0, "LeftFoot": 0, "RightFoot": 0, "OtherBodyPart": 1, "YendLoc": 33.1, "ZendLoc": 33.1, "Goal": 0}, "3": {"XdistToGoal": 15.0, "YdistToGoal": 14.899999999999999, "Head": 0, "LeftFoot": 0, "RightFoot": 0, "OtherBodyPart": 1, "YendLoc": 40.1, "ZendLoc": 1.2, "Goal": 0}, "4": {"XdistToGoal": 8.400000000000006, "YdistToGoal": 9.100000000000001, "Head": 0, "LeftFoot": 0, "RightFoot": 0, "OtherBodyPart": 1, "YendLoc": 38.3, "ZendLoc": 7.7, "Goal": 0}, "5": {"XdistToGoal": 14.599999999999994, "YdistToGoal": 12.600000000000001, "Head": 0, "LeftFoot": 0, "RightFoot": 0, "OtherBodyPart": 1, "YendLoc": 43.1, "ZendLoc": 2.3, "Goal": 0}, "6": {"XdistToGoal": 8.299999999999997, "YdistToGoal": 5.700000000000003, "Head": 1, "LeftFoot": 0, "RightFoot": 0, "OtherBodyPart": 0, "YendLoc": 41.0, "ZendLoc": 0.8, "Goal": 0}, "7": {"XdistToGoal": 5.200000000000003, "YdistToGoal": 7.600000000000001, "Head": 0, "LeftFoot": 0, "RightFoot": 0, "OtherBodyPart": 1, "YendLoc": 38.1, "ZendLoc": 3.9, "Goal": 0}, "8": {"XdistToGoal": 19.799999999999997, "YdistToGoal": 17.299999999999997, "Head": 0, "LeftFoot": 0, "RightFoot": 0, "OtherBodyPart": 1, "YendLoc": 28.2, "ZendLoc": 4.4, "Goal": 0}, "9": {"XdistToGoal": 12.200000000000003, "YdistToGoal": 1.3999999999999986, "Head": 1, "LeftFoot": 0, "RightFoot": 0, "OtherBodyPart": 0, "YendLoc": 34.5, "ZendLoc": 0.9, "Goal": 0}, "10": {"XdistToGoal": 25.299999999999997, "YdistToGoal": 5.299999999999997, "Head": 0, "LeftFoot": 0, "RightFoot": 0, "OtherBodyPart": 1, "YendLoc": 40.7, "ZendLoc": 1.2, "Goal": 0}, "11": {"XdistToGoal": 19.0, "YdistToGoal": 10.600000000000001, "Head": 0, "LeftFoot": 0, "RightFoot": 0, "OtherBodyPart": 1, "YendLoc": 30.7, "ZendLoc": 30.7, "Goal": 0}, "12": {"XdistToGoal": 27.5, "YdistToGoal": 9.600000000000001, "Head": 0, "LeftFoot": 0, "RightFoot": 0, "OtherBodyPart": 1, "YendLoc": 46.9, "ZendLoc": 46.9, "Goal": 0}, "13": {"XdistToGoal": 18.599999999999994, "YdistToGoal": 10.899999999999999, "Head": 0, "LeftFoot": 0, "RightFoot": 0, "OtherBodyPart": 1, "YendLoc": 40.7, "ZendLoc": 2.1, "Goal": 0}, "14": {"XdistToGoal": 11.700000000000003, "YdistToGoal": 6.600000000000001, "Head": 0, "LeftFoot": 0, "RightFoot": 0, "OtherBodyPart": 1, "YendLoc": 39.7, "ZendLoc": 0.5, "Goal": 0}, "15": {"XdistToGoal": 29.400000000000006, "YdistToGoal": 1.6000000000000014, "Head": 0, "LeftFoot": 0, "RightFoot": 0, "OtherBodyPart": 1, "YendLoc": 38.1, "ZendLoc": 2.0, "Goal": 0}, "16": {"XdistToGoal": 57.9, "YdistToGoal": 19.4, "Head": 0, "LeftFoot": 0, "RightFoot": 0, "OtherBodyPart": 1, "YendLoc": 41.9, "ZendLoc": 1.6, "Goal": 0}, "17": {"XdistToGoal": 4.900000000000006, "YdistToGoal": 10.7, "Head": 0, "LeftFoot": 0, "RightFoot": 0, "OtherBodyPart": 1, "YendLoc": 31.0, "ZendLoc": 31.0, "Goal": 0}, "18": {"XdistToGoal": 13.400000000000006, "YdistToGoal": 15.2, "Head": 0, "LeftFoot": 0, "RightFoot": 0, "OtherBodyPart": 1, "YendLoc": 43.6, "ZendLoc": 6.5, "Goal": 0}, "19": {"XdistToGoal": 19.900000000000006, "YdistToGoal": 6.100000000000001, "Head": 0, "LeftFoot": 0, "RightFoot": 0, "OtherBodyPart": 1, "YendLoc": 35.7, "ZendLoc": 2.7, "Goal": 0}, "20": {"XdistToGoal": 23.299999999999997, "YdistToGoal": 7.799999999999997, "Head": 0, "LeftFoot": 0, "RightFoot": 0, "OtherBodyPart": 1, "YendLoc": 38.7, "ZendLoc": 0.2, "Goal": 0}, "21": {"XdistToGoal": 31.400000000000006, "YdistToGoal": 4.5, "Head": 0, "LeftFoot": 0, "RightFoot": 0, "OtherBodyPart": 1, "YendLoc": 42.7, "ZendLoc": 4.6, "Goal": 0}, "22": {"XdistToGoal": 11.900000000000006, "YdistToGoal": 9.5, "Head": 0, "LeftFoot": 0, "RightFoot": 0, "OtherBodyPart": 1, "YendLoc": 37.0, "ZendLoc": 1.6, "Goal": 0}, "23": {"XdistToGoal": 28.299999999999997, "YdistToGoal": 1.0, "Head": 0, "LeftFoot": 0, "RightFoot": 0, "OtherBodyPart": 1, "YendLoc": 42.2, "ZendLoc": 1.1, "Goal": 0}, "24": {"XdistToGoal": 3.5, "YdistToGoal": 10.899999999999999, "Head": 0, "LeftFoot": 0, "RightFoot": 0, "OtherBodyPart": 1, "YendLoc": 35.6, "ZendLoc": 1.6, "Goal": 0}, "25": {"XdistToGoal": 7.400000000000006, "YdistToGoal": 2.6000000000000014, "Head": 1, "LeftFoot": 0, "RightFoot": 0, "OtherBodyPart": 0, "YendLoc": 50.2, "ZendLoc": 3.4, "Goal": 0}, "26": {"XdistToGoal": 12.900000000000006, "YdistToGoal": 9.8, "Head": 0, "LeftFoot": 0, "RightFoot": 0, "OtherBodyPart": 1, "YendLoc": 43.8, "ZendLoc": 1.2, "Goal": 1}, "27": {"XdistToGoal": 4.900000000000006, "YdistToGoal": 9.8, "Head": 0, "LeftFoot": 0, "RightFoot": 0, "OtherBodyPart": 1, "YendLoc": 34.2, "ZendLoc": 0.6, "Goal": 0}, "28": {"XdistToGoal": 22.400000000000006, "YdistToGoal": 9.200000000000003, "Head": 0, "LeftFoot": 0, "RightFoot": 0, "OtherBodyPart": 1, "YendLoc": 47.9, "ZendLoc": 47.9, "Goal": 0}, "29": {"XdistToGoal": 20.400000000000006, "YdistToGoal": 11.100000000000001, "Head": 0, "LeftFoot": 0, "RightFoot": 0, "OtherBodyPart": 1, "YendLoc": 41.6, "ZendLoc": 0.8, "Goal": 0}}