{"0": {"XdistToGoal": 20.799999999999997, "YdistToGoal": 0.20000000000000284, "Head": 0, "LeftFoot": 0, "RightFoot": 0, "OtherBodyPart": 1, "YendLoc": 39.7, "ZendLoc": 39.7, "Goal": 0}, "1": {"XdistToGoal": 18.200000000000003, "YdistToGoal": 3.299999999999997, "Head": 0, "LeftFoot": 0, "RightFoot": 0, "OtherBodyPart": 1, "YendLoc": 39.0, "ZendLoc": 0.2, "Goal": 0}, "2": {"XdistToGoal": 7.700000000000003, "YdistToGoal": 11.899999999999999, "Head": 0, "LeftFoot": 0, "RightFoot": 0, "OtherBodyPart": 1, "YendLoc": 43.7, "ZendLoc": 0.2, "Goal": 1}, "3": {"XdistToGoal": 16.5, "YdistToGoal": 7.899999999999999, "Head": 0, "LeftFoot": 0, "RightFoot": 0, "OtherBodyPart": 1, "YendLoc": 45.6, "ZendLoc": 0.2, "Goal": 0}, "4": {"XdistToGoal": 21.5, "YdistToGoal": 0.7000000000000028, "Head": 0, "LeftFoot": 0, "RightFoot": 0, "OtherBodyPart": 1, "YendLoc": 40.8, "ZendLoc": 40.8, "Goal": 0}, "5": {"XdistToGoal": 18.299999999999997, "YdistToGoal": 2.700000000000003, "Head": 0, "LeftFoot": 0, "RightFoot": 0, "OtherBodyPart": 1, "YendLoc": 42.1, "ZendLoc": 42.1, "Goal": 0}, "6": {"XdistToGoal": 8.900000000000006, "YdistToGoal": 9.200000000000003, "Head": 0, "LeftFoot": 0, "RightFoot": 0, "OtherBodyPart": 1, "YendLoc": 45.7, "ZendLoc": 0.1, "Goal": 0}, "7": {"XdistToGoal": 9.5, "YdistToGoal": 0.10000000000000142, "Head": 1, "LeftFoot": 0, "RightFoot": 0, "OtherBodyPart": 0, "YendLoc": 39.9, "ZendLoc": 1.6, "Goal": 0}, "8": {"XdistToGoal": 25.599999999999994, "YdistToGoal": 6.899999999999999, "Head": 0, "LeftFoot": 0, "RightFoot": 0, "OtherBodyPart": 1, "YendLoc": 37.8, "ZendLoc": 6.9, "Goal": 0}, "9": {"XdistToGoal": 13.200000000000003, "YdistToGoal": 5.299999999999997, "Head": 0, "LeftFoot": 0, "RightFoot": 0, "OtherBodyPart": 1, "YendLoc": 45.0, "ZendLoc": 2.3, "Goal": 0}, "10": {"XdistToGoal": 12.700000000000003, "YdistToGoal": 8.399999999999999, "Head": 0, "LeftFoot": 0, "RightFoot": 0, "OtherBodyPart": 1, "YendLoc": 36.7, "ZendLoc": 3.8, "Goal": 0}, "11": {"XdistToGoal": 8.5, "YdistToGoal": 8.3, "Head": 0, "LeftFoot": 0, "RightFoot": 0, "OtherBodyPart": 1, "YendLoc": 36.9, "ZendLoc": 0.2, "Goal": 1}, "12": {"XdistToGoal": 13.200000000000003, "YdistToGoal": 12.100000000000001, "Head": 0, "LeftFoot": 0, "RightFoot": 0, "OtherBodyPart": 1, "YendLoc": 50.2, "ZendLoc": 50.2, "Goal": 0}, "13": {"XdistToGoal": 26.200000000000003, "YdistToGoal": 1.3999999999999986, "Head": 0, "LeftFoot": 0, "RightFoot": 0, "OtherBodyPart": 1, "YendLoc": 41.3, "ZendLoc": 41.3, "Goal": 0}, "14": {"XdistToGoal": 7.799999999999997, "YdistToGoal": 3.8999999999999986, "Head": 1, "LeftFoot": 0, "RightFoot": 0, "OtherBodyPart": 0, "YendLoc": 30.5, "ZendLoc": 4.2, "Goal": 0}, "15": {"XdistToGoal": 28.0, "YdistToGoal": 2.1000000000000014, "Head": 0, "LeftFoot": 0, "RightFoot": 0, "OtherBodyPart": 1, "YendLoc": 36.4, "ZendLoc": 36.4, "Goal": 0}, "16": {"XdistToGoal": 8.400000000000006, "YdistToGoal": 7.399999999999999, "Head": 1, "LeftFoot": 0, "RightFoot": 0, "OtherBodyPart": 0, "YendLoc": 43.1, "ZendLoc": 1.2, "Goal": 1}, "17": {"XdistToGoal": 20.900000000000006, "YdistToGoal": 15.200000000000003, "Head": 0, "LeftFoot": 0, "RightFoot": 0, "OtherBodyPart": 1, "YendLoc": 51.7, "ZendLoc": 51.7, "Goal": 0}, "18": {"XdistToGoal": 21.799999999999997, "YdistToGoal": 15.5, "Head": 0, "LeftFoot": 0, "RightFoot": 0, "OtherBodyPart": 1, "YendLoc": 52.6, "ZendLoc": 52.6, "Goal": 0}, "19": {"XdistToGoal": 16.400000000000006, "YdistToGoal": 6.0, "Head": 1, "LeftFoot": 0, "RightFoot": 0, "OtherBodyPart": 0, "YendLoc": 45.6, "ZendLoc": 1.4, "Goal": 0}, "20": {"XdistToGoal": 7.5, "YdistToGoal": 7.299999999999997, "Head": 1, "LeftFoot": 0, "RightFoot": 0, "OtherBodyPart": 0, "YendLoc": 33.1, "ZendLoc": 33.1, "Goal": 0}}