{"0": {"XdistToGoal": 4.700000000000003, "YdistToGoal": 5.299999999999997, "Head": 0, "LeftFoot": 0, "RightFoot": 0, "OtherBodyPart": 1, "YendLoc": 34.9, "ZendLoc": 34.9, "Goal": 0}, "1": {"XdistToGoal": 16.700000000000003, "YdistToGoal": 4.600000000000001, "Head": 0, "LeftFoot": 0, "RightFoot": 0, "OtherBodyPart": 1, "YendLoc": 44.5, "ZendLoc": 44.5, "Goal": 0}, "2": {"XdistToGoal": 6.0, "YdistToGoal": 7.600000000000001, "Head": 1, "LeftFoot": 0, "RightFoot": 0, "OtherBodyPart": 0, "YendLoc": 34.8, "ZendLoc": 1.6, "Goal": 0}, "3": {"XdistToGoal": 6.200000000000003, "YdistToGoal": 2.700000000000003, "Head": 1, "LeftFoot": 0, "RightFoot": 0, "OtherBodyPart": 0, "YendLoc": 34.6, "ZendLoc": 1.3, "Goal": 0}, "4": {"XdistToGoal": 8.299999999999997, "YdistToGoal": 2.3999999999999986, "Head": 0, "LeftFoot": 0, "RightFoot": 0, "OtherBodyPart": 1, "YendLoc": 42.2, "ZendLoc": 0.3, "Goal": 1}, "5": {"XdistToGoal": 11.299999999999997, "YdistToGoal": 0.10000000000000142, "Head": 1, "LeftFoot": 0, "RightFoot": 0, "OtherBodyPart": 0, "YendLoc": 37.6, "ZendLoc": 5.1, "Goal": 0}, "6": {"XdistToGoal": 18.200000000000003, "YdistToGoal": 4.899999999999999, "Head": 0, "LeftFoot": 0, "RightFoot": 0, "OtherBodyPart": 1, "YendLoc": 38.3, "ZendLoc": 1.5, "Goal": 0}, "7": {"XdistToGoal": 3.0, "YdistToGoal": 11.899999999999999, "Head": 1, "LeftFoot": 0, "RightFoot": 0, "OtherBodyPart": 0, "YendLoc": 41.1, "ZendLoc": 41.1, "Goal": 0}, "8": {"XdistToGoal": 8.200000000000003, "YdistToGoal": 4.700000000000003, "Head": 0, "LeftFoot": 0, "RightFoot": 0, "OtherBodyPart": 1, "YendLoc": 35.2, "ZendLoc": 35.2, "Goal": 0}, "9": {"XdistToGoal": 12.299999999999997, "YdistToGoal": 5.600000000000001, "Head": 0, "LeftFoot": 0, "RightFoot": 0, "OtherBodyPart": 1, "YendLoc": 36.7, "ZendLoc": 0.2, "Goal": 0}, "10": {"XdistToGoal": 16.099999999999994, "YdistToGoal": 16.1, "Head": 0, "LeftFoot": 0, "RightFoot": 0, "OtherBodyPart": 1, "YendLoc": 48.9, "ZendLoc": 0.5, "Goal": 0}, "11": {"XdistToGoal": 17.5, "YdistToGoal": 12.600000000000001, "Head": 0, "LeftFoot": 0, "RightFoot": 0, "OtherBodyPart": 1, "YendLoc": 43.2, "ZendLoc": 0.3, "Goal": 1}, "12": {"XdistToGoal": 20.599999999999994, "YdistToGoal": 16.200000000000003, "Head": 0, "LeftFoot": 0, "RightFoot": 0, "OtherBodyPart": 1, "YendLoc": 42.8, "ZendLoc": 0.3, "Goal": 0}, "13": {"XdistToGoal": 10.299999999999997, "YdistToGoal": 13.0, "Head": 0, "LeftFoot": 0, "RightFoot": 0, "OtherBodyPart": 1, "YendLoc": 51.5, "ZendLoc": 51.5, "Goal": 0}, "14": {"XdistToGoal": 3.4000000000000057, "YdistToGoal": 5.899999999999999, "Head": 1, "LeftFoot": 0, "RightFoot": 0, "OtherBodyPart": 0, "YendLoc": 34.7, "ZendLoc": 1.1, "Goal": 0}, "15": {"XdistToGoal": 3.799999999999997, "YdistToGoal": 2.200000000000003, "Head": 1, "LeftFoot": 0, "RightFoot": 0, "OtherBodyPart": 0, "YendLoc": 39.1, "ZendLoc": 2.1, "Goal": 1}, "16": {"XdistToGoal": 21.700000000000003, "YdistToGoal": 12.0, "Head": 0, "LeftFoot": 0, "RightFoot": 0, "OtherBodyPart": 1, "YendLoc": 47.6, "ZendLoc": 47.6, "Goal": 0}, "17": {"XdistToGoal": 9.0, "YdistToGoal": 4.0, "Head": 1, "LeftFoot": 0, "RightFoot": 0, "OtherBodyPart": 0, "YendLoc": 39.5, "ZendLoc": 1.9, "Goal": 0}, "18": {"XdistToGoal": 22.900000000000006, "YdistToGoal": 6.0, "Head": 0, "LeftFoot": 0, "RightFoot": 0, "OtherBodyPart": 1, "YendLoc": 45.7, "ZendLoc": 45.7, "Goal": 0}, "19": {"XdistToGoal": 17.5, "YdistToGoal": 9.899999999999999, "Head": 0, "LeftFoot": 0, "RightFoot": 0, "OtherBodyPart": 1, "YendLoc": 37.1, "ZendLoc": 2.4, "Goal": 1}}