{"0": {"XdistToGoal": 33.2, "YdistToGoal": 3.8999999999999986, "Head": 0, "LeftFoot": 0, "RightFoot": 0, "OtherBodyPart": 1, "YendLoc": 35.1, "ZendLoc": 1.0, "Goal": 0}, "1": {"XdistToGoal": 9.700000000000003, "YdistToGoal": 14.7, "Head": 0, "LeftFoot": 0, "RightFoot": 0, "OtherBodyPart": 1, "YendLoc": 36.5, "ZendLoc": 0.9, "Goal": 0}, "2": {"XdistToGoal": 21.700000000000003, "YdistToGoal": 0.6000000000000014, "Head": 0, "LeftFoot": 0, "RightFoot": 0, "OtherBodyPart": 1, "YendLoc": 35.5, "ZendLoc": 1.4, "Goal": 0}, "3": {"XdistToGoal": 17.299999999999997, "YdistToGoal": 7.200000000000003, "Head": 0, "LeftFoot": 0, "RightFoot": 0, "OtherBodyPart": 1, "YendLoc": 37.1, "ZendLoc": 1.8, "Goal": 0}, "4": {"XdistToGoal": 6.599999999999994, "YdistToGoal": 1.7999999999999972, "Head": 1, "LeftFoot": 0, "RightFoot": 0, "OtherBodyPart": 0, "YendLoc": 37.9, "ZendLoc": 1.6, "Goal": 1}, "5": {"XdistToGoal": 24.099999999999994, "YdistToGoal": 12.100000000000001, "Head": 0, "LeftFoot": 0, "RightFoot": 0, "OtherBodyPart": 1, "YendLoc": 46.9, "ZendLoc": 46.9, "Goal": 0}, "6": {"XdistToGoal": 6.700000000000003, "YdistToGoal": 4.299999999999997, "Head": 0, "LeftFoot": 0, "RightFoot": 0, "OtherBodyPart": 1, "YendLoc": 42.2, "ZendLoc": 1.3, "Goal": 0}, "7": {"XdistToGoal": 2.700000000000003, "YdistToGoal": 2.3999999999999986, "Head": 0, "LeftFoot": 0, "RightFoot": 0, "OtherBodyPart": 1, "YendLoc": 38.7, "ZendLoc": 2.1, "Goal": 1}, "8": {"XdistToGoal": 13.200000000000003, "YdistToGoal": 8.299999999999997, "Head": 0, "LeftFoot": 0, "RightFoot": 0, "OtherBodyPart": 1, "YendLoc": 40.8, "ZendLoc": 0.1, "Goal": 0}, "9": {"XdistToGoal": 19.200000000000003, "YdistToGoal": 5.600000000000001, "Head": 0, "LeftFoot": 0, "RightFoot": 0, "OtherBodyPart": 1, "YendLoc": 45.2, "ZendLoc": 45.2, "Goal": 0}, "10": {"XdistToGoal": 19.400000000000006, "YdistToGoal": 2.1000000000000014, "Head": 0, "LeftFoot": 0, "RightFoot": 0, "OtherBodyPart": 1, "YendLoc": 42.1, "ZendLoc": 42.1, "Goal": 0}, "11": {"XdistToGoal": 17.799999999999997, "YdistToGoal": 8.100000000000001, "Head": 0, "LeftFoot": 0, "RightFoot": 0, "OtherBodyPart": 1, "YendLoc": 45.4, "ZendLoc": 0.1, "Goal": 0}, "12": {"XdistToGoal": 9.299999999999997, "YdistToGoal": 12.3, "Head": 0, "LeftFoot": 0, "RightFoot": 0, "OtherBodyPart": 1, "YendLoc": 28.8, "ZendLoc": 28.8, "Goal": 0}, "13": {"XdistToGoal": 24.299999999999997, "YdistToGoal": 14.100000000000001, "Head": 0, "LeftFoot": 0, "RightFoot": 0, "OtherBodyPart": 1, "YendLoc": 42.0, "ZendLoc": 0.9, "Goal": 0}, "14": {"XdistToGoal": 12.799999999999997, "YdistToGoal": 4.100000000000001, "Head": 0, "LeftFoot": 0, "RightFoot": 0, "OtherBodyPart": 1, "YendLoc": 48.2, "ZendLoc": 2.0, "Goal": 0}, "15": {"XdistToGoal": 9.700000000000003, "YdistToGoal": 27.1, "Head": 0, "LeftFoot": 0, "RightFoot": 0, "OtherBodyPart": 1, "YendLoc": 46.8, "ZendLoc": 0.6, "Goal": 0}, "16": {"XdistToGoal": 11.299999999999997, "YdistToGoal": 9.100000000000001, "Head": 0, "LeftFoot": 0, "RightFoot": 0, "OtherBodyPart": 1, "YendLoc": 31.5, "ZendLoc": 31.5, "Goal": 0}, "17": {"XdistToGoal": 23.5, "YdistToGoal": 11.7, "Head": 0, "LeftFoot": 0, "RightFoot": 0, "OtherBodyPart": 1, "YendLoc": 38.8, "ZendLoc": 4.8, "Goal": 0}, "18": {"XdistToGoal": 15.200000000000003, "YdistToGoal": 6.5, "Head": 0, "LeftFoot": 0, "RightFoot": 0, "OtherBodyPart": 1, "YendLoc": 36.4, "ZendLoc": 0.3, "Goal": 0}, "19": {"XdistToGoal": 18.200000000000003, "YdistToGoal": 8.899999999999999, "Head": 0, "LeftFoot": 0, "RightFoot": 0, "OtherBodyPart": 1, "YendLoc": 36.1, "ZendLoc": 7.5, "Goal": 0}, "20": {"XdistToGoal": 3.4000000000000057, "YdistToGoal": 6.5, "Head": 1, "LeftFoot": 0, "RightFoot": 0, "OtherBodyPart": 0, "YendLoc": 35.4, "ZendLoc": 0.8, "Goal": 0}, "21": {"XdistToGoal": 11.0, "YdistToGoal": 8.600000000000001, "Head": 0, "LeftFoot": 0, "RightFoot": 0, "OtherBodyPart": 1, "YendLoc": 43.6, "ZendLoc": 0.2, "Goal": 1}, "22": {"XdistToGoal": 19.900000000000006, "YdistToGoal": 14.7, "Head": 0, "LeftFoot": 0, "RightFoot": 0, "OtherBodyPart": 1, "YendLoc": 39.1, "ZendLoc": 3.9, "Goal": 0}, "23": {"XdistToGoal": 17.799999999999997, "YdistToGoal": 0.5, "Head": 0, "LeftFoot": 0, "RightFoot": 0, "OtherBodyPart": 1, "YendLoc": 40.4, "ZendLoc": 0.5, "Goal": 0}, "24": {"XdistToGoal": 17.700000000000003, "YdistToGoal": 11.100000000000001, "Head": 0, "LeftFoot": 0, "RightFoot": 0, "OtherBodyPart": 1, "YendLoc": 39.0, "ZendLoc": 1.6, "Goal": 0}, "25": {"XdistToGoal": 7.900000000000006, "YdistToGoal": 8.899999999999999, "Head": 0, "LeftFoot": 0, "RightFoot": 0, "OtherBodyPart": 1, "YendLoc": 36.4, "ZendLoc": 1.4, "Goal": 0}, "26": {"XdistToGoal": 11.299999999999997, "YdistToGoal": 7.700000000000003, "Head": 0, "LeftFoot": 0, "RightFoot": 0, "OtherBodyPart": 1, "YendLoc": 32.9, "ZendLoc": 32.9, "Goal": 0}, "27": {"XdistToGoal": 15.900000000000006, "YdistToGoal": 0.20000000000000284, "Head": 0, "LeftFoot": 0, "RightFoot": 0, "OtherBodyPart": 1, "YendLoc": 44.6, "ZendLoc": 0.9, "Goal": 0}, "28": {"XdistToGoal": 23.799999999999997, "YdistToGoal": 5.100000000000001, "Head": 0, "LeftFoot": 0, "RightFoot": 0, "OtherBodyPart": 1, "YendLoc": 40.2, "ZendLoc": 0.8, "Goal": 0}, "29": {"XdistToGoal": 18.299999999999997, "YdistToGoal": 7.0, "Head": 0, "LeftFoot": 0, "RightFoot": 0, "OtherBodyPart": 1, "YendLoc": 35.5, "ZendLoc": 0.4, "Goal": 0}, "30": {"XdistToGoal": 7.200000000000003, "YdistToGoal": 11.100000000000001, "Head": 0, "LeftFoot": 0, "RightFoot": 0, "OtherBodyPart": 1, "YendLoc": 35.3, "ZendLoc": 1.5, "Goal": 0}, "31": {"XdistToGoal": 7.0, "YdistToGoal": 8.899999999999999, "Head": 0, "LeftFoot": 0, "RightFoot": 0, "OtherBodyPart": 1, "YendLoc": 36.1, "ZendLoc": 0.7, "Goal": 0}, "32": {"XdistToGoal": 22.0, "YdistToGoal": 5.100000000000001, "Head": 0, "LeftFoot": 0, "RightFoot": 0, "OtherBodyPart": 1, "YendLoc": 36.8, "ZendLoc": 0.5, "Goal": 0}}