{"0": {"XdistToGoal": 10.599999999999994, "YdistToGoal": 5.0, "Head": 0, "LeftFoot": 0, "RightFoot": 0, "OtherBodyPart": 1, "YendLoc": 38.7, "ZendLoc": 0.5, "Goal": 0}, "1": {"XdistToGoal": 16.900000000000006, "YdistToGoal": 9.8, "Head": 0, "LeftFoot": 0, "RightFoot": 0, "OtherBodyPart": 1, "YendLoc": 32.0, "ZendLoc": 32.0, "Goal": 0}, "2": {"XdistToGoal": 19.900000000000006, "YdistToGoal": 3.200000000000003, "Head": 0, "LeftFoot": 0, "RightFoot": 0, "OtherBodyPart": 1, "YendLoc": 40.2, "ZendLoc": 0.3, "Goal": 0}, "3": {"XdistToGoal": 2.299999999999997, "YdistToGoal": 4.200000000000003, "Head": 0, "LeftFoot": 0, "RightFoot": 0, "OtherBodyPart": 1, "YendLoc": 43.9, "ZendLoc": 1.6, "Goal": 0}, "4": {"XdistToGoal": 2.700000000000003, "YdistToGoal": 3.3999999999999986, "Head": 1, "LeftFoot": 0, "RightFoot": 0, "OtherBodyPart": 0, "YendLoc": 41.1, "ZendLoc": 41.1, "Goal": 0}, "5": {"XdistToGoal": 15.900000000000006, "YdistToGoal": 3.8999999999999986, "Head": 1, "LeftFoot": 0, "RightFoot": 0, "OtherBodyPart": 0, "YendLoc": 54.6, "ZendLoc": 54.6, "Goal": 0}, "6": {"XdistToGoal": 10.099999999999994, "YdistToGoal": 1.6000000000000014, "Head": 1, "LeftFoot": 0, "RightFoot": 0, "OtherBodyPart": 0, "YendLoc": 46.9, "ZendLoc": 0.5, "Goal": 0}, "7": {"XdistToGoal": 16.299999999999997, "YdistToGoal": 12.100000000000001, "Head": 0, "LeftFoot": 0, "RightFoot": 0, "OtherBodyPart": 1, "YendLoc": 33.8, "ZendLoc": 0.3, "Goal": 0}, "8": {"XdistToGoal": 5.400000000000006, "YdistToGoal": 5.799999999999997, "Head": 0, "LeftFoot": 0, "RightFoot": 0, "OtherBodyPart": 1, "YendLoc": 40.9, "ZendLoc": 2.1, "Goal": 1}, "9": {"XdistToGoal": 8.200000000000003, "YdistToGoal": 6.600000000000001, "Head": 0, "LeftFoot": 0, "RightFoot": 0, "OtherBodyPart": 1, "YendLoc": 33.5, "ZendLoc": 33.5, "Goal": 0}, "10": {"XdistToGoal": 19.799999999999997, "YdistToGoal": 19.4, "Head": 0, "LeftFoot": 0, "RightFoot": 0, "OtherBodyPart": 1, "YendLoc": 31.9, "ZendLoc": 31.9, "Goal": 0}, "11": {"XdistToGoal": 25.900000000000006, "YdistToGoal": 18.6, "Head": 0, "LeftFoot": 0, "RightFoot": 0, "OtherBodyPart": 1, "YendLoc": 41.3, "ZendLoc": 4.8, "Goal": 0}, "12": {"XdistToGoal": 25.400000000000006, "YdistToGoal": 6.899999999999999, "Head": 0, "LeftFoot": 0, "RightFoot": 0, "OtherBodyPart": 1, "YendLoc": 40.8, "ZendLoc": 1.6, "Goal": 0}, "13": {"XdistToGoal": 24.799999999999997, "YdistToGoal": 4.399999999999999, "Head": 0, "LeftFoot": 0, "RightFoot": 0, "OtherBodyPart": 1, "YendLoc": 36.7, "ZendLoc": 36.7, "Goal": 0}, "14": {"XdistToGoal": 19.599999999999994, "YdistToGoal": 5.100000000000001, "Head": 0, "LeftFoot": 0, "RightFoot": 0, "OtherBodyPart": 1, "YendLoc": 41.0, "ZendLoc": 41.0, "Goal": 0}, "15": {"XdistToGoal": 19.200000000000003, "YdistToGoal": 10.899999999999999, "Head": 0, "LeftFoot": 0, "RightFoot": 0, "OtherBodyPart": 1, "YendLoc": 44.8, "ZendLoc": 44.8, "Goal": 0}, "16": {"XdistToGoal": 7.299999999999997, "YdistToGoal": 7.700000000000003, "Head": 1, "LeftFoot": 0, "RightFoot": 0, "OtherBodyPart": 0, "YendLoc": 42.1, "ZendLoc": 2.2, "Goal": 1}, "17": {"XdistToGoal": 7.799999999999997, "YdistToGoal": 1.0, "Head": 1, "LeftFoot": 0, "RightFoot": 0, "OtherBodyPart": 0, "YendLoc": 27.0, "ZendLoc": 27.0, "Goal": 0}, "18": {"XdistToGoal": 19.0, "YdistToGoal": 8.7, "Head": 0, "LeftFoot": 0, "RightFoot": 0, "OtherBodyPart": 1, "YendLoc": 34.0, "ZendLoc": 34.0, "Goal": 0}, "19": {"XdistToGoal": 14.0, "YdistToGoal": 6.799999999999997, "Head": 0, "LeftFoot": 0, "RightFoot": 0, "OtherBodyPart": 1, "YendLoc": 42.4, "ZendLoc": 0.5, "Goal": 0}, "20": {"XdistToGoal": 20.799999999999997, "YdistToGoal": 14.0, "Head": 0, "LeftFoot": 0, "RightFoot": 0, "OtherBodyPart": 1, "YendLoc": 41.1, "ZendLoc": 0.5, "Goal": 0}, "21": {"XdistToGoal": 10.700000000000003, "YdistToGoal": 2.8999999999999986, "Head": 0, "LeftFoot": 0, "RightFoot": 0, "OtherBodyPart": 1, "YendLoc": 36.6, "ZendLoc": 36.6, "Goal": 0}, "22": {"XdistToGoal": 6.400000000000006, "YdistToGoal": 1.8999999999999986, "Head": 0, "LeftFoot": 0, "RightFoot": 0, "OtherBodyPart": 1, "YendLoc": 34.8, "ZendLoc": 0.8, "Goal": 0}, "23": {"XdistToGoal": 22.200000000000003, "YdistToGoal": 17.4, "Head": 0, "LeftFoot": 0, "RightFoot": 0, "OtherBodyPart": 1, "YendLoc": 35.2, "ZendLoc": 0.3, "Goal": 0}}