{"0": {"XdistToGoal": 6.700000000000003, "YdistToGoal": 1.8999999999999986, "Head": 1, "LeftFoot": 0, "RightFoot": 0, "OtherBodyPart": 0, "YendLoc": 41.6, "ZendLoc": 1.6, "Goal": 0}, "1": {"XdistToGoal": 7.799999999999997, "YdistToGoal": 0.3999999999999986, "Head": 1, "LeftFoot": 0, "RightFoot": 0, "OtherBodyPart": 0, "YendLoc": 46.7, "ZendLoc": 1.6, "Goal": 0}, "2": {"XdistToGoal": 9.599999999999994, "YdistToGoal": 1.7999999999999972, "Head": 0, "LeftFoot": 0, "RightFoot": 0, "OtherBodyPart": 1, "YendLoc": 47.3, "ZendLoc": 1.3, "Goal": 0}, "3": {"XdistToGoal": 13.700000000000003, "YdistToGoal": 11.100000000000001, "Head": 0, "LeftFoot": 0, "RightFoot": 0, "OtherBodyPart": 1, "YendLoc": 42.9, "ZendLoc": 1.3, "Goal": 0}, "4": {"XdistToGoal": 7.799999999999997, "YdistToGoal": 12.100000000000001, "Head": 0, "LeftFoot": 0, "RightFoot": 0, "OtherBodyPart": 1, "YendLoc": 45.7, "ZendLoc": 0.2, "Goal": 0}, "5": {"XdistToGoal": 21.5, "YdistToGoal": 5.700000000000003, "Head": 0, "LeftFoot": 0, "RightFoot": 0, "OtherBodyPart": 1, "YendLoc": 36.8, "ZendLoc": 1.2, "Goal": 1}, "6": {"XdistToGoal": 7.599999999999994, "YdistToGoal": 1.5, "Head": 1, "LeftFoot": 0, "RightFoot": 0, "OtherBodyPart": 0, "YendLoc": 46.6, "ZendLoc": 1.5, "Goal": 0}, "7": {"XdistToGoal": 29.900000000000006, "YdistToGoal": 0.20000000000000284, "Head": 0, "LeftFoot": 0, "RightFoot": 0, "OtherBodyPart": 1, "YendLoc": 41.3, "ZendLoc": 41.3, "Goal": 0}, "8": {"XdistToGoal": 12.400000000000006, "YdistToGoal": 1.1000000000000014, "Head": 1, "LeftFoot": 0, "RightFoot": 0, "OtherBodyPart": 0, "YendLoc": 33.4, "ZendLoc": 1.9, "Goal": 0}, "9": {"XdistToGoal": 10.700000000000003, "YdistToGoal": 3.799999999999997, "Head": 1, "LeftFoot": 0, "RightFoot": 0, "OtherBodyPart": 0, "YendLoc": 34.2, "ZendLoc": 1.6, "Goal": 0}, "10": {"XdistToGoal": 29.099999999999994, "YdistToGoal": 7.700000000000003, "Head": 0, "LeftFoot": 0, "RightFoot": 0, "OtherBodyPart": 1, "YendLoc": 43.4, "ZendLoc": 5.9, "Goal": 0}, "11": {"XdistToGoal": 24.5, "YdistToGoal": 8.399999999999999, "Head": 0, "LeftFoot": 0, "RightFoot": 0, "OtherBodyPart": 1, "YendLoc": 37.8, "ZendLoc": 1.4, "Goal": 0}, "12": {"XdistToGoal": 5.700000000000003, "YdistToGoal": 0.10000000000000142, "Head": 0, "LeftFoot": 0, "RightFoot": 0, "OtherBodyPart": 1, "YendLoc": 39.9, "ZendLoc": 0.3, "Goal": 0}, "13": {"XdistToGoal": 18.5, "YdistToGoal": 10.100000000000001, "Head": 0, "LeftFoot": 0, "RightFoot": 0, "OtherBodyPart": 1, "YendLoc": 48.2, "ZendLoc": 0.0, "Goal": 0}, "14": {"XdistToGoal": 25.599999999999994, "YdistToGoal": 6.100000000000001, "Head": 0, "LeftFoot": 0, "RightFoot": 0, "OtherBodyPart": 1, "YendLoc": 45.2, "ZendLoc": 45.2, "Goal": 0}, "15": {"XdistToGoal": 7.599999999999994, "YdistToGoal": 1.1000000000000014, "Head": 1, "LeftFoot": 0, "RightFoot": 0, "OtherBodyPart": 0, "YendLoc": 39.6, "ZendLoc": 39.6, "Goal": 0}, "16": {"XdistToGoal": 13.099999999999994, "YdistToGoal": 8.700000000000003, "Head": 0, "LeftFoot": 0, "RightFoot": 0, "OtherBodyPart": 1, "YendLoc": 47.6, "ZendLoc": 47.6, "Goal": 0}, "17": {"XdistToGoal": 6.5, "YdistToGoal": 11.100000000000001, "Head": 0, "LeftFoot": 0, "RightFoot": 0, "OtherBodyPart": 1, "YendLoc": 37.0, "ZendLoc": 0.0, "Goal": 1}, "18": {"XdistToGoal": 11.099999999999994, "YdistToGoal": 5.799999999999997, "Head": 1, "LeftFoot": 0, "RightFoot": 0, "OtherBodyPart": 0, "YendLoc": 40.0, "ZendLoc": 1.6, "Goal": 0}, "19": {"XdistToGoal": 11.799999999999997, "YdistToGoal": 10.899999999999999, "Head": 0, "LeftFoot": 0, "RightFoot": 0, "OtherBodyPart": 1, "YendLoc": 37.9, "ZendLoc": 0.0, "Goal": 0}, "20": {"XdistToGoal": 13.099999999999994, "YdistToGoal": 7.100000000000001, "Head": 0, "LeftFoot": 0, "RightFoot": 0, "OtherBodyPart": 1, "YendLoc": 45.8, "ZendLoc": 45.8, "Goal": 0}, "21": {"XdistToGoal": 10.900000000000006, "YdistToGoal": 3.5, "Head": 1, "LeftFoot": 0, "RightFoot": 0, "OtherBodyPart": 0, "YendLoc": 28.2, "ZendLoc": 0.7, "Goal": 0}}