{"0": {"XdistToGoal": 14.400000000000006, "YdistToGoal": 16.6, "Head": 0, "LeftFoot": 0, "RightFoot": 0, "OtherBodyPart": 1, "YendLoc": 36.4, "ZendLoc": 0.2, "Goal": 0}, "1": {"XdistToGoal": 9.799999999999997, "YdistToGoal": 2.8999999999999986, "Head": 0, "LeftFoot": 0, "RightFoot": 0, "OtherBodyPart": 1, "YendLoc": 37.7, "ZendLoc": 0.5, "Goal": 0}, "2": {"XdistToGoal": 5.0, "YdistToGoal": 4.899999999999999, "Head": 0, "LeftFoot": 0, "RightFoot": 0, "OtherBodyPart": 1, "YendLoc": 35.8, "ZendLoc": 0.5, "Goal": 0}, "3": {"XdistToGoal": 6.400000000000006, "YdistToGoal": 11.700000000000003, "Head": 0, "LeftFoot": 0, "RightFoot": 0, "OtherBodyPart": 1, "YendLoc": 44.2, "ZendLoc": 0.7, "Goal": 0}, "4": {"XdistToGoal": 20.700000000000003, "YdistToGoal": 6.399999999999999, "Head": 0, "LeftFoot": 0, "RightFoot": 0, "OtherBodyPart": 1, "YendLoc": 43.6, "ZendLoc": 43.6, "Goal": 0}, "5": {"XdistToGoal": 10.5, "YdistToGoal": 1.2000000000000028, "Head": 0, "LeftFoot": 0, "RightFoot": 0, "OtherBodyPart": 1, "YendLoc": 48.1, "ZendLoc": 48.1, "Goal": 0}, "6": {"XdistToGoal": 9.700000000000003, "YdistToGoal": 3.3999999999999986, "Head": 1, "LeftFoot": 0, "RightFoot": 0, "OtherBodyPart": 0, "YendLoc": 45.7, "ZendLoc": 2.0, "Goal": 0}, "7": {"XdistToGoal": 20.599999999999994, "YdistToGoal": 8.299999999999997, "Head": 0, "LeftFoot": 0, "RightFoot": 0, "OtherBodyPart": 1, "YendLoc": 45.9, "ZendLoc": 45.9, "Goal": 0}, "8": {"XdistToGoal": 10.299999999999997, "YdistToGoal": 15.100000000000001, "Head": 0, "LeftFoot": 0, "RightFoot": 0, "OtherBodyPart": 1, "YendLoc": 54.1, "ZendLoc": 54.1, "Goal": 0}, "9": {"XdistToGoal": 25.799999999999997, "YdistToGoal": 4.399999999999999, "Head": 0, "LeftFoot": 0, "RightFoot": 0, "OtherBodyPart": 1, "YendLoc": 36.1, "ZendLoc": 36.1, "Goal": 0}, "10": {"XdistToGoal": 7.5, "YdistToGoal": 6.0, "Head": 0, "LeftFoot": 0, "RightFoot": 0, "OtherBodyPart": 1, "YendLoc": 48.2, "ZendLoc": 48.2, "Goal": 0}, "11": {"XdistToGoal": 19.299999999999997, "YdistToGoal": 11.899999999999999, "Head": 0, "LeftFoot": 0, "RightFoot": 0, "OtherBodyPart": 1, "YendLoc": 50.5, "ZendLoc": 50.5, "Goal": 0}, "12": {"XdistToGoal": 7.299999999999997, "YdistToGoal": 0.3999999999999986, "Head": 1, "LeftFoot": 0, "RightFoot": 0, "OtherBodyPart": 0, "YendLoc": 35.6, "ZendLoc": 3.4, "Goal": 0}, "13": {"XdistToGoal": 14.700000000000003, "YdistToGoal": 1.7000000000000028, "Head": 0, "LeftFoot": 0, "RightFoot": 0, "OtherBodyPart": 1, "YendLoc": 39.7, "ZendLoc": 39.7, "Goal": 0}, "14": {"XdistToGoal": 7.0, "YdistToGoal": 9.299999999999997, "Head": 0, "LeftFoot": 0, "RightFoot": 0, "OtherBodyPart": 1, "YendLoc": 44.1, "ZendLoc": 1.4, "Goal": 0}, "15": {"XdistToGoal": 16.5, "YdistToGoal": 6.600000000000001, "Head": 0, "LeftFoot": 0, "RightFoot": 0, "OtherBodyPart": 1, "YendLoc": 47.7, "ZendLoc": 3.1, "Goal": 0}, "16": {"XdistToGoal": 15.299999999999997, "YdistToGoal": 3.1000000000000014, "Head": 0, "LeftFoot": 0, "RightFoot": 0, "OtherBodyPart": 1, "YendLoc": 43.0, "ZendLoc": 43.0, "Goal": 0}, "17": {"XdistToGoal": 18.299999999999997, "YdistToGoal": 6.700000000000003, "Head": 0, "LeftFoot": 0, "RightFoot": 0, "OtherBodyPart": 1, "YendLoc": 33.1, "ZendLoc": 33.1, "Goal": 0}, "18": {"XdistToGoal": 18.0, "YdistToGoal": 7.799999999999997, "Head": 0, "LeftFoot": 0, "RightFoot": 0, "OtherBodyPart": 1, "YendLoc": 32.8, "ZendLoc": 32.8, "Goal": 0}, "19": {"XdistToGoal": 8.0, "YdistToGoal": 6.5, "Head": 0, "LeftFoot": 0, "RightFoot": 0, "OtherBodyPart": 1, "YendLoc": 43.4, "ZendLoc": 43.4, "Goal": 0}, "20": {"XdistToGoal": 7.0, "YdistToGoal": 4.700000000000003, "Head": 1, "LeftFoot": 0, "RightFoot": 0, "OtherBodyPart": 0, "YendLoc": 40.2, "ZendLoc": 40.2, "Goal": 0}}