{"0": {"XdistToGoal": 12.799999999999997, "YdistToGoal": 18.5, "Head": 0, "LeftFoot": 0, "RightFoot": 0, "OtherBodyPart": 1, "YendLoc": 48.1, "ZendLoc": 0.0, "Goal": 0}, "1": {"XdistToGoal": 12.900000000000006, "YdistToGoal": 0.3999999999999986, "Head": 0, "LeftFoot": 0, "RightFoot": 0, "OtherBodyPart": 1, "YendLoc": 39.3, "ZendLoc": 39.3, "Goal": 0}, "2": {"XdistToGoal": 12.900000000000006, "YdistToGoal": 1.7000000000000028, "Head": 0, "LeftFoot": 0, "RightFoot": 0, "OtherBodyPart": 1, "YendLoc": 41.9, "ZendLoc": 0.0, "Goal": 0}, "3": {"XdistToGoal": 16.900000000000006, "YdistToGoal": 0.20000000000000284, "Head": 0, "LeftFoot": 0, "RightFoot": 0, "OtherBodyPart": 1, "YendLoc": 41.0, "ZendLoc": 41.0, "Goal": 0}, "4": {"XdistToGoal": 13.400000000000006, "YdistToGoal": 4.299999999999997, "Head": 0, "LeftFoot": 0, "RightFoot": 0, "OtherBodyPart": 1, "YendLoc": 36.0, "ZendLoc": 36.0, "Goal": 0}, "5": {"XdistToGoal": 8.200000000000003, "YdistToGoal": 12.899999999999999, "Head": 0, "LeftFoot": 0, "RightFoot": 0, "OtherBodyPart": 1, "YendLoc": 50.2, "ZendLoc": 50.2, "Goal": 0}, "6": {"XdistToGoal": 15.0, "YdistToGoal": 12.399999999999999, "Head": 0, "LeftFoot": 0, "RightFoot": 0, "OtherBodyPart": 1, "YendLoc": 36.7, "ZendLoc": 0.5, "Goal": 0}, "7": {"XdistToGoal": 10.799999999999997, "YdistToGoal": 6.700000000000003, "Head": 1, "LeftFoot": 0, "RightFoot": 0, "OtherBodyPart": 0, "YendLoc": 50.7, "ZendLoc": 0.5, "Goal": 0}, "8": {"XdistToGoal": 11.900000000000006, "YdistToGoal": 16.799999999999997, "Head": 0, "LeftFoot": 0, "RightFoot": 0, "OtherBodyPart": 1, "YendLoc": 54.7, "ZendLoc": 54.7, "Goal": 0}, "9": {"XdistToGoal": 10.799999999999997, "YdistToGoal": 8.100000000000001, "Head": 0, "LeftFoot": 0, "RightFoot": 0, "OtherBodyPart": 1, "YendLoc": 37.2, "ZendLoc": 0.2, "Goal": 1}, "10": {"XdistToGoal": 13.400000000000006, "YdistToGoal": 6.899999999999999, "Head": 0, "LeftFoot": 0, "RightFoot": 0, "OtherBodyPart": 1, "YendLoc": 46.6, "ZendLoc": 46.6, "Goal": 0}, "11": {"XdistToGoal": 17.5, "YdistToGoal": 3.3999999999999986, "Head": 0, "LeftFoot": 0, "RightFoot": 0, "OtherBodyPart": 1, "YendLoc": 36.9, "ZendLoc": 2.0, "Goal": 0}, "12": {"XdistToGoal": 20.900000000000006, "YdistToGoal": 14.8, "Head": 0, "LeftFoot": 0, "RightFoot": 0, "OtherBodyPart": 1, "YendLoc": 46.0, "ZendLoc": 5.6, "Goal": 0}, "13": {"XdistToGoal": 11.0, "YdistToGoal": 0.7999999999999972, "Head": 0, "LeftFoot": 0, "RightFoot": 0, "OtherBodyPart": 1, "YendLoc": 39.2, "ZendLoc": 39.2, "Goal": 0}, "14": {"XdistToGoal": 17.200000000000003, "YdistToGoal": 2.3999999999999986, "Head": 0, "LeftFoot": 0, "RightFoot": 0, "OtherBodyPart": 1, "YendLoc": 38.8, "ZendLoc": 2.1, "Goal": 0}, "15": {"XdistToGoal": 11.599999999999994, "YdistToGoal": 3.299999999999997, "Head": 0, "LeftFoot": 0, "RightFoot": 0, "OtherBodyPart": 1, "YendLoc": 42.4, "ZendLoc": 2.1, "Goal": 1}, "16": {"XdistToGoal": 23.700000000000003, "YdistToGoal": 6.399999999999999, "Head": 0, "LeftFoot": 0, "RightFoot": 0, "OtherBodyPart": 1, "YendLoc": 47.0, "ZendLoc": 2.4, "Goal": 0}, "17": {"XdistToGoal": 29.0, "YdistToGoal": 10.0, "Head": 0, "LeftFoot": 0, "RightFoot": 0, "OtherBodyPart": 1, "YendLoc": 44.6, "ZendLoc": 0.2, "Goal": 0}, "18": {"XdistToGoal": 20.900000000000006, "YdistToGoal": 7.5, "Head": 0, "LeftFoot": 0, "RightFoot": 0, "OtherBodyPart": 1, "YendLoc": 34.8, "ZendLoc": 0.2, "Goal": 0}, "19": {"XdistToGoal": 57.6, "YdistToGoal": 12.2, "Head": 0, "LeftFoot": 0, "RightFoot": 0, "OtherBodyPart": 1, "YendLoc": 51.9, "ZendLoc": 51.9, "Goal": 0}, "20": {"XdistToGoal": 15.599999999999994, "YdistToGoal": 9.899999999999999, "Head": 0, "LeftFoot": 0, "RightFoot": 0, "OtherBodyPart": 1, "YendLoc": 36.5, "ZendLoc": 1.3, "Goal": 0}, "21": {"XdistToGoal": 29.299999999999997, "YdistToGoal": 8.899999999999999, "Head": 0, "LeftFoot": 0, "RightFoot": 0, "OtherBodyPart": 1, "YendLoc": 43.3, "ZendLoc": 3.9, "Goal": 0}, "22": {"XdistToGoal": 12.0, "YdistToGoal": 11.100000000000001, "Head": 0, "LeftFoot": 0, "RightFoot": 0, "OtherBodyPart": 1, "YendLoc": 43.9, "ZendLoc": 0.2, "Goal": 1}, "23": {"XdistToGoal": 24.0, "YdistToGoal": 9.0, "Head": 0, "LeftFoot": 0, "RightFoot": 0, "OtherBodyPart": 1, "YendLoc": 48.3, "ZendLoc": 1.4, "Goal": 0}, "24": {"XdistToGoal": 28.0, "YdistToGoal": 6.899999999999999, "Head": 0, "LeftFoot": 0, "RightFoot": 0, "OtherBodyPart": 1, "YendLoc": 40.1, "ZendLoc": 0.0, "Goal": 0}, "25": {"XdistToGoal": 8.5, "YdistToGoal": 7.799999999999997, "Head": 0, "LeftFoot": 0, "RightFoot": 0, "OtherBodyPart": 1, "YendLoc": 32.9, "ZendLoc": 0.0, "Goal": 0}, "26": {"XdistToGoal": 15.700000000000003, "YdistToGoal": 6.5, "Head": 0, "LeftFoot": 0, "RightFoot": 0, "OtherBodyPart": 1, "YendLoc": 38.2, "ZendLoc": 1.0, "Goal": 0}, "27": {"XdistToGoal": 9.799999999999997, "YdistToGoal": 4.700000000000003, "Head": 0, "LeftFoot": 0, "RightFoot": 0, "OtherBodyPart": 1, "YendLoc": 43.6, "ZendLoc": 0.9, "Goal": 0}, "28": {"XdistToGoal": 20.200000000000003, "YdistToGoal": 15.5, "Head": 0, "LeftFoot": 0, "RightFoot": 0, "OtherBodyPart": 1, "YendLoc": 19.5, "ZendLoc": 1.6, "Goal": 0}, "29": {"XdistToGoal": 8.599999999999994, "YdistToGoal": 0.7999999999999972, "Head": 1, "LeftFoot": 0, "RightFoot": 0, "OtherBodyPart": 0, "YendLoc": 47.2, "ZendLoc": 1.5, "Goal": 0}, "30": {"XdistToGoal": 21.099999999999994, "YdistToGoal": 2.1000000000000014, "Head": 0, "LeftFoot": 0, "RightFoot": 0, "OtherBodyPart": 1, "YendLoc": 45.6, "ZendLoc": 2.6, "Goal": 0}, "31": {"XdistToGoal": 21.400000000000006, "YdistToGoal": 14.7, "Head": 0, "LeftFoot": 0, "RightFoot": 0, "OtherBodyPart": 1, "YendLoc": 26.1, "ZendLoc": 26.1, "Goal": 0}, "32": {"XdistToGoal": 24.099999999999994, "YdistToGoal": 15.600000000000001, "Head": 0, "LeftFoot": 0, "RightFoot": 0, "OtherBodyPart": 1, "YendLoc": 33.2, "ZendLoc": 4.2, "Goal": 0}}