{"0": {"XdistToGoal": 25.400000000000006, "YdistToGoal": 8.7, "Head": 0, "LeftFoot": 0, "RightFoot": 0, "OtherBodyPart": 1, "YendLoc": 31.9, "ZendLoc": 4.5, "Goal": 0}, "1": {"XdistToGoal": 26.599999999999994, "YdistToGoal": 2.799999999999997, "Head": 0, "LeftFoot": 0, "RightFoot": 0, "OtherBodyPart": 1, "YendLoc": 34.3, "ZendLoc": 0.2, "Goal": 0}, "2": {"XdistToGoal": 18.900000000000006, "YdistToGoal": 5.399999999999999, "Head": 0, "LeftFoot": 0, "RightFoot": 0, "OtherBodyPart": 1, "YendLoc": 38.5, "ZendLoc": 38.5, "Goal": 0}, "3": {"XdistToGoal": 8.900000000000006, "YdistToGoal": 8.399999999999999, "Head": 0, "LeftFoot": 0, "RightFoot": 0, "OtherBodyPart": 1, "YendLoc": 41.4, "ZendLoc": 4.6, "Goal": 0}, "4": {"XdistToGoal": 24.200000000000003, "YdistToGoal": 0.20000000000000284, "Head": 0, "LeftFoot": 0, "RightFoot": 0, "OtherBodyPart": 1, "YendLoc": 44.6, "ZendLoc": 5.3, "Goal": 0}, "5": {"XdistToGoal": 21.900000000000006, "YdistToGoal": 4.899999999999999, "Head": 0, "LeftFoot": 0, "RightFoot": 0, "OtherBodyPart": 1, "YendLoc": 36.0, "ZendLoc": 0.2, "Goal": 0}, "6": {"XdistToGoal": 21.599999999999994, "YdistToGoal": 15.399999999999999, "Head": 0, "LeftFoot": 0, "RightFoot": 0, "OtherBodyPart": 1, "YendLoc": 44.4, "ZendLoc": 44.4, "Goal": 0}, "7": {"XdistToGoal": 11.700000000000003, "YdistToGoal": 0.20000000000000284, "Head": 0, "LeftFoot": 0, "RightFoot": 0, "OtherBodyPart": 1, "YendLoc": 43.1, "ZendLoc": 0.5, "Goal": 1}, "8": {"XdistToGoal": 5.0, "YdistToGoal": 1.5, "Head": 0, "LeftFoot": 0, "RightFoot": 0, "OtherBodyPart": 1, "YendLoc": 38.7, "ZendLoc": 38.7, "Goal": 0}, "9": {"XdistToGoal": 6.400000000000006, "YdistToGoal": 0.10000000000000142, "Head": 0, "LeftFoot": 0, "RightFoot": 0, "OtherBodyPart": 1, "YendLoc": 40.2, "ZendLoc": 40.2, "Goal": 0}, "10": {"XdistToGoal": 9.700000000000003, "YdistToGoal": 2.299999999999997, "Head": 0, "LeftFoot": 0, "RightFoot": 0, "OtherBodyPart": 1, "YendLoc": 41.4, "ZendLoc": 41.4, "Goal": 0}, "11": {"XdistToGoal": 17.0, "YdistToGoal": 15.799999999999997, "Head": 0, "LeftFoot": 0, "RightFoot": 0, "OtherBodyPart": 1, "YendLoc": 26.1, "ZendLoc": 0.3, "Goal": 0}, "12": {"XdistToGoal": 6.700000000000003, "YdistToGoal": 2.8999999999999986, "Head": 1, "LeftFoot": 0, "RightFoot": 0, "OtherBodyPart": 0, "YendLoc": 39.0, "ZendLoc": 2.2, "Goal": 0}, "13": {"XdistToGoal": 22.799999999999997, "YdistToGoal": 8.399999999999999, "Head": 0, "LeftFoot": 0, "RightFoot": 0, "OtherBodyPart": 1, "YendLoc": 34.6, "ZendLoc": 0.3, "Goal": 0}, "14": {"XdistToGoal": 9.099999999999994, "YdistToGoal": 6.5, "Head": 1, "LeftFoot": 0, "RightFoot": 0, "OtherBodyPart": 0, "YendLoc": 42.0, "ZendLoc": 4.3, "Goal": 0}, "15": {"XdistToGoal": 12.400000000000006, "YdistToGoal": 4.5, "Head": 0, "LeftFoot": 0, "RightFoot": 0, "OtherBodyPart": 1, "YendLoc": 17.7, "ZendLoc": 0.2, "Goal": 0}, "16": {"XdistToGoal": 19.5, "YdistToGoal": 8.100000000000001, "Head": 0, "LeftFoot": 0, "RightFoot": 0, "OtherBodyPart": 1, "YendLoc": 42.8, "ZendLoc": 4.3, "Goal": 0}, "17": {"XdistToGoal": 8.299999999999997, "YdistToGoal": 4.0, "Head": 0, "LeftFoot": 0, "RightFoot": 0, "OtherBodyPart": 1, "YendLoc": 43.3, "ZendLoc": 0.2, "Goal": 1}, "18": {"XdistToGoal": 12.700000000000003, "YdistToGoal": 0.10000000000000142, "Head": 0, "LeftFoot": 0, "RightFoot": 0, "OtherBodyPart": 1, "YendLoc": 50.9, "ZendLoc": 50.9, "Goal": 0}, "19": {"XdistToGoal": 10.0, "YdistToGoal": 20.8, "Head": 0, "LeftFoot": 0, "RightFoot": 0, "OtherBodyPart": 1, "YendLoc": 26.9, "ZendLoc": 26.9, "Goal": 0}, "20": {"XdistToGoal": 12.099999999999994, "YdistToGoal": 0.10000000000000142, "Head": 0, "LeftFoot": 0, "RightFoot": 0, "OtherBodyPart": 1, "YendLoc": 42.6, "ZendLoc": 2.1, "Goal": 1}, "21": {"XdistToGoal": 16.900000000000006, "YdistToGoal": 15.8, "Head": 0, "LeftFoot": 0, "RightFoot": 0, "OtherBodyPart": 1, "YendLoc": 38.1, "ZendLoc": 0.2, "Goal": 1}, "22": {"XdistToGoal": 12.799999999999997, "YdistToGoal": 14.0, "Head": 0, "LeftFoot": 0, "RightFoot": 0, "OtherBodyPart": 1, "YendLoc": 52.3, "ZendLoc": 52.3, "Goal": 0}, "23": {"XdistToGoal": 23.599999999999994, "YdistToGoal": 10.3, "Head": 0, "LeftFoot": 0, "RightFoot": 0, "OtherBodyPart": 1, "YendLoc": 30.0, "ZendLoc": 30.0, "Goal": 0}, "24": {"XdistToGoal": 10.599999999999994, "YdistToGoal": 12.100000000000001, "Head": 0, "LeftFoot": 0, "RightFoot": 0, "OtherBodyPart": 1, "YendLoc": 30.8, "ZendLoc": 30.8, "Goal": 0}, "25": {"XdistToGoal": 9.900000000000006, "YdistToGoal": 0.6000000000000014, "Head": 0, "LeftFoot": 0, "RightFoot": 0, "OtherBodyPart": 1, "YendLoc": 39.5, "ZendLoc": 2.0, "Goal": 0}, "26": {"XdistToGoal": 25.700000000000003, "YdistToGoal": 0.20000000000000284, "Head": 0, "LeftFoot": 0, "RightFoot": 0, "OtherBodyPart": 1, "YendLoc": 39.8, "ZendLoc": 39.8, "Goal": 0}}