{"0": {"XdistToGoal": 19.900000000000006, "YdistToGoal": 13.3, "Head": 0, "LeftFoot": 0, "RightFoot": 0, "OtherBodyPart": 1, "YendLoc": 32.1, "ZendLoc": 32.1, "Goal": 0}, "1": {"XdistToGoal": 11.900000000000006, "YdistToGoal": 0.20000000000000284, "Head": 0, "LeftFoot": 0, "RightFoot": 0, "OtherBodyPart": 1, "YendLoc": 43.2, "ZendLoc": 1.9, "Goal": 1}, "2": {"XdistToGoal": 9.900000000000006, "YdistToGoal": 4.299999999999997, "Head": 1, "LeftFoot": 0, "RightFoot": 0, "OtherBodyPart": 0, "YendLoc": 29.5, "ZendLoc": 0.5, "Goal": 0}, "3": {"XdistToGoal": 15.900000000000006, "YdistToGoal": 2.299999999999997, "Head": 0, "LeftFoot": 0, "RightFoot": 0, "OtherBodyPart": 1, "YendLoc": 39.1, "ZendLoc": 3.5, "Goal": 0}, "4": {"XdistToGoal": 1.9000000000000057, "YdistToGoal": 3.6000000000000014, "Head": 1, "LeftFoot": 0, "RightFoot": 0, "OtherBodyPart": 0, "YendLoc": 41.4, "ZendLoc": 3.5, "Goal": 0}, "5": {"XdistToGoal": 21.0, "YdistToGoal": 11.600000000000001, "Head": 0, "LeftFoot": 0, "RightFoot": 0, "OtherBodyPart": 1, "YendLoc": 45.7, "ZendLoc": 0.2, "Goal": 0}, "6": {"XdistToGoal": 5.900000000000006, "YdistToGoal": 4.700000000000003, "Head": 1, "LeftFoot": 0, "RightFoot": 0, "OtherBodyPart": 0, "YendLoc": 41.2, "ZendLoc": 41.2, "Goal": 0}, "7": {"XdistToGoal": 11.200000000000003, "YdistToGoal": 5.600000000000001, "Head": 0, "LeftFoot": 0, "RightFoot": 0, "OtherBodyPart": 1, "YendLoc": 41.7, "ZendLoc": 1.2, "Goal": 0}, "8": {"XdistToGoal": 19.799999999999997, "YdistToGoal": 9.5, "Head": 0, "LeftFoot": 0, "RightFoot": 0, "OtherBodyPart": 1, "YendLoc": 43.4, "ZendLoc": 43.4, "Goal": 0}, "9": {"XdistToGoal": 18.200000000000003, "YdistToGoal": 9.0, "Head": 0, "LeftFoot": 0, "RightFoot": 0, "OtherBodyPart": 1, "YendLoc": 39.9, "ZendLoc": 1.5, "Goal": 0}, "10": {"XdistToGoal": 26.700000000000003, "YdistToGoal": 5.600000000000001, "Head": 0, "LeftFoot": 0, "RightFoot": 0, "OtherBodyPart": 1, "YendLoc": 35.0, "ZendLoc": 35.0, "Goal": 0}, "11": {"XdistToGoal": 25.599999999999994, "YdistToGoal": 5.299999999999997, "Head": 0, "LeftFoot": 0, "RightFoot": 0, "OtherBodyPart": 1, "YendLoc": 28.1, "ZendLoc": 0.4, "Goal": 0}, "12": {"XdistToGoal": 4.799999999999997, "YdistToGoal": 8.399999999999999, "Head": 0, "LeftFoot": 0, "RightFoot": 0, "OtherBodyPart": 1, "YendLoc": 44.7, "ZendLoc": 44.7, "Goal": 0}, "13": {"XdistToGoal": 14.099999999999994, "YdistToGoal": 18.6, "Head": 0, "LeftFoot": 0, "RightFoot": 0, "OtherBodyPart": 1, "YendLoc": 31.8, "ZendLoc": 4.1, "Goal": 0}, "14": {"XdistToGoal": 26.200000000000003, "YdistToGoal": 2.1000000000000014, "Head": 0, "LeftFoot": 0, "RightFoot": 0, "OtherBodyPart": 1, "YendLoc": 41.9, "ZendLoc": 41.9, "Goal": 0}, "15": {"XdistToGoal": 14.900000000000006, "YdistToGoal": 12.5, "Head": 0, "LeftFoot": 0, "RightFoot": 0, "OtherBodyPart": 1, "YendLoc": 45.4, "ZendLoc": 0.6, "Goal": 0}, "16": {"XdistToGoal": 29.799999999999997, "YdistToGoal": 2.299999999999997, "Head": 0, "LeftFoot": 0, "RightFoot": 0, "OtherBodyPart": 1, "YendLoc": 64.1, "ZendLoc": 0.5, "Goal": 0}, "17": {"XdistToGoal": 31.700000000000003, "YdistToGoal": 20.0, "Head": 0, "LeftFoot": 0, "RightFoot": 0, "OtherBodyPart": 1, "YendLoc": 28.8, "ZendLoc": 0.2, "Goal": 0}, "18": {"XdistToGoal": 26.200000000000003, "YdistToGoal": 5.200000000000003, "Head": 0, "LeftFoot": 0, "RightFoot": 0, "OtherBodyPart": 1, "YendLoc": 45.0, "ZendLoc": 45.0, "Goal": 0}, "19": {"XdistToGoal": 27.799999999999997, "YdistToGoal": 17.8, "Head": 0, "LeftFoot": 0, "RightFoot": 0, "OtherBodyPart": 1, "YendLoc": 38.4, "ZendLoc": 4.2, "Goal": 0}, "20": {"XdistToGoal": 7.799999999999997, "YdistToGoal": 11.5, "Head": 0, "LeftFoot": 0, "RightFoot": 0, "OtherBodyPart": 1, "YendLoc": 44.3, "ZendLoc": 1.7, "Goal": 0}, "21": {"XdistToGoal": 18.099999999999994, "YdistToGoal": 9.5, "Head": 0, "LeftFoot": 0, "RightFoot": 0, "OtherBodyPart": 1, "YendLoc": 33.6, "ZendLoc": 4.3, "Goal": 0}, "22": {"XdistToGoal": 5.900000000000006, "YdistToGoal": 2.0, "Head": 1, "LeftFoot": 0, "RightFoot": 0, "OtherBodyPart": 0, "YendLoc": 32.0, "ZendLoc": 32.0, "Goal": 0}, "23": {"XdistToGoal": 27.799999999999997, "YdistToGoal": 6.399999999999999, "Head": 0, "LeftFoot": 0, "RightFoot": 0, "OtherBodyPart": 1, "YendLoc": 34.5, "ZendLoc": 34.5, "Goal": 0}, "24": {"XdistToGoal": 18.799999999999997, "YdistToGoal": 3.200000000000003, "Head": 0, "LeftFoot": 0, "RightFoot": 0, "OtherBodyPart": 1, "YendLoc": 42.8, "ZendLoc": 42.8, "Goal": 0}, "25": {"XdistToGoal": 6.599999999999994, "YdistToGoal": 0.5, "Head": 1, "LeftFoot": 0, "RightFoot": 0, "OtherBodyPart": 0, "YendLoc": 47.2, "ZendLoc": 1.7, "Goal": 0}}