{"0": {"XdistToGoal": 14.299999999999997, "YdistToGoal": 1.7999999999999972, "Head": 0, "LeftFoot": 0, "RightFoot": 0, "OtherBodyPart": 1, "YendLoc": 39.8, "ZendLoc": 0.2, "Goal": 0}, "1": {"XdistToGoal": 13.099999999999994, "YdistToGoal": 12.600000000000001, "Head": 0, "LeftFoot": 0, "RightFoot": 0, "OtherBodyPart": 1, "YendLoc": 35.5, "ZendLoc": 1.6, "Goal": 0}, "2": {"XdistToGoal": 28.700000000000003, "YdistToGoal": 0.10000000000000142, "Head": 0, "LeftFoot": 0, "RightFoot": 0, "OtherBodyPart": 1, "YendLoc": 47.3, "ZendLoc": 1.3, "Goal": 0}, "3": {"XdistToGoal": 15.200000000000003, "YdistToGoal": 12.700000000000003, "Head": 0, "LeftFoot": 0, "RightFoot": 0, "OtherBodyPart": 1, "YendLoc": 40.5, "ZendLoc": 40.5, "Goal": 0}, "4": {"XdistToGoal": 20.0, "YdistToGoal": 14.0, "Head": 0, "LeftFoot": 0, "RightFoot": 0, "OtherBodyPart": 1, "YendLoc": 52.0, "ZendLoc": 52.0, "Goal": 0}, "5": {"XdistToGoal": 11.599999999999994, "YdistToGoal": 12.100000000000001, "Head": 0, "LeftFoot": 0, "RightFoot": 0, "OtherBodyPart": 1, "YendLoc": 51.9, "ZendLoc": 51.9, "Goal": 0}, "6": {"XdistToGoal": 16.0, "YdistToGoal": 6.299999999999997, "Head": 0, "LeftFoot": 0, "RightFoot": 0, "OtherBodyPart": 1, "YendLoc": 45.1, "ZendLoc": 1.5, "Goal": 0}, "7": {"XdistToGoal": 16.900000000000006, "YdistToGoal": 9.600000000000001, "Head": 0, "LeftFoot": 0, "RightFoot": 0, "OtherBodyPart": 1, "YendLoc": 35.5, "ZendLoc": 1.6, "Goal": 0}, "8": {"XdistToGoal": 15.400000000000006, "YdistToGoal": 9.899999999999999, "Head": 0, "LeftFoot": 0, "RightFoot": 0, "OtherBodyPart": 1, "YendLoc": 34.6, "ZendLoc": 0.9, "Goal": 0}, "9": {"XdistToGoal": 6.099999999999994, "YdistToGoal": 10.600000000000001, "Head": 0, "LeftFoot": 0, "RightFoot": 0, "OtherBodyPart": 1, "YendLoc": 44.9, "ZendLoc": 0.5, "Goal": 0}, "10": {"XdistToGoal": 6.900000000000006, "YdistToGoal": 2.200000000000003, "Head": 1, "LeftFoot": 0, "RightFoot": 0, "OtherBodyPart": 0, "YendLoc": 41.3, "ZendLoc": 41.3, "Goal": 0}, "11": {"XdistToGoal": 5.200000000000003, "YdistToGoal": 9.200000000000003, "Head": 0, "LeftFoot": 0, "RightFoot": 0, "OtherBodyPart": 1, "YendLoc": 36.1, "ZendLoc": 0.2, "Goal": 0}, "12": {"XdistToGoal": 4.099999999999994, "YdistToGoal": 3.0, "Head": 0, "LeftFoot": 0, "RightFoot": 0, "OtherBodyPart": 1, "YendLoc": 42.9, "ZendLoc": 0.5, "Goal": 1}, "13": {"XdistToGoal": 26.099999999999994, "YdistToGoal": 10.3, "Head": 0, "LeftFoot": 0, "RightFoot": 0, "OtherBodyPart": 1, "YendLoc": 41.5, "ZendLoc": 2.0, "Goal": 0}, "14": {"XdistToGoal": 25.0, "YdistToGoal": 8.5, "Head": 0, "LeftFoot": 0, "RightFoot": 0, "OtherBodyPart": 1, "YendLoc": 61.0, "ZendLoc": 1.9, "Goal": 0}, "15": {"XdistToGoal": 20.5, "YdistToGoal": 9.399999999999999, "Head": 0, "LeftFoot": 0, "RightFoot": 0, "OtherBodyPart": 1, "YendLoc": 38.3, "ZendLoc": 7.0, "Goal": 0}, "16": {"XdistToGoal": 17.900000000000006, "YdistToGoal": 8.399999999999999, "Head": 0, "LeftFoot": 0, "RightFoot": 0, "OtherBodyPart": 1, "YendLoc": 43.5, "ZendLoc": 0.6, "Goal": 1}, "17": {"XdistToGoal": 22.400000000000006, "YdistToGoal": 8.100000000000001, "Head": 0, "LeftFoot": 0, "RightFoot": 0, "OtherBodyPart": 1, "YendLoc": 48.0, "ZendLoc": 48.0, "Goal": 0}, "18": {"XdistToGoal": 12.900000000000006, "YdistToGoal": 4.700000000000003, "Head": 0, "LeftFoot": 0, "RightFoot": 0, "OtherBodyPart": 1, "YendLoc": 37.9, "ZendLoc": 0.6, "Goal": 0}, "19": {"XdistToGoal": 8.400000000000006, "YdistToGoal": 6.399999999999999, "Head": 0, "LeftFoot": 0, "RightFoot": 0, "OtherBodyPart": 1, "YendLoc": 40.2, "ZendLoc": 0.3, "Goal": 1}, "20": {"XdistToGoal": 11.599999999999994, "YdistToGoal": 12.600000000000001, "Head": 0, "LeftFoot": 0, "RightFoot": 0, "OtherBodyPart": 1, "YendLoc": 49.6, "ZendLoc": 1.1, "Goal": 0}, "21": {"XdistToGoal": 16.799999999999997, "YdistToGoal": 13.2, "Head": 0, "LeftFoot": 0, "RightFoot": 0, "OtherBodyPart": 1, "YendLoc": 36.4, "ZendLoc": 6.0, "Goal": 0}, "22": {"XdistToGoal": 26.5, "YdistToGoal": 3.8999999999999986, "Head": 0, "LeftFoot": 0, "RightFoot": 0, "OtherBodyPart": 1, "YendLoc": 34.3, "ZendLoc": 0.9, "Goal": 0}}