{"0": {"XdistToGoal": 15.200000000000003, "YdistToGoal": 6.5, "Head": 0, "LeftFoot": 0, "RightFoot": 0, "OtherBodyPart": 1, "YendLoc": 44.8, "ZendLoc": 3.5, "Goal": 0}, "1": {"XdistToGoal": 2.799999999999997, "YdistToGoal": 1.2000000000000028, "Head": 1, "LeftFoot": 0, "RightFoot": 0, "OtherBodyPart": 0, "YendLoc": 39.1, "ZendLoc": 2.0, "Goal": 1}, "2": {"XdistToGoal": 10.599999999999994, "YdistToGoal": 14.399999999999999, "Head": 0, "LeftFoot": 0, "RightFoot": 0, "OtherBodyPart": 1, "YendLoc": 42.7, "ZendLoc": 2.0, "Goal": 0}, "3": {"XdistToGoal": 9.700000000000003, "YdistToGoal": 9.899999999999999, "Head": 1, "LeftFoot": 0, "RightFoot": 0, "OtherBodyPart": 0, "YendLoc": 49.9, "ZendLoc": 0.7, "Goal": 0}, "4": {"XdistToGoal": 7.400000000000006, "YdistToGoal": 3.700000000000003, "Head": 1, "LeftFoot": 0, "RightFoot": 0, "OtherBodyPart": 0, "YendLoc": 43.4, "ZendLoc": 43.4, "Goal": 0}, "5": {"XdistToGoal": 18.700000000000003, "YdistToGoal": 0.20000000000000284, "Head": 0, "LeftFoot": 0, "RightFoot": 0, "OtherBodyPart": 1, "YendLoc": 39.8, "ZendLoc": 39.8, "Goal": 0}, "6": {"XdistToGoal": 5.400000000000006, "YdistToGoal": 2.799999999999997, "Head": 1, "LeftFoot": 0, "RightFoot": 0, "OtherBodyPart": 0, "YendLoc": 40.2, "ZendLoc": 2.2, "Goal": 0}, "7": {"XdistToGoal": 4.599999999999994, "YdistToGoal": 15.200000000000003, "Head": 0, "LeftFoot": 0, "RightFoot": 0, "OtherBodyPart": 1, "YendLoc": 43.3, "ZendLoc": 2.4, "Goal": 0}, "8": {"XdistToGoal": 22.299999999999997, "YdistToGoal": 7.899999999999999, "Head": 0, "LeftFoot": 0, "RightFoot": 0, "OtherBodyPart": 1, "YendLoc": 35.3, "ZendLoc": 0.2, "Goal": 0}, "9": {"XdistToGoal": 10.299999999999997, "YdistToGoal": 12.899999999999999, "Head": 0, "LeftFoot": 0, "RightFoot": 0, "OtherBodyPart": 1, "YendLoc": 44.2, "ZendLoc": 1.0, "Goal": 0}, "10": {"XdistToGoal": 27.5, "YdistToGoal": 11.100000000000001, "Head": 0, "LeftFoot": 0, "RightFoot": 0, "OtherBodyPart": 1, "YendLoc": 34.5, "ZendLoc": 6.6, "Goal": 0}, "11": {"XdistToGoal": 5.099999999999994, "YdistToGoal": 1.0, "Head": 1, "LeftFoot": 0, "RightFoot": 0, "OtherBodyPart": 0, "YendLoc": 38.2, "ZendLoc": 2.0, "Goal": 1}, "12": {"XdistToGoal": 26.5, "YdistToGoal": 4.799999999999997, "Head": 0, "LeftFoot": 0, "RightFoot": 0, "OtherBodyPart": 1, "YendLoc": 37.8, "ZendLoc": 5.3, "Goal": 0}, "13": {"XdistToGoal": 17.900000000000006, "YdistToGoal": 1.6000000000000014, "Head": 0, "LeftFoot": 0, "RightFoot": 0, "OtherBodyPart": 1, "YendLoc": 38.3, "ZendLoc": 1.9, "Goal": 0}, "14": {"XdistToGoal": 8.099999999999994, "YdistToGoal": 9.899999999999999, "Head": 0, "LeftFoot": 0, "RightFoot": 0, "OtherBodyPart": 1, "YendLoc": 49.3, "ZendLoc": 49.3, "Goal": 0}, "15": {"XdistToGoal": 9.5, "YdistToGoal": 5.0, "Head": 0, "LeftFoot": 0, "RightFoot": 0, "OtherBodyPart": 1, "YendLoc": 41.6, "ZendLoc": 41.6, "Goal": 0}, "16": {"XdistToGoal": 11.599999999999994, "YdistToGoal": 7.399999999999999, "Head": 0, "LeftFoot": 0, "RightFoot": 0, "OtherBodyPart": 1, "YendLoc": 46.2, "ZendLoc": 3.2, "Goal": 0}, "17": {"XdistToGoal": 24.0, "YdistToGoal": 4.600000000000001, "Head": 0, "LeftFoot": 0, "RightFoot": 0, "OtherBodyPart": 1, "YendLoc": 42.7, "ZendLoc": 1.1, "Goal": 0}, "18": {"XdistToGoal": 9.400000000000006, "YdistToGoal": 3.3999999999999986, "Head": 1, "LeftFoot": 0, "RightFoot": 0, "OtherBodyPart": 0, "YendLoc": 41.9, "ZendLoc": 2.9, "Goal": 0}, "19": {"XdistToGoal": 6.299999999999997, "YdistToGoal": 2.1000000000000014, "Head": 0, "LeftFoot": 0, "RightFoot": 0, "OtherBodyPart": 1, "YendLoc": 38.7, "ZendLoc": 1.7, "Goal": 0}, "20": {"XdistToGoal": 15.400000000000006, "YdistToGoal": 1.2000000000000028, "Head": 0, "LeftFoot": 0, "RightFoot": 0, "OtherBodyPart": 1, "YendLoc": 39.6, "ZendLoc": 39.6, "Goal": 0}, "21": {"XdistToGoal": 19.5, "YdistToGoal": 5.899999999999999, "Head": 0, "LeftFoot": 0, "RightFoot": 0, "OtherBodyPart": 1, "YendLoc": 37.4, "ZendLoc": 3.8, "Goal": 0}}