{"0": {"XdistToGoal": 19.400000000000006, "YdistToGoal": 14.600000000000001, "Head": 0, "LeftFoot": 0, "RightFoot": 0, "OtherBodyPart": 1, "YendLoc": 52.2, "ZendLoc": 52.2, "Goal": 0}, "1": {"XdistToGoal": 10.599999999999994, "YdistToGoal": 3.0, "Head": 1, "LeftFoot": 0, "RightFoot": 0, "OtherBodyPart": 0, "YendLoc": 49.2, "ZendLoc": 49.2, "Goal": 0}, "2": {"XdistToGoal": 24.400000000000006, "YdistToGoal": 1.1000000000000014, "Head": 0, "LeftFoot": 0, "RightFoot": 0, "OtherBodyPart": 1, "YendLoc": 40.6, "ZendLoc": 40.6, "Goal": 0}, "3": {"XdistToGoal": 24.400000000000006, "YdistToGoal": 4.600000000000001, "Head": 0, "LeftFoot": 0, "RightFoot": 0, "OtherBodyPart": 1, "YendLoc": 33.9, "ZendLoc": 0.5, "Goal": 0}, "4": {"XdistToGoal": 9.0, "YdistToGoal": 6.299999999999997, "Head": 0, "LeftFoot": 0, "RightFoot": 0, "OtherBodyPart": 1, "YendLoc": 34.5, "ZendLoc": 6.2, "Goal": 0}, "5": {"XdistToGoal": 26.0, "YdistToGoal": 4.299999999999997, "Head": 0, "LeftFoot": 0, "RightFoot": 0, "OtherBodyPart": 1, "YendLoc": 44.3, "ZendLoc": 44.3, "Goal": 0}, "6": {"XdistToGoal": 23.5, "YdistToGoal": 13.7, "Head": 0, "LeftFoot": 0, "RightFoot": 0, "OtherBodyPart": 1, "YendLoc": 43.8, "ZendLoc": 5.1, "Goal": 0}, "7": {"XdistToGoal": 18.200000000000003, "YdistToGoal": 4.899999999999999, "Head": 0, "LeftFoot": 0, "RightFoot": 0, "OtherBodyPart": 1, "YendLoc": 38.0, "ZendLoc": 0.5, "Goal": 0}, "8": {"XdistToGoal": 17.799999999999997, "YdistToGoal": 8.899999999999999, "Head": 0, "LeftFoot": 0, "RightFoot": 0, "OtherBodyPart": 1, "YendLoc": 42.6, "ZendLoc": 42.6, "Goal": 0}, "9": {"XdistToGoal": 24.299999999999997, "YdistToGoal": 1.2999999999999972, "Head": 0, "LeftFoot": 0, "RightFoot": 0, "OtherBodyPart": 1, "YendLoc": 36.6, "ZendLoc": 2.3, "Goal": 0}, "10": {"XdistToGoal": 8.200000000000003, "YdistToGoal": 6.200000000000003, "Head": 1, "LeftFoot": 0, "RightFoot": 0, "OtherBodyPart": 0, "YendLoc": 43.0, "ZendLoc": 43.0, "Goal": 0}, "11": {"XdistToGoal": 5.299999999999997, "YdistToGoal": 2.799999999999997, "Head": 1, "LeftFoot": 0, "RightFoot": 0, "OtherBodyPart": 0, "YendLoc": 42.6, "ZendLoc": 1.0, "Goal": 0}, "12": {"XdistToGoal": 17.900000000000006, "YdistToGoal": 8.899999999999999, "Head": 0, "LeftFoot": 0, "RightFoot": 0, "OtherBodyPart": 1, "YendLoc": 34.2, "ZendLoc": 34.2, "Goal": 0}, "13": {"XdistToGoal": 17.200000000000003, "YdistToGoal": 2.700000000000003, "Head": 0, "LeftFoot": 0, "RightFoot": 0, "OtherBodyPart": 1, "YendLoc": 37.8, "ZendLoc": 37.8, "Goal": 0}, "14": {"XdistToGoal": 22.5, "YdistToGoal": 8.5, "Head": 0, "LeftFoot": 0, "RightFoot": 0, "OtherBodyPart": 1, "YendLoc": 44.9, "ZendLoc": 4.3, "Goal": 0}, "15": {"XdistToGoal": 18.700000000000003, "YdistToGoal": 19.6, "Head": 0, "LeftFoot": 0, "RightFoot": 0, "OtherBodyPart": 1, "YendLoc": 33.4, "ZendLoc": 4.7, "Goal": 0}, "16": {"XdistToGoal": 9.200000000000003, "YdistToGoal": 3.700000000000003, "Head": 0, "LeftFoot": 0, "RightFoot": 0, "OtherBodyPart": 1, "YendLoc": 37.9, "ZendLoc": 7.6, "Goal": 0}, "17": {"XdistToGoal": 20.700000000000003, "YdistToGoal": 2.5, "Head": 0, "LeftFoot": 0, "RightFoot": 0, "OtherBodyPart": 1, "YendLoc": 42.6, "ZendLoc": 42.6, "Goal": 0}, "18": {"XdistToGoal": 10.400000000000006, "YdistToGoal": 4.899999999999999, "Head": 0, "LeftFoot": 0, "RightFoot": 0, "OtherBodyPart": 1, "YendLoc": 41.1, "ZendLoc": 3.6, "Goal": 0}, "19": {"XdistToGoal": 22.299999999999997, "YdistToGoal": 11.399999999999999, "Head": 0, "LeftFoot": 0, "RightFoot": 0, "OtherBodyPart": 1, "YendLoc": 42.5, "ZendLoc": 4.3, "Goal": 0}, "20": {"XdistToGoal": 4.099999999999994, "YdistToGoal": 0.7999999999999972, "Head": 0, "LeftFoot": 0, "RightFoot": 0, "OtherBodyPart": 1, "YendLoc": 36.8, "ZendLoc": 1.7, "Goal": 1}, "21": {"XdistToGoal": 32.3, "YdistToGoal": 17.8, "Head": 0, "LeftFoot": 0, "RightFoot": 0, "OtherBodyPart": 1, "YendLoc": 38.7, "ZendLoc": 2.4, "Goal": 0}, "22": {"XdistToGoal": 9.299999999999997, "YdistToGoal": 8.899999999999999, "Head": 0, "LeftFoot": 0, "RightFoot": 0, "OtherBodyPart": 1, "YendLoc": 36.0, "ZendLoc": 1.3, "Goal": 0}, "23": {"XdistToGoal": 9.599999999999994, "YdistToGoal": 2.799999999999997, "Head": 0, "LeftFoot": 0, "RightFoot": 0, "OtherBodyPart": 1, "YendLoc": 37.6, "ZendLoc": 0.5, "Goal": 1}, "24": {"XdistToGoal": 10.700000000000003, "YdistToGoal": 6.600000000000001, "Head": 0, "LeftFoot": 0, "RightFoot": 0, "OtherBodyPart": 1, "YendLoc": 39.8, "ZendLoc": 2.8, "Goal": 0}, "25": {"XdistToGoal": 9.0, "YdistToGoal": 6.100000000000001, "Head": 1, "LeftFoot": 0, "RightFoot": 0, "OtherBodyPart": 0, "YendLoc": 36.9, "ZendLoc": 0.9, "Goal": 0}, "26": {"XdistToGoal": 18.799999999999997, "YdistToGoal": 4.799999999999997, "Head": 0, "LeftFoot": 0, "RightFoot": 0, "OtherBodyPart": 1, "YendLoc": 33.3, "ZendLoc": 4.2, "Goal": 0}, "27": {"XdistToGoal": 26.200000000000003, "YdistToGoal": 1.0, "Head": 0, "LeftFoot": 0, "RightFoot": 0, "OtherBodyPart": 1, "YendLoc": 45.1, "ZendLoc": 1.1, "Goal": 0}, "28": {"XdistToGoal": 27.700000000000003, "YdistToGoal": 11.899999999999999, "Head": 0, "LeftFoot": 0, "RightFoot": 0, "OtherBodyPart": 1, "YendLoc": 36.6, "ZendLoc": 1.9, "Goal": 1}, "29": {"XdistToGoal": 2.299999999999997, "YdistToGoal": 4.799999999999997, "Head": 1, "LeftFoot": 0, "RightFoot": 0, "OtherBodyPart": 0, "YendLoc": 33.1, "ZendLoc": 2.0, "Goal": 0}, "30": {"XdistToGoal": 3.9000000000000057, "YdistToGoal": 0.6000000000000014, "Head": 1, "LeftFoot": 0, "RightFoot": 0, "OtherBodyPart": 0, "YendLoc": 38.2, "ZendLoc": 2.1, "Goal": 1}, "31": {"XdistToGoal": 9.200000000000003, "YdistToGoal": 17.700000000000003, "Head": 0, "LeftFoot": 0, "RightFoot": 0, "OtherBodyPart": 1, "YendLoc": 0.1, "ZendLoc": 0.1, "Goal": 0}}