{"0": {"XdistToGoal": 9.200000000000003, "YdistToGoal": 2.700000000000003, "Head": 1, "LeftFoot": 0, "RightFoot": 0, "OtherBodyPart": 0, "YendLoc": 19.6, "ZendLoc": 19.6, "Goal": 0}, "1": {"XdistToGoal": 23.400000000000006, "YdistToGoal": 13.600000000000001, "Head": 0, "LeftFoot": 0, "RightFoot": 0, "OtherBodyPart": 1, "YendLoc": 33.6, "ZendLoc": 33.6, "Goal": 0}, "2": {"XdistToGoal": 23.299999999999997, "YdistToGoal": 15.8, "Head": 0, "LeftFoot": 0, "RightFoot": 0, "OtherBodyPart": 1, "YendLoc": 37.7, "ZendLoc": 4.2, "Goal": 0}, "3": {"XdistToGoal": 12.799999999999997, "YdistToGoal": 4.600000000000001, "Head": 1, "LeftFoot": 0, "RightFoot": 0, "OtherBodyPart": 0, "YendLoc": 49.0, "ZendLoc": 0.4, "Goal": 0}, "4": {"XdistToGoal": 12.099999999999994, "YdistToGoal": 8.299999999999997, "Head": 0, "LeftFoot": 0, "RightFoot": 0, "OtherBodyPart": 1, "YendLoc": 37.1, "ZendLoc": 0.5, "Goal": 1}, "5": {"XdistToGoal": 19.599999999999994, "YdistToGoal": 6.899999999999999, "Head": 0, "LeftFoot": 0, "RightFoot": 0, "OtherBodyPart": 1, "YendLoc": 31.0, "ZendLoc": 0.5, "Goal": 0}, "6": {"XdistToGoal": 5.799999999999997, "YdistToGoal": 3.700000000000003, "Head": 1, "LeftFoot": 0, "RightFoot": 0, "OtherBodyPart": 0, "YendLoc": 43.2, "ZendLoc": 1.2, "Goal": 1}, "7": {"XdistToGoal": 19.299999999999997, "YdistToGoal": 2.700000000000003, "Head": 0, "LeftFoot": 0, "RightFoot": 0, "OtherBodyPart": 1, "YendLoc": 42.6, "ZendLoc": 2.9, "Goal": 0}, "8": {"XdistToGoal": 24.200000000000003, "YdistToGoal": 2.6000000000000014, "Head": 0, "LeftFoot": 0, "RightFoot": 0, "OtherBodyPart": 1, "YendLoc": 39.6, "ZendLoc": 2.4, "Goal": 1}, "9": {"XdistToGoal": 33.400000000000006, "YdistToGoal": 13.899999999999999, "Head": 0, "LeftFoot": 0, "RightFoot": 0, "OtherBodyPart": 1, "YendLoc": 39.0, "ZendLoc": 1.0, "Goal": 0}, "10": {"XdistToGoal": 24.599999999999994, "YdistToGoal": 8.700000000000003, "Head": 0, "LeftFoot": 0, "RightFoot": 0, "OtherBodyPart": 1, "YendLoc": 44.0, "ZendLoc": 4.5, "Goal": 0}, "11": {"XdistToGoal": 24.5, "YdistToGoal": 2.0, "Head": 0, "LeftFoot": 0, "RightFoot": 0, "OtherBodyPart": 1, "YendLoc": 32.0, "ZendLoc": 0.5, "Goal": 0}, "12": {"XdistToGoal": 26.299999999999997, "YdistToGoal": 10.600000000000001, "Head": 0, "LeftFoot": 0, "RightFoot": 0, "OtherBodyPart": 1, "YendLoc": 36.9, "ZendLoc": 0.5, "Goal": 1}, "13": {"XdistToGoal": 10.299999999999997, "YdistToGoal": 0.5, "Head": 1, "LeftFoot": 0, "RightFoot": 0, "OtherBodyPart": 0, "YendLoc": 53.2, "ZendLoc": 53.2, "Goal": 0}}