{"0": {"XdistToGoal": 14.200000000000003, "YdistToGoal": 10.100000000000001, "Head": 0, "LeftFoot": 0, "RightFoot": 0, "OtherBodyPart": 1, "YendLoc": 42.9, "ZendLoc": 0.9, "Goal": 0}, "1": {"XdistToGoal": 9.599999999999994, "YdistToGoal": 9.3, "Head": 0, "LeftFoot": 0, "RightFoot": 0, "OtherBodyPart": 1, "YendLoc": 37.0, "ZendLoc": 0.2, "Goal": 0}, "2": {"XdistToGoal": 7.0, "YdistToGoal": 2.1000000000000014, "Head": 0, "LeftFoot": 0, "RightFoot": 0, "OtherBodyPart": 1, "YendLoc": 38.1, "ZendLoc": 0.9, "Goal": 1}, "3": {"XdistToGoal": 8.700000000000003, "YdistToGoal": 3.6000000000000014, "Head": 1, "LeftFoot": 0, "RightFoot": 0, "OtherBodyPart": 0, "YendLoc": 37.7, "ZendLoc": 2.0, "Goal": 0}, "4": {"XdistToGoal": 4.0, "YdistToGoal": 1.5, "Head": 0, "LeftFoot": 0, "RightFoot": 0, "OtherBodyPart": 1, "YendLoc": 40.2, "ZendLoc": 0.8, "Goal": 1}, "5": {"XdistToGoal": 33.099999999999994, "YdistToGoal": 4.799999999999997, "Head": 0, "LeftFoot": 0, "RightFoot": 0, "OtherBodyPart": 1, "YendLoc": 47.4, "ZendLoc": 0.9, "Goal": 0}, "6": {"XdistToGoal": 18.099999999999994, "YdistToGoal": 11.600000000000001, "Head": 0, "LeftFoot": 0, "RightFoot": 0, "OtherBodyPart": 1, "YendLoc": 0.1, "ZendLoc": 0.1, "Goal": 0}, "7": {"XdistToGoal": 21.700000000000003, "YdistToGoal": 8.799999999999997, "Head": 0, "LeftFoot": 0, "RightFoot": 0, "OtherBodyPart": 1, "YendLoc": 34.6, "ZendLoc": 4.4, "Goal": 0}, "8": {"XdistToGoal": 5.200000000000003, "YdistToGoal": 6.899999999999999, "Head": 1, "LeftFoot": 0, "RightFoot": 0, "OtherBodyPart": 0, "YendLoc": 34.0, "ZendLoc": 34.0, "Goal": 0}, "9": {"XdistToGoal": 22.900000000000006, "YdistToGoal": 5.399999999999999, "Head": 0, "LeftFoot": 0, "RightFoot": 0, "OtherBodyPart": 1, "YendLoc": 37.4, "ZendLoc": 3.8, "Goal": 0}, "10": {"XdistToGoal": 11.400000000000006, "YdistToGoal": 1.6000000000000014, "Head": 1, "LeftFoot": 0, "RightFoot": 0, "OtherBodyPart": 0, "YendLoc": 38.7, "ZendLoc": 38.7, "Goal": 0}, "11": {"XdistToGoal": 20.200000000000003, "YdistToGoal": 6.700000000000003, "Head": 0, "LeftFoot": 0, "RightFoot": 0, "OtherBodyPart": 1, "YendLoc": 36.9, "ZendLoc": 3.8, "Goal": 0}, "12": {"XdistToGoal": 11.900000000000006, "YdistToGoal": 0.29999999999999716, "Head": 0, "LeftFoot": 0, "RightFoot": 0, "OtherBodyPart": 1, "YendLoc": 37.4, "ZendLoc": 0.5, "Goal": 0}, "13": {"XdistToGoal": 13.599999999999994, "YdistToGoal": 0.7999999999999972, "Head": 0, "LeftFoot": 0, "RightFoot": 0, "OtherBodyPart": 1, "YendLoc": 45.9, "ZendLoc": 0.2, "Goal": 0}, "14": {"XdistToGoal": 4.599999999999994, "YdistToGoal": 7.0, "Head": 0, "LeftFoot": 0, "RightFoot": 0, "OtherBodyPart": 1, "YendLoc": 45.8, "ZendLoc": 45.8, "Goal": 0}, "15": {"XdistToGoal": 11.599999999999994, "YdistToGoal": 7.700000000000003, "Head": 0, "LeftFoot": 0, "RightFoot": 0, "OtherBodyPart": 1, "YendLoc": 38.1, "ZendLoc": 1.2, "Goal": 0}, "16": {"XdistToGoal": 17.599999999999994, "YdistToGoal": 5.399999999999999, "Head": 0, "LeftFoot": 0, "RightFoot": 0, "OtherBodyPart": 1, "YendLoc": 35.1, "ZendLoc": 35.1, "Goal": 0}, "17": {"XdistToGoal": 5.299999999999997, "YdistToGoal": 6.700000000000003, "Head": 1, "LeftFoot": 0, "RightFoot": 0, "OtherBodyPart": 0, "YendLoc": 31.2, "ZendLoc": 5.0, "Goal": 0}, "18": {"XdistToGoal": 13.799999999999997, "YdistToGoal": 8.399999999999999, "Head": 0, "LeftFoot": 0, "RightFoot": 0, "OtherBodyPart": 1, "YendLoc": 42.8, "ZendLoc": 1.1, "Goal": 0}, "19": {"XdistToGoal": 9.0, "YdistToGoal": 4.200000000000003, "Head": 1, "LeftFoot": 0, "RightFoot": 0, "OtherBodyPart": 0, "YendLoc": 36.7, "ZendLoc": 3.7, "Goal": 0}, "20": {"XdistToGoal": 14.700000000000003, "YdistToGoal": 9.2, "Head": 0, "LeftFoot": 0, "RightFoot": 0, "OtherBodyPart": 1, "YendLoc": 38.8, "ZendLoc": 0.7, "Goal": 0}, "21": {"XdistToGoal": 6.200000000000003, "YdistToGoal": 0.8999999999999986, "Head": 0, "LeftFoot": 0, "RightFoot": 0, "OtherBodyPart": 1, "YendLoc": 36.6, "ZendLoc": 0.4, "Goal": 1}, "22": {"XdistToGoal": 28.799999999999997, "YdistToGoal": 14.2, "Head": 0, "LeftFoot": 0, "RightFoot": 0, "OtherBodyPart": 1, "YendLoc": 51.1, "ZendLoc": 0.9, "Goal": 0}, "23": {"XdistToGoal": 7.200000000000003, "YdistToGoal": 2.8999999999999986, "Head": 0, "LeftFoot": 0, "RightFoot": 0, "OtherBodyPart": 1, "YendLoc": 43.3, "ZendLoc": 1.5, "Goal": 1}, "24": {"XdistToGoal": 22.799999999999997, "YdistToGoal": 5.899999999999999, "Head": 0, "LeftFoot": 0, "RightFoot": 0, "OtherBodyPart": 1, "YendLoc": 34.7, "ZendLoc": 0.8, "Goal": 0}, "25": {"XdistToGoal": 27.0, "YdistToGoal": 13.100000000000001, "Head": 0, "LeftFoot": 0, "RightFoot": 0, "OtherBodyPart": 1, "YendLoc": 45.5, "ZendLoc": 5.1, "Goal": 0}, "26": {"XdistToGoal": 9.5, "YdistToGoal": 12.3, "Head": 0, "LeftFoot": 0, "RightFoot": 0, "OtherBodyPart": 1, "YendLoc": 46.7, "ZendLoc": 5.0, "Goal": 0}}