{"0": {"XdistToGoal": 8.700000000000003, "YdistToGoal": 5.100000000000001, "Head": 0, "LeftFoot": 0, "RightFoot": 0, "OtherBodyPart": 1, "YendLoc": 47.8, "ZendLoc": 2.8, "Goal": 0}, "1": {"XdistToGoal": 5.299999999999997, "YdistToGoal": 2.3999999999999986, "Head": 1, "LeftFoot": 0, "RightFoot": 0, "OtherBodyPart": 0, "YendLoc": 33.6, "ZendLoc": 2.7, "Goal": 0}, "2": {"XdistToGoal": 19.900000000000006, "YdistToGoal": 14.5, "Head": 0, "LeftFoot": 0, "RightFoot": 0, "OtherBodyPart": 1, "YendLoc": 34.9, "ZendLoc": 1.0, "Goal": 0}, "3": {"XdistToGoal": 15.900000000000006, "YdistToGoal": 3.299999999999997, "Head": 0, "LeftFoot": 0, "RightFoot": 0, "OtherBodyPart": 1, "YendLoc": 43.7, "ZendLoc": 43.7, "Goal": 0}, "4": {"XdistToGoal": 5.400000000000006, "YdistToGoal": 3.700000000000003, "Head": 1, "LeftFoot": 0, "RightFoot": 0, "OtherBodyPart": 0, "YendLoc": 38.5, "ZendLoc": 5.3, "Goal": 0}, "5": {"XdistToGoal": 10.5, "YdistToGoal": 3.6000000000000014, "Head": 1, "LeftFoot": 0, "RightFoot": 0, "OtherBodyPart": 0, "YendLoc": 44.1, "ZendLoc": 44.1, "Goal": 0}, "6": {"XdistToGoal": 8.099999999999994, "YdistToGoal": 7.200000000000003, "Head": 0, "LeftFoot": 0, "RightFoot": 0, "OtherBodyPart": 1, "YendLoc": 46.6, "ZendLoc": 0.9, "Goal": 0}, "7": {"XdistToGoal": 26.599999999999994, "YdistToGoal": 3.6000000000000014, "Head": 0, "LeftFoot": 0, "RightFoot": 0, "OtherBodyPart": 1, "YendLoc": 45.8, "ZendLoc": 5.3, "Goal": 0}, "8": {"XdistToGoal": 23.099999999999994, "YdistToGoal": 0.10000000000000142, "Head": 0, "LeftFoot": 0, "RightFoot": 0, "OtherBodyPart": 1, "YendLoc": 42.3, "ZendLoc": 0.4, "Goal": 0}, "9": {"XdistToGoal": 8.799999999999997, "YdistToGoal": 2.3999999999999986, "Head": 0, "LeftFoot": 0, "RightFoot": 0, "OtherBodyPart": 1, "YendLoc": 40.1, "ZendLoc": 40.1, "Goal": 0}, "10": {"XdistToGoal": 15.200000000000003, "YdistToGoal": 10.399999999999999, "Head": 0, "LeftFoot": 0, "RightFoot": 0, "OtherBodyPart": 1, "YendLoc": 43.1, "ZendLoc": 1.8, "Goal": 0}, "11": {"XdistToGoal": 12.400000000000006, "YdistToGoal": 16.4, "Head": 0, "LeftFoot": 0, "RightFoot": 0, "OtherBodyPart": 1, "YendLoc": 43.0, "ZendLoc": 0.5, "Goal": 0}, "12": {"XdistToGoal": 15.099999999999994, "YdistToGoal": 1.1000000000000014, "Head": 0, "LeftFoot": 0, "RightFoot": 0, "OtherBodyPart": 1, "YendLoc": 38.4, "ZendLoc": 0.7, "Goal": 0}, "13": {"XdistToGoal": 8.400000000000006, "YdistToGoal": 0.10000000000000142, "Head": 0, "LeftFoot": 0, "RightFoot": 0, "OtherBodyPart": 1, "YendLoc": 39.2, "ZendLoc": 0.3, "Goal": 0}, "14": {"XdistToGoal": 15.0, "YdistToGoal": 14.5, "Head": 0, "LeftFoot": 0, "RightFoot": 0, "OtherBodyPart": 1, "YendLoc": 52.9, "ZendLoc": 52.9, "Goal": 0}, "15": {"XdistToGoal": 18.400000000000006, "YdistToGoal": 6.799999999999997, "Head": 0, "LeftFoot": 0, "RightFoot": 0, "OtherBodyPart": 1, "YendLoc": 46.0, "ZendLoc": 46.0, "Goal": 0}, "16": {"XdistToGoal": 9.799999999999997, "YdistToGoal": 13.100000000000001, "Head": 0, "LeftFoot": 0, "RightFoot": 0, "OtherBodyPart": 1, "YendLoc": 41.7, "ZendLoc": 0.6, "Goal": 0}, "17": {"XdistToGoal": 15.0, "YdistToGoal": 16.700000000000003, "Head": 0, "LeftFoot": 0, "RightFoot": 0, "OtherBodyPart": 1, "YendLoc": 45.4, "ZendLoc": 2.0, "Goal": 0}, "18": {"XdistToGoal": 15.599999999999994, "YdistToGoal": 0.20000000000000284, "Head": 0, "LeftFoot": 0, "RightFoot": 0, "OtherBodyPart": 1, "YendLoc": 40.0, "ZendLoc": 40.0, "Goal": 0}, "19": {"XdistToGoal": 8.700000000000003, "YdistToGoal": 2.200000000000003, "Head": 1, "LeftFoot": 0, "RightFoot": 0, "OtherBodyPart": 0, "YendLoc": 32.5, "ZendLoc": 1.2, "Goal": 0}, "20": {"XdistToGoal": 16.900000000000006, "YdistToGoal": 3.799999999999997, "Head": 0, "LeftFoot": 0, "RightFoot": 0, "OtherBodyPart": 1, "YendLoc": 39.7, "ZendLoc": 39.7, "Goal": 0}, "21": {"XdistToGoal": 11.900000000000006, "YdistToGoal": 3.0, "Head": 0, "LeftFoot": 0, "RightFoot": 0, "OtherBodyPart": 1, "YendLoc": 37.7, "ZendLoc": 37.7, "Goal": 0}, "22": {"XdistToGoal": 21.900000000000006, "YdistToGoal": 9.100000000000001, "Head": 0, "LeftFoot": 0, "RightFoot": 0, "OtherBodyPart": 1, "YendLoc": 44.8, "ZendLoc": 44.8, "Goal": 0}, "23": {"XdistToGoal": 17.900000000000006, "YdistToGoal": 0.7000000000000028, "Head": 0, "LeftFoot": 0, "RightFoot": 0, "OtherBodyPart": 1, "YendLoc": 47.0, "ZendLoc": 1.6, "Goal": 0}, "24": {"XdistToGoal": 16.0, "YdistToGoal": 2.8999999999999986, "Head": 0, "LeftFoot": 0, "RightFoot": 0, "OtherBodyPart": 1, "YendLoc": 39.1, "ZendLoc": 2.9, "Goal": 0}, "25": {"XdistToGoal": 9.299999999999997, "YdistToGoal": 2.1000000000000014, "Head": 1, "LeftFoot": 0, "RightFoot": 0, "OtherBodyPart": 0, "YendLoc": 47.0, "ZendLoc": 2.0, "Goal": 0}, "26": {"XdistToGoal": 22.799999999999997, "YdistToGoal": 10.600000000000001, "Head": 0, "LeftFoot": 0, "RightFoot": 0, "OtherBodyPart": 1, "YendLoc": 36.0, "ZendLoc": 0.2, "Goal": 0}, "27": {"XdistToGoal": 23.900000000000006, "YdistToGoal": 7.600000000000001, "Head": 0, "LeftFoot": 0, "RightFoot": 0, "OtherBodyPart": 1, "YendLoc": 33.1, "ZendLoc": 33.1, "Goal": 0}, "28": {"XdistToGoal": 21.200000000000003, "YdistToGoal": 6.600000000000001, "Head": 0, "LeftFoot": 0, "RightFoot": 0, "OtherBodyPart": 1, "YendLoc": 34.1, "ZendLoc": 1.1, "Goal": 0}, "29": {"XdistToGoal": 6.5, "YdistToGoal": 3.0, "Head": 1, "LeftFoot": 0, "RightFoot": 0, "OtherBodyPart": 0, "YendLoc": 45.6, "ZendLoc": 2.5, "Goal": 0}, "30": {"XdistToGoal": 9.200000000000003, "YdistToGoal": 9.2, "Head": 0, "LeftFoot": 0, "RightFoot": 0, "OtherBodyPart": 1, "YendLoc": 37.3, "ZendLoc": 37.3, "Goal": 0}, "31": {"XdistToGoal": 17.0, "YdistToGoal": 6.600000000000001, "Head": 0, "LeftFoot": 0, "RightFoot": 0, "OtherBodyPart": 1, "YendLoc": 42.7, "ZendLoc": 42.7, "Goal": 0}, "32": {"XdistToGoal": 7.599999999999994, "YdistToGoal": 15.200000000000003, "Head": 0, "LeftFoot": 0, "RightFoot": 0, "OtherBodyPart": 1, "YendLoc": 40.7, "ZendLoc": 2.8, "Goal": 0}}