{"0": {"XdistToGoal": 20.200000000000003, "YdistToGoal": 14.299999999999997, "Head": 0, "LeftFoot": 0, "RightFoot": 0, "OtherBodyPart": 1, "YendLoc": 39.5, "ZendLoc": 39.5, "Goal": 0}, "1": {"XdistToGoal": 12.599999999999994, "YdistToGoal": 3.8999999999999986, "Head": 1, "LeftFoot": 0, "RightFoot": 0, "OtherBodyPart": 0, "YendLoc": 49.7, "ZendLoc": 0.1, "Goal": 0}, "2": {"XdistToGoal": 31.200000000000003, "YdistToGoal": 7.799999999999997, "Head": 0, "LeftFoot": 0, "RightFoot": 0, "OtherBodyPart": 1, "YendLoc": 46.5, "ZendLoc": 46.5, "Goal": 0}, "3": {"XdistToGoal": 15.099999999999994, "YdistToGoal": 2.700000000000003, "Head": 0, "LeftFoot": 0, "RightFoot": 0, "OtherBodyPart": 1, "YendLoc": 38.0, "ZendLoc": 38.0, "Goal": 0}, "4": {"XdistToGoal": 26.200000000000003, "YdistToGoal": 1.1000000000000014, "Head": 0, "LeftFoot": 0, "RightFoot": 0, "OtherBodyPart": 1, "YendLoc": 42.3, "ZendLoc": 2.8, "Goal": 0}, "5": {"XdistToGoal": 21.299999999999997, "YdistToGoal": 4.600000000000001, "Head": 0, "LeftFoot": 0, "RightFoot": 0, "OtherBodyPart": 1, "YendLoc": 35.8, "ZendLoc": 35.8, "Goal": 0}, "6": {"XdistToGoal": 9.700000000000003, "YdistToGoal": 1.8999999999999986, "Head": 1, "LeftFoot": 0, "RightFoot": 0, "OtherBodyPart": 0, "YendLoc": 38.4, "ZendLoc": 7.5, "Goal": 0}, "7": {"XdistToGoal": 21.799999999999997, "YdistToGoal": 0.8999999999999986, "Head": 0, "LeftFoot": 0, "RightFoot": 0, "OtherBodyPart": 1, "YendLoc": 36.3, "ZendLoc": 3.8, "Goal": 0}, "8": {"XdistToGoal": 24.599999999999994, "YdistToGoal": 10.899999999999999, "Head": 0, "LeftFoot": 0, "RightFoot": 0, "OtherBodyPart": 1, "YendLoc": 45.4, "ZendLoc": 45.4, "Goal": 0}, "9": {"XdistToGoal": 6.700000000000003, "YdistToGoal": 6.600000000000001, "Head": 1, "LeftFoot": 0, "RightFoot": 0, "OtherBodyPart": 0, "YendLoc": 44.2, "ZendLoc": 44.2, "Goal": 0}, "10": {"XdistToGoal": 11.599999999999994, "YdistToGoal": 2.299999999999997, "Head": 0, "LeftFoot": 0, "RightFoot": 0, "OtherBodyPart": 1, "YendLoc": 41.5, "ZendLoc": 41.5, "Goal": 0}, "11": {"XdistToGoal": 4.400000000000006, "YdistToGoal": 5.600000000000001, "Head": 0, "LeftFoot": 0, "RightFoot": 0, "OtherBodyPart": 1, "YendLoc": 45.2, "ZendLoc": 0.4, "Goal": 0}, "12": {"XdistToGoal": 5.200000000000003, "YdistToGoal": 3.8999999999999986, "Head": 1, "LeftFoot": 0, "RightFoot": 0, "OtherBodyPart": 0, "YendLoc": 29.8, "ZendLoc": 3.3, "Goal": 0}, "13": {"XdistToGoal": 5.900000000000006, "YdistToGoal": 9.700000000000003, "Head": 0, "LeftFoot": 0, "RightFoot": 0, "OtherBodyPart": 1, "YendLoc": 48.6, "ZendLoc": 48.6, "Goal": 0}, "14": {"XdistToGoal": 17.299999999999997, "YdistToGoal": 8.5, "Head": 0, "LeftFoot": 0, "RightFoot": 0, "OtherBodyPart": 1, "YendLoc": 44.0, "ZendLoc": 44.0, "Goal": 0}, "15": {"XdistToGoal": 13.400000000000006, "YdistToGoal": 4.899999999999999, "Head": 0, "LeftFoot": 0, "RightFoot": 0, "OtherBodyPart": 1, "YendLoc": 30.9, "ZendLoc": 3.8, "Goal": 0}, "16": {"XdistToGoal": 13.5, "YdistToGoal": 14.899999999999999, "Head": 0, "LeftFoot": 0, "RightFoot": 0, "OtherBodyPart": 1, "YendLoc": 52.7, "ZendLoc": 52.7, "Goal": 0}, "17": {"XdistToGoal": 11.099999999999994, "YdistToGoal": 2.8999999999999986, "Head": 0, "LeftFoot": 0, "RightFoot": 0, "OtherBodyPart": 1, "YendLoc": 41.5, "ZendLoc": 41.5, "Goal": 0}, "18": {"XdistToGoal": 9.200000000000003, "YdistToGoal": 13.399999999999999, "Head": 0, "LeftFoot": 0, "RightFoot": 0, "OtherBodyPart": 1, "YendLoc": 32.5, "ZendLoc": 0.9, "Goal": 0}, "19": {"XdistToGoal": 4.299999999999997, "YdistToGoal": 0.7999999999999972, "Head": 1, "LeftFoot": 0, "RightFoot": 0, "OtherBodyPart": 0, "YendLoc": 29.6, "ZendLoc": 1.4, "Goal": 0}, "20": {"XdistToGoal": 5.5, "YdistToGoal": 0.6000000000000014, "Head": 0, "LeftFoot": 0, "RightFoot": 0, "OtherBodyPart": 1, "YendLoc": 40.4, "ZendLoc": 1.2, "Goal": 1}, "21": {"XdistToGoal": 15.599999999999994, "YdistToGoal": 12.200000000000003, "Head": 0, "LeftFoot": 0, "RightFoot": 0, "OtherBodyPart": 1, "YendLoc": 34.9, "ZendLoc": 1.7, "Goal": 0}}