{"0": {"XdistToGoal": 16.5, "YdistToGoal": 1.7000000000000028, "Head": 0, "LeftFoot": 0, "RightFoot": 0, "OtherBodyPart": 1, "YendLoc": 38.5, "ZendLoc": 38.5, "Goal": 0}, "1": {"XdistToGoal": 13.700000000000003, "YdistToGoal": 9.100000000000001, "Head": 0, "LeftFoot": 0, "RightFoot": 0, "OtherBodyPart": 1, "YendLoc": 32.6, "ZendLoc": 32.6, "Goal": 0}, "2": {"XdistToGoal": 26.799999999999997, "YdistToGoal": 8.299999999999997, "Head": 0, "LeftFoot": 0, "RightFoot": 0, "OtherBodyPart": 1, "YendLoc": 34.5, "ZendLoc": 5.1, "Goal": 0}, "3": {"XdistToGoal": 23.400000000000006, "YdistToGoal": 13.899999999999999, "Head": 0, "LeftFoot": 0, "RightFoot": 0, "OtherBodyPart": 1, "YendLoc": 52.4, "ZendLoc": 52.4, "Goal": 0}, "4": {"XdistToGoal": 26.400000000000006, "YdistToGoal": 6.5, "Head": 0, "LeftFoot": 0, "RightFoot": 0, "OtherBodyPart": 1, "YendLoc": 45.0, "ZendLoc": 45.0, "Goal": 0}, "5": {"XdistToGoal": 3.299999999999997, "YdistToGoal": 3.0, "Head": 1, "LeftFoot": 0, "RightFoot": 0, "OtherBodyPart": 0, "YendLoc": 38.7, "ZendLoc": 1.6, "Goal": 1}, "6": {"XdistToGoal": 7.5, "YdistToGoal": 5.200000000000003, "Head": 1, "LeftFoot": 0, "RightFoot": 0, "OtherBodyPart": 0, "YendLoc": 37.7, "ZendLoc": 37.7, "Goal": 0}, "7": {"XdistToGoal": 12.799999999999997, "YdistToGoal": 2.200000000000003, "Head": 1, "LeftFoot": 0, "RightFoot": 0, "OtherBodyPart": 0, "YendLoc": 35.7, "ZendLoc": 1.0, "Goal": 0}, "8": {"XdistToGoal": 11.900000000000006, "YdistToGoal": 0.10000000000000142, "Head": 0, "LeftFoot": 0, "RightFoot": 0, "OtherBodyPart": 1, "YendLoc": 43.1, "ZendLoc": 0.1, "Goal": 0}, "9": {"XdistToGoal": 12.700000000000003, "YdistToGoal": 10.100000000000001, "Head": 0, "LeftFoot": 0, "RightFoot": 0, "OtherBodyPart": 1, "YendLoc": 41.4, "ZendLoc": 0.2, "Goal": 0}, "10": {"XdistToGoal": 22.099999999999994, "YdistToGoal": 1.3999999999999986, "Head": 0, "LeftFoot": 0, "RightFoot": 0, "OtherBodyPart": 1, "YendLoc": 38.2, "ZendLoc": 0.7, "Goal": 0}, "11": {"XdistToGoal": 12.0, "YdistToGoal": 0.10000000000000142, "Head": 0, "LeftFoot": 0, "RightFoot": 0, "OtherBodyPart": 1, "YendLoc": 41.9, "ZendLoc": 1.3, "Goal": 1}, "12": {"XdistToGoal": 8.900000000000006, "YdistToGoal": 8.700000000000003, "Head": 0, "LeftFoot": 0, "RightFoot": 0, "OtherBodyPart": 1, "YendLoc": 42.2, "ZendLoc": 0.8, "Goal": 0}, "13": {"XdistToGoal": 11.700000000000003, "YdistToGoal": 4.899999999999999, "Head": 0, "LeftFoot": 0, "RightFoot": 0, "OtherBodyPart": 1, "YendLoc": 44.7, "ZendLoc": 44.7, "Goal": 0}, "14": {"XdistToGoal": 6.900000000000006, "YdistToGoal": 6.5, "Head": 0, "LeftFoot": 0, "RightFoot": 0, "OtherBodyPart": 1, "YendLoc": 42.9, "ZendLoc": 0.0, "Goal": 1}, "15": {"XdistToGoal": 4.299999999999997, "YdistToGoal": 4.399999999999999, "Head": 0, "LeftFoot": 0, "RightFoot": 0, "OtherBodyPart": 1, "YendLoc": 37.8, "ZendLoc": 1.5, "Goal": 0}, "16": {"XdistToGoal": 6.099999999999994, "YdistToGoal": 2.200000000000003, "Head": 1, "LeftFoot": 0, "RightFoot": 0, "OtherBodyPart": 0, "YendLoc": 37.9, "ZendLoc": 1.5, "Goal": 1}}