{"0": {"XdistToGoal": 6.5, "YdistToGoal": 13.799999999999997, "Head": 0, "LeftFoot": 0, "RightFoot": 0, "OtherBodyPart": 1, "YendLoc": 53.0, "ZendLoc": 53.0, "Goal": 0}, "1": {"XdistToGoal": 14.799999999999997, "YdistToGoal": 8.100000000000001, "Head": 0, "LeftFoot": 0, "RightFoot": 0, "OtherBodyPart": 1, "YendLoc": 39.2, "ZendLoc": 0.4, "Goal": 0}, "2": {"XdistToGoal": 9.799999999999997, "YdistToGoal": 10.399999999999999, "Head": 0, "LeftFoot": 0, "RightFoot": 0, "OtherBodyPart": 1, "YendLoc": 40.9, "ZendLoc": 4.9, "Goal": 0}, "3": {"XdistToGoal": 9.200000000000003, "YdistToGoal": 13.7, "Head": 0, "LeftFoot": 0, "RightFoot": 0, "OtherBodyPart": 1, "YendLoc": 36.3, "ZendLoc": 1.7, "Goal": 0}, "4": {"XdistToGoal": 20.900000000000006, "YdistToGoal": 15.700000000000003, "Head": 0, "LeftFoot": 0, "RightFoot": 0, "OtherBodyPart": 1, "YendLoc": 32.4, "ZendLoc": 2.5, "Goal": 0}, "5": {"XdistToGoal": 23.599999999999994, "YdistToGoal": 7.100000000000001, "Head": 0, "LeftFoot": 0, "RightFoot": 0, "OtherBodyPart": 1, "YendLoc": 41.9, "ZendLoc": 0.4, "Goal": 0}, "6": {"XdistToGoal": 26.0, "YdistToGoal": 15.700000000000003, "Head": 0, "LeftFoot": 0, "RightFoot": 0, "OtherBodyPart": 1, "YendLoc": 50.7, "ZendLoc": 50.7, "Goal": 0}, "7": {"XdistToGoal": 20.799999999999997, "YdistToGoal": 1.8999999999999986, "Head": 0, "LeftFoot": 0, "RightFoot": 0, "OtherBodyPart": 1, "YendLoc": 41.4, "ZendLoc": 41.4, "Goal": 0}, "8": {"XdistToGoal": 17.5, "YdistToGoal": 18.5, "Head": 0, "LeftFoot": 0, "RightFoot": 0, "OtherBodyPart": 1, "YendLoc": 22.7, "ZendLoc": 22.7, "Goal": 0}, "9": {"XdistToGoal": 12.400000000000006, "YdistToGoal": 2.6000000000000014, "Head": 0, "LeftFoot": 0, "RightFoot": 0, "OtherBodyPart": 1, "YendLoc": 39.7, "ZendLoc": 5.6, "Goal": 0}, "10": {"XdistToGoal": 10.900000000000006, "YdistToGoal": 1.1000000000000014, "Head": 0, "LeftFoot": 0, "RightFoot": 0, "OtherBodyPart": 1, "YendLoc": 38.7, "ZendLoc": 1.4, "Goal": 0}, "11": {"XdistToGoal": 3.9000000000000057, "YdistToGoal": 4.399999999999999, "Head": 1, "LeftFoot": 0, "RightFoot": 0, "OtherBodyPart": 0, "YendLoc": 34.9, "ZendLoc": 5.1, "Goal": 0}, "12": {"XdistToGoal": 3.299999999999997, "YdistToGoal": 1.7999999999999972, "Head": 0, "LeftFoot": 0, "RightFoot": 0, "OtherBodyPart": 1, "YendLoc": 38.2, "ZendLoc": 2.4, "Goal": 1}, "13": {"XdistToGoal": 17.700000000000003, "YdistToGoal": 9.399999999999999, "Head": 0, "LeftFoot": 0, "RightFoot": 0, "OtherBodyPart": 1, "YendLoc": 40.4, "ZendLoc": 0.7, "Goal": 0}, "14": {"XdistToGoal": 9.299999999999997, "YdistToGoal": 5.299999999999997, "Head": 0, "LeftFoot": 0, "RightFoot": 0, "OtherBodyPart": 1, "YendLoc": 32.5, "ZendLoc": 0.7, "Goal": 0}, "15": {"XdistToGoal": 3.700000000000003, "YdistToGoal": 5.299999999999997, "Head": 1, "LeftFoot": 0, "RightFoot": 0, "OtherBodyPart": 0, "YendLoc": 34.6, "ZendLoc": 3.5, "Goal": 0}, "16": {"XdistToGoal": 4.799999999999997, "YdistToGoal": 1.1000000000000014, "Head": 1, "LeftFoot": 0, "RightFoot": 0, "OtherBodyPart": 0, "YendLoc": 38.6, "ZendLoc": 38.6, "Goal": 0}, "17": {"XdistToGoal": 21.200000000000003, "YdistToGoal": 3.200000000000003, "Head": 0, "LeftFoot": 0, "RightFoot": 0, "OtherBodyPart": 1, "YendLoc": 39.8, "ZendLoc": 4.1, "Goal": 0}, "18": {"XdistToGoal": 17.200000000000003, "YdistToGoal": 3.700000000000003, "Head": 0, "LeftFoot": 0, "RightFoot": 0, "OtherBodyPart": 1, "YendLoc": 39.6, "ZendLoc": 0.8, "Goal": 0}, "19": {"XdistToGoal": 19.299999999999997, "YdistToGoal": 2.700000000000003, "Head": 0, "LeftFoot": 0, "RightFoot": 0, "OtherBodyPart": 1, "YendLoc": 37.7, "ZendLoc": 4.2, "Goal": 0}, "20": {"XdistToGoal": 19.299999999999997, "YdistToGoal": 15.799999999999997, "Head": 0, "LeftFoot": 0, "RightFoot": 0, "OtherBodyPart": 1, "YendLoc": 45.4, "ZendLoc": 0.5, "Goal": 0}, "21": {"XdistToGoal": 12.900000000000006, "YdistToGoal": 7.200000000000003, "Head": 0, "LeftFoot": 0, "RightFoot": 0, "OtherBodyPart": 1, "YendLoc": 37.3, "ZendLoc": 0.6, "Goal": 1}, "22": {"XdistToGoal": 18.900000000000006, "YdistToGoal": 13.100000000000001, "Head": 0, "LeftFoot": 0, "RightFoot": 0, "OtherBodyPart": 1, "YendLoc": 37.3, "ZendLoc": 37.3, "Goal": 0}, "23": {"XdistToGoal": 18.0, "YdistToGoal": 1.5, "Head": 0, "LeftFoot": 0, "RightFoot": 0, "OtherBodyPart": 1, "YendLoc": 46.6, "ZendLoc": 1.7, "Goal": 0}}