{"0": {"XdistToGoal": 5.700000000000003, "YdistToGoal": 13.700000000000003, "Head": 0, "LeftFoot": 0, "RightFoot": 0, "OtherBodyPart": 1, "YendLoc": 44.1, "ZendLoc": 1.3, "Goal": 0}, "1": {"XdistToGoal": 5.400000000000006, "YdistToGoal": 6.0, "Head": 0, "LeftFoot": 0, "RightFoot": 0, "OtherBodyPart": 1, "YendLoc": 34.7, "ZendLoc": 34.7, "Goal": 0}, "2": {"XdistToGoal": 30.299999999999997, "YdistToGoal": 9.100000000000001, "Head": 0, "LeftFoot": 0, "RightFoot": 0, "OtherBodyPart": 1, "YendLoc": 42.3, "ZendLoc": 1.2, "Goal": 0}, "3": {"XdistToGoal": 12.0, "YdistToGoal": 0.0, "Head": 0, "LeftFoot": 0, "RightFoot": 0, "OtherBodyPart": 1, "YendLoc": 43.5, "ZendLoc": 2.0, "Goal": 1}, "4": {"XdistToGoal": 18.299999999999997, "YdistToGoal": 3.700000000000003, "Head": 0, "LeftFoot": 0, "RightFoot": 0, "OtherBodyPart": 1, "YendLoc": 36.0, "ZendLoc": 36.0, "Goal": 0}, "5": {"XdistToGoal": 4.900000000000006, "YdistToGoal": 31.599999999999994, "Head": 0, "LeftFoot": 0, "RightFoot": 0, "OtherBodyPart": 1, "YendLoc": 38.1, "ZendLoc": 1.6, "Goal": 1}, "6": {"XdistToGoal": 21.299999999999997, "YdistToGoal": 15.3, "Head": 0, "LeftFoot": 0, "RightFoot": 0, "OtherBodyPart": 1, "YendLoc": 26.5, "ZendLoc": 26.5, "Goal": 0}, "7": {"XdistToGoal": 31.200000000000003, "YdistToGoal": 3.299999999999997, "Head": 0, "LeftFoot": 0, "RightFoot": 0, "OtherBodyPart": 1, "YendLoc": 38.5, "ZendLoc": 38.5, "Goal": 0}, "8": {"XdistToGoal": 2.700000000000003, "YdistToGoal": 3.200000000000003, "Head": 1, "LeftFoot": 0, "RightFoot": 0, "OtherBodyPart": 0, "YendLoc": 43.0, "ZendLoc": 43.0, "Goal": 0}, "9": {"XdistToGoal": 13.5, "YdistToGoal": 0.20000000000000284, "Head": 0, "LeftFoot": 0, "RightFoot": 0, "OtherBodyPart": 1, "YendLoc": 34.2, "ZendLoc": 34.2, "Goal": 0}, "10": {"XdistToGoal": 13.099999999999994, "YdistToGoal": 6.200000000000003, "Head": 0, "LeftFoot": 0, "RightFoot": 0, "OtherBodyPart": 1, "YendLoc": 46.4, "ZendLoc": 4.9, "Goal": 0}, "11": {"XdistToGoal": 7.599999999999994, "YdistToGoal": 1.7999999999999972, "Head": 1, "LeftFoot": 0, "RightFoot": 0, "OtherBodyPart": 0, "YendLoc": 38.4, "ZendLoc": 38.4, "Goal": 0}, "12": {"XdistToGoal": 23.299999999999997, "YdistToGoal": 6.100000000000001, "Head": 0, "LeftFoot": 0, "RightFoot": 0, "OtherBodyPart": 1, "YendLoc": 43.5, "ZendLoc": 43.5, "Goal": 0}, "13": {"XdistToGoal": 6.799999999999997, "YdistToGoal": 0.20000000000000284, "Head": 1, "LeftFoot": 0, "RightFoot": 0, "OtherBodyPart": 0, "YendLoc": 44.2, "ZendLoc": 4.7, "Goal": 0}, "14": {"XdistToGoal": 24.200000000000003, "YdistToGoal": 19.700000000000003, "Head": 0, "LeftFoot": 0, "RightFoot": 0, "OtherBodyPart": 1, "YendLoc": 41.5, "ZendLoc": 1.6, "Goal": 0}, "15": {"XdistToGoal": 6.299999999999997, "YdistToGoal": 2.799999999999997, "Head": 1, "LeftFoot": 0, "RightFoot": 0, "OtherBodyPart": 0, "YendLoc": 39.5, "ZendLoc": 0.5, "Goal": 1}, "16": {"XdistToGoal": 29.599999999999994, "YdistToGoal": 7.100000000000001, "Head": 0, "LeftFoot": 0, "RightFoot": 0, "OtherBodyPart": 1, "YendLoc": 26.4, "ZendLoc": 4.8, "Goal": 0}, "17": {"XdistToGoal": 52.900000000000006, "YdistToGoal": 16.2, "Head": 0, "LeftFoot": 0, "RightFoot": 0, "OtherBodyPart": 1, "YendLoc": 39.6, "ZendLoc": 2.1, "Goal": 0}, "18": {"XdistToGoal": 26.200000000000003, "YdistToGoal": 9.399999999999999, "Head": 0, "LeftFoot": 0, "RightFoot": 0, "OtherBodyPart": 1, "YendLoc": 37.0, "ZendLoc": 0.6, "Goal": 0}, "19": {"XdistToGoal": 2.5999999999999943, "YdistToGoal": 6.600000000000001, "Head": 0, "LeftFoot": 0, "RightFoot": 0, "OtherBodyPart": 1, "YendLoc": 35.9, "ZendLoc": 0.1, "Goal": 0}, "20": {"XdistToGoal": 29.200000000000003, "YdistToGoal": 10.5, "Head": 0, "LeftFoot": 0, "RightFoot": 0, "OtherBodyPart": 1, "YendLoc": 42.8, "ZendLoc": 2.3, "Goal": 0}, "21": {"XdistToGoal": 10.900000000000006, "YdistToGoal": 4.100000000000001, "Head": 0, "LeftFoot": 0, "RightFoot": 0, "OtherBodyPart": 1, "YendLoc": 43.9, "ZendLoc": 43.9, "Goal": 0}, "22": {"XdistToGoal": 12.400000000000006, "YdistToGoal": 0.20000000000000284, "Head": 0, "LeftFoot": 0, "RightFoot": 0, "OtherBodyPart": 1, "YendLoc": 40.2, "ZendLoc": 40.2, "Goal": 0}, "23": {"XdistToGoal": 7.299999999999997, "YdistToGoal": 8.8, "Head": 0, "LeftFoot": 0, "RightFoot": 0, "OtherBodyPart": 1, "YendLoc": 42.2, "ZendLoc": 4.9, "Goal": 0}, "24": {"XdistToGoal": 13.599999999999994, "YdistToGoal": 1.7999999999999972, "Head": 0, "LeftFoot": 0, "RightFoot": 0, "OtherBodyPart": 1, "YendLoc": 42.2, "ZendLoc": 0.9, "Goal": 1}, "25": {"XdistToGoal": 4.599999999999994, "YdistToGoal": 0.6000000000000014, "Head": 1, "LeftFoot": 0, "RightFoot": 0, "OtherBodyPart": 0, "YendLoc": 45.1, "ZendLoc": 0.5, "Goal": 0}}