{"0": {"XdistToGoal": 14.200000000000003, "YdistToGoal": 7.299999999999997, "Head": 0, "LeftFoot": 0, "RightFoot": 0, "OtherBodyPart": 1, "YendLoc": 42.9, "ZendLoc": 0.2, "Goal": 0}, "1": {"XdistToGoal": 27.299999999999997, "YdistToGoal": 8.899999999999999, "Head": 0, "LeftFoot": 0, "RightFoot": 0, "OtherBodyPart": 1, "YendLoc": 37.9, "ZendLoc": 6.7, "Goal": 0}, "2": {"XdistToGoal": 14.700000000000003, "YdistToGoal": 12.200000000000003, "Head": 0, "LeftFoot": 0, "RightFoot": 0, "OtherBodyPart": 1, "YendLoc": 49.6, "ZendLoc": 1.7, "Goal": 0}, "3": {"XdistToGoal": 31.400000000000006, "YdistToGoal": 1.2000000000000028, "Head": 0, "LeftFoot": 0, "RightFoot": 0, "OtherBodyPart": 1, "YendLoc": 35.1, "ZendLoc": 1.6, "Goal": 0}, "4": {"XdistToGoal": 21.099999999999994, "YdistToGoal": 1.7000000000000028, "Head": 0, "LeftFoot": 0, "RightFoot": 0, "OtherBodyPart": 1, "YendLoc": 40.5, "ZendLoc": 6.9, "Goal": 0}, "5": {"XdistToGoal": 24.900000000000006, "YdistToGoal": 1.2999999999999972, "Head": 0, "LeftFoot": 0, "RightFoot": 0, "OtherBodyPart": 1, "YendLoc": 43.4, "ZendLoc": 1.3, "Goal": 1}, "6": {"XdistToGoal": 9.599999999999994, "YdistToGoal": 2.1000000000000014, "Head": 1, "LeftFoot": 0, "RightFoot": 0, "OtherBodyPart": 0, "YendLoc": 45.6, "ZendLoc": 1.4, "Goal": 0}, "7": {"XdistToGoal": 21.299999999999997, "YdistToGoal": 15.8, "Head": 0, "LeftFoot": 0, "RightFoot": 0, "OtherBodyPart": 1, "YendLoc": 27.4, "ZendLoc": 27.4, "Goal": 0}, "8": {"XdistToGoal": 11.400000000000006, "YdistToGoal": 2.299999999999997, "Head": 0, "LeftFoot": 0, "RightFoot": 0, "OtherBodyPart": 1, "YendLoc": 38.4, "ZendLoc": 0.3, "Goal": 1}, "9": {"XdistToGoal": 9.599999999999994, "YdistToGoal": 13.2, "Head": 0, "LeftFoot": 0, "RightFoot": 0, "OtherBodyPart": 1, "YendLoc": 36.1, "ZendLoc": 0.2, "Goal": 0}, "10": {"XdistToGoal": 11.900000000000006, "YdistToGoal": 0.20000000000000284, "Head": 0, "LeftFoot": 0, "RightFoot": 0, "OtherBodyPart": 1, "YendLoc": 40.3, "ZendLoc": 1.6, "Goal": 1}, "11": {"XdistToGoal": 4.5, "YdistToGoal": 2.3999999999999986, "Head": 0, "LeftFoot": 0, "RightFoot": 0, "OtherBodyPart": 1, "YendLoc": 37.6, "ZendLoc": 37.6, "Goal": 0}, "12": {"XdistToGoal": 7.0, "YdistToGoal": 2.3999999999999986, "Head": 0, "LeftFoot": 0, "RightFoot": 0, "OtherBodyPart": 1, "YendLoc": 39.3, "ZendLoc": 39.3, "Goal": 0}, "13": {"XdistToGoal": 10.0, "YdistToGoal": 1.2999999999999972, "Head": 0, "LeftFoot": 0, "RightFoot": 0, "OtherBodyPart": 1, "YendLoc": 38.8, "ZendLoc": 38.8, "Goal": 0}, "14": {"XdistToGoal": 29.599999999999994, "YdistToGoal": 14.2, "Head": 0, "LeftFoot": 0, "RightFoot": 0, "OtherBodyPart": 1, "YendLoc": 37.6, "ZendLoc": 1.8, "Goal": 0}, "15": {"XdistToGoal": 19.0, "YdistToGoal": 0.0, "Head": 0, "LeftFoot": 0, "RightFoot": 0, "OtherBodyPart": 1, "YendLoc": 40.0, "ZendLoc": 40.0, "Goal": 0}, "16": {"XdistToGoal": 11.299999999999997, "YdistToGoal": 2.3999999999999986, "Head": 1, "LeftFoot": 0, "RightFoot": 0, "OtherBodyPart": 0, "YendLoc": 37.0, "ZendLoc": 0.8, "Goal": 0}, "17": {"XdistToGoal": 9.299999999999997, "YdistToGoal": 6.0, "Head": 1, "LeftFoot": 0, "RightFoot": 0, "OtherBodyPart": 0, "YendLoc": 40.0, "ZendLoc": 0.9, "Goal": 0}, "18": {"XdistToGoal": 6.700000000000003, "YdistToGoal": 3.700000000000003, "Head": 0, "LeftFoot": 0, "RightFoot": 0, "OtherBodyPart": 1, "YendLoc": 43.3, "ZendLoc": 0.2, "Goal": 0}, "19": {"XdistToGoal": 27.0, "YdistToGoal": 7.799999999999997, "Head": 0, "LeftFoot": 0, "RightFoot": 0, "OtherBodyPart": 1, "YendLoc": 38.0, "ZendLoc": 1.8, "Goal": 1}, "20": {"XdistToGoal": 17.900000000000006, "YdistToGoal": 6.299999999999997, "Head": 0, "LeftFoot": 0, "RightFoot": 0, "OtherBodyPart": 1, "YendLoc": 36.7, "ZendLoc": 0.2, "Goal": 1}, "21": {"XdistToGoal": 12.900000000000006, "YdistToGoal": 18.5, "Head": 0, "LeftFoot": 0, "RightFoot": 0, "OtherBodyPart": 1, "YendLoc": 33.4, "ZendLoc": 33.4, "Goal": 0}}