{"0": {"XdistToGoal": 20.099999999999994, "YdistToGoal": 8.200000000000003, "Head": 0, "LeftFoot": 0, "RightFoot": 0, "OtherBodyPart": 1, "YendLoc": 46.6, "ZendLoc": 46.6, "Goal": 0}, "1": {"XdistToGoal": 10.400000000000006, "YdistToGoal": 9.0, "Head": 0, "LeftFoot": 0, "RightFoot": 0, "OtherBodyPart": 1, "YendLoc": 43.3, "ZendLoc": 3.9, "Goal": 0}, "2": {"XdistToGoal": 12.799999999999997, "YdistToGoal": 5.299999999999997, "Head": 0, "LeftFoot": 0, "RightFoot": 0, "OtherBodyPart": 1, "YendLoc": 44.8, "ZendLoc": 44.8, "Goal": 0}, "3": {"XdistToGoal": 9.099999999999994, "YdistToGoal": 10.399999999999999, "Head": 1, "LeftFoot": 0, "RightFoot": 0, "OtherBodyPart": 0, "YendLoc": 30.9, "ZendLoc": 5.9, "Goal": 0}, "4": {"XdistToGoal": 5.200000000000003, "YdistToGoal": 2.1000000000000014, "Head": 1, "LeftFoot": 0, "RightFoot": 0, "OtherBodyPart": 0, "YendLoc": 41.7, "ZendLoc": 41.7, "Goal": 0}, "5": {"XdistToGoal": 9.599999999999994, "YdistToGoal": 0.29999999999999716, "Head": 1, "LeftFoot": 0, "RightFoot": 0, "OtherBodyPart": 0, "YendLoc": 41.8, "ZendLoc": 5.4, "Goal": 0}, "6": {"XdistToGoal": 11.900000000000006, "YdistToGoal": 0.5, "Head": 1, "LeftFoot": 0, "RightFoot": 0, "OtherBodyPart": 0, "YendLoc": 51.5, "ZendLoc": 0.8, "Goal": 0}, "7": {"XdistToGoal": 11.299999999999997, "YdistToGoal": 10.5, "Head": 0, "LeftFoot": 0, "RightFoot": 0, "OtherBodyPart": 1, "YendLoc": 36.6, "ZendLoc": 2.0, "Goal": 1}, "8": {"XdistToGoal": 10.799999999999997, "YdistToGoal": 0.10000000000000142, "Head": 1, "LeftFoot": 0, "RightFoot": 0, "OtherBodyPart": 0, "YendLoc": 42.1, "ZendLoc": 1.6, "Goal": 0}, "9": {"XdistToGoal": 12.5, "YdistToGoal": 4.299999999999997, "Head": 0, "LeftFoot": 0, "RightFoot": 0, "OtherBodyPart": 1, "YendLoc": 52.8, "ZendLoc": 1.6, "Goal": 0}, "10": {"XdistToGoal": 19.299999999999997, "YdistToGoal": 4.600000000000001, "Head": 0, "LeftFoot": 0, "RightFoot": 0, "OtherBodyPart": 1, "YendLoc": 35.6, "ZendLoc": 35.6, "Goal": 0}, "11": {"XdistToGoal": 11.900000000000006, "YdistToGoal": 0.7000000000000028, "Head": 1, "LeftFoot": 0, "RightFoot": 0, "OtherBodyPart": 0, "YendLoc": 40.6, "ZendLoc": 40.6, "Goal": 0}, "12": {"XdistToGoal": 26.900000000000006, "YdistToGoal": 6.299999999999997, "Head": 0, "LeftFoot": 0, "RightFoot": 0, "OtherBodyPart": 1, "YendLoc": 35.0, "ZendLoc": 0.7, "Goal": 0}, "13": {"XdistToGoal": 16.599999999999994, "YdistToGoal": 9.899999999999999, "Head": 0, "LeftFoot": 0, "RightFoot": 0, "OtherBodyPart": 1, "YendLoc": 36.3, "ZendLoc": 0.9, "Goal": 0}, "14": {"XdistToGoal": 13.599999999999994, "YdistToGoal": 8.0, "Head": 0, "LeftFoot": 0, "RightFoot": 0, "OtherBodyPart": 1, "YendLoc": 47.3, "ZendLoc": 47.3, "Goal": 0}, "15": {"XdistToGoal": 11.900000000000006, "YdistToGoal": 8.700000000000003, "Head": 0, "LeftFoot": 0, "RightFoot": 0, "OtherBodyPart": 1, "YendLoc": 48.1, "ZendLoc": 48.1, "Goal": 0}, "16": {"XdistToGoal": 19.0, "YdistToGoal": 3.0, "Head": 0, "LeftFoot": 0, "RightFoot": 0, "OtherBodyPart": 1, "YendLoc": 37.9, "ZendLoc": 37.9, "Goal": 0}, "17": {"XdistToGoal": 19.0, "YdistToGoal": 9.399999999999999, "Head": 0, "LeftFoot": 0, "RightFoot": 0, "OtherBodyPart": 1, "YendLoc": 43.7, "ZendLoc": 4.9, "Goal": 0}, "18": {"XdistToGoal": 13.900000000000006, "YdistToGoal": 9.2, "Head": 0, "LeftFoot": 0, "RightFoot": 0, "OtherBodyPart": 1, "YendLoc": 44.9, "ZendLoc": 0.2, "Goal": 0}, "19": {"XdistToGoal": 24.599999999999994, "YdistToGoal": 2.6000000000000014, "Head": 0, "LeftFoot": 0, "RightFoot": 0, "OtherBodyPart": 1, "YendLoc": 30.6, "ZendLoc": 4.9, "Goal": 0}, "20": {"XdistToGoal": 16.900000000000006, "YdistToGoal": 7.5, "Head": 0, "LeftFoot": 0, "RightFoot": 0, "OtherBodyPart": 1, "YendLoc": 41.3, "ZendLoc": 0.5, "Goal": 0}, "21": {"XdistToGoal": 30.099999999999994, "YdistToGoal": 2.6000000000000014, "Head": 0, "LeftFoot": 0, "RightFoot": 0, "OtherBodyPart": 1, "YendLoc": 37.6, "ZendLoc": 37.6, "Goal": 0}, "22": {"XdistToGoal": 14.900000000000006, "YdistToGoal": 11.700000000000003, "Head": 0, "LeftFoot": 0, "RightFoot": 0, "OtherBodyPart": 1, "YendLoc": 47.5, "ZendLoc": 6.3, "Goal": 0}, "23": {"XdistToGoal": 5.900000000000006, "YdistToGoal": 0.7999999999999972, "Head": 1, "LeftFoot": 0, "RightFoot": 0, "OtherBodyPart": 0, "YendLoc": 38.2, "ZendLoc": 3.4, "Goal": 0}, "24": {"XdistToGoal": 12.299999999999997, "YdistToGoal": 8.0, "Head": 0, "LeftFoot": 0, "RightFoot": 0, "OtherBodyPart": 1, "YendLoc": 41.8, "ZendLoc": 4.9, "Goal": 0}}