{"0": {"XdistToGoal": 14.799999999999997, "YdistToGoal": 4.200000000000003, "Head": 1, "LeftFoot": 0, "RightFoot": 0, "OtherBodyPart": 0, "YendLoc": 45.8, "ZendLoc": 1.6, "Goal": 0}, "1": {"XdistToGoal": 6.099999999999994, "YdistToGoal": 10.399999999999999, "Head": 0, "LeftFoot": 0, "RightFoot": 0, "OtherBodyPart": 1, "YendLoc": 34.9, "ZendLoc": 0.2, "Goal": 0}, "2": {"XdistToGoal": 16.0, "YdistToGoal": 7.100000000000001, "Head": 0, "LeftFoot": 0, "RightFoot": 0, "OtherBodyPart": 1, "YendLoc": 46.4, "ZendLoc": 46.4, "Goal": 0}, "3": {"XdistToGoal": 4.299999999999997, "YdistToGoal": 8.299999999999997, "Head": 1, "LeftFoot": 0, "RightFoot": 0, "OtherBodyPart": 0, "YendLoc": 41.8, "ZendLoc": 5.1, "Goal": 0}, "4": {"XdistToGoal": 22.299999999999997, "YdistToGoal": 7.5, "Head": 0, "LeftFoot": 0, "RightFoot": 0, "OtherBodyPart": 1, "YendLoc": 37.2, "ZendLoc": 1.3, "Goal": 0}, "5": {"XdistToGoal": 6.0, "YdistToGoal": 10.299999999999997, "Head": 1, "LeftFoot": 0, "RightFoot": 0, "OtherBodyPart": 0, "YendLoc": 36.4, "ZendLoc": 36.4, "Goal": 0}, "6": {"XdistToGoal": 12.200000000000003, "YdistToGoal": 8.100000000000001, "Head": 0, "LeftFoot": 0, "RightFoot": 0, "OtherBodyPart": 1, "YendLoc": 40.2, "ZendLoc": 4.9, "Goal": 0}, "7": {"XdistToGoal": 6.299999999999997, "YdistToGoal": 12.100000000000001, "Head": 0, "LeftFoot": 0, "RightFoot": 0, "OtherBodyPart": 1, "YendLoc": 29.1, "ZendLoc": 29.1, "Goal": 0}, "8": {"XdistToGoal": 9.900000000000006, "YdistToGoal": 0.6000000000000014, "Head": 1, "LeftFoot": 0, "RightFoot": 0, "OtherBodyPart": 0, "YendLoc": 43.0, "ZendLoc": 43.0, "Goal": 0}, "9": {"XdistToGoal": 11.299999999999997, "YdistToGoal": 2.700000000000003, "Head": 1, "LeftFoot": 0, "RightFoot": 0, "OtherBodyPart": 0, "YendLoc": 36.4, "ZendLoc": 36.4, "Goal": 0}, "10": {"XdistToGoal": 12.599999999999994, "YdistToGoal": 4.399999999999999, "Head": 1, "LeftFoot": 0, "RightFoot": 0, "OtherBodyPart": 0, "YendLoc": 35.4, "ZendLoc": 4.2, "Goal": 0}, "11": {"XdistToGoal": 7.799999999999997, "YdistToGoal": 2.3999999999999986, "Head": 0, "LeftFoot": 0, "RightFoot": 0, "OtherBodyPart": 1, "YendLoc": 37.2, "ZendLoc": 0.2, "Goal": 1}, "12": {"XdistToGoal": 19.700000000000003, "YdistToGoal": 5.600000000000001, "Head": 0, "LeftFoot": 0, "RightFoot": 0, "OtherBodyPart": 1, "YendLoc": 44.6, "ZendLoc": 44.6, "Goal": 0}, "13": {"XdistToGoal": 3.5999999999999943, "YdistToGoal": 7.700000000000003, "Head": 1, "LeftFoot": 0, "RightFoot": 0, "OtherBodyPart": 0, "YendLoc": 45.8, "ZendLoc": 0.4, "Goal": 0}, "14": {"XdistToGoal": 7.799999999999997, "YdistToGoal": 6.700000000000003, "Head": 1, "LeftFoot": 0, "RightFoot": 0, "OtherBodyPart": 0, "YendLoc": 33.6, "ZendLoc": 33.6, "Goal": 0}, "15": {"XdistToGoal": 28.900000000000006, "YdistToGoal": 7.700000000000003, "Head": 0, "LeftFoot": 0, "RightFoot": 0, "OtherBodyPart": 1, "YendLoc": 39.5, "ZendLoc": 0.2, "Goal": 0}, "16": {"XdistToGoal": 23.5, "YdistToGoal": 2.200000000000003, "Head": 0, "LeftFoot": 0, "RightFoot": 0, "OtherBodyPart": 1, "YendLoc": 38.6, "ZendLoc": 5.4, "Goal": 0}, "17": {"XdistToGoal": 5.0, "YdistToGoal": 1.2000000000000028, "Head": 0, "LeftFoot": 0, "RightFoot": 0, "OtherBodyPart": 1, "YendLoc": 40.0, "ZendLoc": 4.9, "Goal": 0}, "18": {"XdistToGoal": 12.200000000000003, "YdistToGoal": 6.600000000000001, "Head": 0, "LeftFoot": 0, "RightFoot": 0, "OtherBodyPart": 1, "YendLoc": 43.3, "ZendLoc": 0.4, "Goal": 0}, "19": {"XdistToGoal": 20.900000000000006, "YdistToGoal": 22.299999999999997, "Head": 0, "LeftFoot": 0, "RightFoot": 0, "OtherBodyPart": 1, "YendLoc": 22.0, "ZendLoc": 0.2, "Goal": 0}, "20": {"XdistToGoal": 11.900000000000006, "YdistToGoal": 0.10000000000000142, "Head": 0, "LeftFoot": 0, "RightFoot": 0, "OtherBodyPart": 1, "YendLoc": 35.6, "ZendLoc": 5.4, "Goal": 0}, "21": {"XdistToGoal": 19.400000000000006, "YdistToGoal": 15.3, "Head": 0, "LeftFoot": 0, "RightFoot": 0, "OtherBodyPart": 1, "YendLoc": 27.1, "ZendLoc": 27.1, "Goal": 0}, "22": {"XdistToGoal": 8.900000000000006, "YdistToGoal": 0.7000000000000028, "Head": 1, "LeftFoot": 0, "RightFoot": 0, "OtherBodyPart": 0, "YendLoc": 40.3, "ZendLoc": 1.3, "Goal": 0}, "23": {"XdistToGoal": 13.099999999999994, "YdistToGoal": 13.600000000000001, "Head": 0, "LeftFoot": 0, "RightFoot": 0, "OtherBodyPart": 1, "YendLoc": 52.0, "ZendLoc": 52.0, "Goal": 0}, "24": {"XdistToGoal": 8.0, "YdistToGoal": 6.899999999999999, "Head": 1, "LeftFoot": 0, "RightFoot": 0, "OtherBodyPart": 0, "YendLoc": 40.2, "ZendLoc": 2.0, "Goal": 0}, "25": {"XdistToGoal": 16.799999999999997, "YdistToGoal": 15.7, "Head": 0, "LeftFoot": 0, "RightFoot": 0, "OtherBodyPart": 1, "YendLoc": 38.0, "ZendLoc": 0.0, "Goal": 0}, "26": {"XdistToGoal": 6.0, "YdistToGoal": 4.200000000000003, "Head": 1, "LeftFoot": 0, "RightFoot": 0, "OtherBodyPart": 0, "YendLoc": 40.1, "ZendLoc": 0.7, "Goal": 0}, "27": {"XdistToGoal": 8.099999999999994, "YdistToGoal": 1.6000000000000014, "Head": 1, "LeftFoot": 0, "RightFoot": 0, "OtherBodyPart": 0, "YendLoc": 44.7, "ZendLoc": 44.7, "Goal": 0}, "28": {"XdistToGoal": 7.0, "YdistToGoal": 4.899999999999999, "Head": 1, "LeftFoot": 0, "RightFoot": 0, "OtherBodyPart": 0, "YendLoc": 42.7, "ZendLoc": 1.8, "Goal": 0}, "29": {"XdistToGoal": 21.700000000000003, "YdistToGoal": 4.299999999999997, "Head": 0, "LeftFoot": 0, "RightFoot": 0, "OtherBodyPart": 1, "YendLoc": 43.8, "ZendLoc": 43.8, "Goal": 0}, "30": {"XdistToGoal": 7.799999999999997, "YdistToGoal": 6.399999999999999, "Head": 0, "LeftFoot": 0, "RightFoot": 0, "OtherBodyPart": 1, "YendLoc": 34.2, "ZendLoc": 34.2, "Goal": 0}, "31": {"XdistToGoal": 4.700000000000003, "YdistToGoal": 13.0, "Head": 0, "LeftFoot": 0, "RightFoot": 0, "OtherBodyPart": 1, "YendLoc": 36.1, "ZendLoc": 0.5, "Goal": 0}, "32": {"XdistToGoal": 13.900000000000006, "YdistToGoal": 4.799999999999997, "Head": 0, "LeftFoot": 0, "RightFoot": 0, "OtherBodyPart": 1, "YendLoc": 35.8, "ZendLoc": 35.8, "Goal": 0}, "33": {"XdistToGoal": 8.799999999999997, "YdistToGoal": 7.700000000000003, "Head": 0, "LeftFoot": 0, "RightFoot": 0, "OtherBodyPart": 1, "YendLoc": 41.1, "ZendLoc": 0.2, "Goal": 1}}