{"0": {"XdistToGoal": 12.299999999999997, "YdistToGoal": 1.7999999999999972, "Head": 1, "LeftFoot": 0, "RightFoot": 0, "OtherBodyPart": 0, "YendLoc": 38.4, "ZendLoc": 38.4, "Goal": 0}, "1": {"XdistToGoal": 19.200000000000003, "YdistToGoal": 5.700000000000003, "Head": 0, "LeftFoot": 0, "RightFoot": 0, "OtherBodyPart": 1, "YendLoc": 37.4, "ZendLoc": 4.4, "Goal": 0}, "2": {"XdistToGoal": 7.900000000000006, "YdistToGoal": 0.10000000000000142, "Head": 1, "LeftFoot": 0, "RightFoot": 0, "OtherBodyPart": 0, "YendLoc": 41.9, "ZendLoc": 1.0, "Goal": 0}, "3": {"XdistToGoal": 23.799999999999997, "YdistToGoal": 2.799999999999997, "Head": 0, "LeftFoot": 0, "RightFoot": 0, "OtherBodyPart": 1, "YendLoc": 45.6, "ZendLoc": 6.9, "Goal": 0}, "4": {"XdistToGoal": 10.700000000000003, "YdistToGoal": 13.0, "Head": 0, "LeftFoot": 0, "RightFoot": 0, "OtherBodyPart": 1, "YendLoc": 45.7, "ZendLoc": 0.7, "Goal": 0}, "5": {"XdistToGoal": 11.5, "YdistToGoal": 3.700000000000003, "Head": 0, "LeftFoot": 0, "RightFoot": 0, "OtherBodyPart": 1, "YendLoc": 38.1, "ZendLoc": 5.3, "Goal": 0}, "6": {"XdistToGoal": 19.599999999999994, "YdistToGoal": 5.799999999999997, "Head": 0, "LeftFoot": 0, "RightFoot": 0, "OtherBodyPart": 1, "YendLoc": 41.9, "ZendLoc": 41.9, "Goal": 0}, "7": {"XdistToGoal": 14.700000000000003, "YdistToGoal": 6.399999999999999, "Head": 0, "LeftFoot": 0, "RightFoot": 0, "OtherBodyPart": 1, "YendLoc": 45.3, "ZendLoc": 0.2, "Goal": 0}, "8": {"XdistToGoal": 23.799999999999997, "YdistToGoal": 8.700000000000003, "Head": 0, "LeftFoot": 0, "RightFoot": 0, "OtherBodyPart": 1, "YendLoc": 40.9, "ZendLoc": 0.4, "Goal": 0}, "9": {"XdistToGoal": 5.799999999999997, "YdistToGoal": 10.100000000000001, "Head": 0, "LeftFoot": 0, "RightFoot": 0, "OtherBodyPart": 1, "YendLoc": 42.0, "ZendLoc": 42.0, "Goal": 0}, "10": {"XdistToGoal": 28.599999999999994, "YdistToGoal": 9.5, "Head": 0, "LeftFoot": 0, "RightFoot": 0, "OtherBodyPart": 1, "YendLoc": 33.4, "ZendLoc": 33.4, "Goal": 0}, "11": {"XdistToGoal": 28.200000000000003, "YdistToGoal": 9.600000000000001, "Head": 0, "LeftFoot": 0, "RightFoot": 0, "OtherBodyPart": 1, "YendLoc": 39.6, "ZendLoc": 0.8, "Goal": 0}, "12": {"XdistToGoal": 17.099999999999994, "YdistToGoal": 7.700000000000003, "Head": 0, "LeftFoot": 0, "RightFoot": 0, "OtherBodyPart": 1, "YendLoc": 34.6, "ZendLoc": 0.2, "Goal": 0}, "13": {"XdistToGoal": 5.099999999999994, "YdistToGoal": 2.700000000000003, "Head": 0, "LeftFoot": 0, "RightFoot": 0, "OtherBodyPart": 1, "YendLoc": 34.6, "ZendLoc": 3.6, "Goal": 0}, "14": {"XdistToGoal": 19.799999999999997, "YdistToGoal": 5.899999999999999, "Head": 0, "LeftFoot": 0, "RightFoot": 0, "OtherBodyPart": 1, "YendLoc": 51.3, "ZendLoc": 0.9, "Goal": 0}, "15": {"XdistToGoal": 24.5, "YdistToGoal": 4.5, "Head": 0, "LeftFoot": 0, "RightFoot": 0, "OtherBodyPart": 1, "YendLoc": 42.6, "ZendLoc": 42.6, "Goal": 0}, "16": {"XdistToGoal": 16.200000000000003, "YdistToGoal": 0.8999999999999986, "Head": 0, "LeftFoot": 0, "RightFoot": 0, "OtherBodyPart": 1, "YendLoc": 40.3, "ZendLoc": 40.3, "Goal": 0}, "17": {"XdistToGoal": 6.799999999999997, "YdistToGoal": 3.299999999999997, "Head": 1, "LeftFoot": 0, "RightFoot": 0, "OtherBodyPart": 0, "YendLoc": 41.1, "ZendLoc": 0.5, "Goal": 0}, "18": {"XdistToGoal": 13.599999999999994, "YdistToGoal": 14.5, "Head": 0, "LeftFoot": 0, "RightFoot": 0, "OtherBodyPart": 1, "YendLoc": 34.6, "ZendLoc": 2.4, "Goal": 0}, "19": {"XdistToGoal": 7.599999999999994, "YdistToGoal": 4.0, "Head": 0, "LeftFoot": 0, "RightFoot": 0, "OtherBodyPart": 1, "YendLoc": 41.9, "ZendLoc": 0.5, "Goal": 0}, "20": {"XdistToGoal": 8.099999999999994, "YdistToGoal": 3.5, "Head": 1, "LeftFoot": 0, "RightFoot": 0, "OtherBodyPart": 0, "YendLoc": 45.4, "ZendLoc": 1.3, "Goal": 0}}