{"0": {"XdistToGoal": 4.400000000000006, "YdistToGoal": 3.6000000000000014, "Head": 0, "LeftFoot": 0, "RightFoot": 0, "OtherBodyPart": 1, "YendLoc": 46.7, "ZendLoc": 1.1, "Goal": 0}, "1": {"XdistToGoal": 28.799999999999997, "YdistToGoal": 13.8, "Head": 0, "LeftFoot": 0, "RightFoot": 0, "OtherBodyPart": 1, "YendLoc": 39.7, "ZendLoc": 0.5, "Goal": 0}, "2": {"XdistToGoal": 22.700000000000003, "YdistToGoal": 11.799999999999997, "Head": 0, "LeftFoot": 0, "RightFoot": 0, "OtherBodyPart": 1, "YendLoc": 40.8, "ZendLoc": 40.8, "Goal": 0}, "3": {"XdistToGoal": 14.299999999999997, "YdistToGoal": 0.8999999999999986, "Head": 0, "LeftFoot": 0, "RightFoot": 0, "OtherBodyPart": 1, "YendLoc": 42.2, "ZendLoc": 0.5, "Goal": 0}, "4": {"XdistToGoal": 7.400000000000006, "YdistToGoal": 11.600000000000001, "Head": 0, "LeftFoot": 0, "RightFoot": 0, "OtherBodyPart": 1, "YendLoc": 26.1, "ZendLoc": 0.1, "Goal": 0}, "5": {"XdistToGoal": 9.299999999999997, "YdistToGoal": 5.600000000000001, "Head": 1, "LeftFoot": 0, "RightFoot": 0, "OtherBodyPart": 0, "YendLoc": 35.6, "ZendLoc": 2.9, "Goal": 0}, "6": {"XdistToGoal": 16.700000000000003, "YdistToGoal": 15.100000000000001, "Head": 0, "LeftFoot": 0, "RightFoot": 0, "OtherBodyPart": 1, "YendLoc": 54.9, "ZendLoc": 2.4, "Goal": 0}, "7": {"XdistToGoal": 4.099999999999994, "YdistToGoal": 10.899999999999999, "Head": 0, "LeftFoot": 0, "RightFoot": 0, "OtherBodyPart": 1, "YendLoc": 40.0, "ZendLoc": 40.0, "Goal": 0}, "8": {"XdistToGoal": 11.799999999999997, "YdistToGoal": 10.3, "Head": 1, "LeftFoot": 0, "RightFoot": 0, "OtherBodyPart": 0, "YendLoc": 37.4, "ZendLoc": 0.7, "Goal": 0}, "9": {"XdistToGoal": 23.900000000000006, "YdistToGoal": 10.399999999999999, "Head": 0, "LeftFoot": 0, "RightFoot": 0, "OtherBodyPart": 1, "YendLoc": 31.0, "ZendLoc": 31.0, "Goal": 0}, "10": {"XdistToGoal": 10.599999999999994, "YdistToGoal": 5.100000000000001, "Head": 0, "LeftFoot": 0, "RightFoot": 0, "OtherBodyPart": 1, "YendLoc": 36.5, "ZendLoc": 0.5, "Goal": 1}, "11": {"XdistToGoal": 10.299999999999997, "YdistToGoal": 3.799999999999997, "Head": 0, "LeftFoot": 0, "RightFoot": 0, "OtherBodyPart": 1, "YendLoc": 37.7, "ZendLoc": 37.7, "Goal": 0}, "12": {"XdistToGoal": 29.599999999999994, "YdistToGoal": 4.799999999999997, "Head": 0, "LeftFoot": 0, "RightFoot": 0, "OtherBodyPart": 1, "YendLoc": 36.0, "ZendLoc": 0.4, "Goal": 0}, "13": {"XdistToGoal": 8.299999999999997, "YdistToGoal": 18.799999999999997, "Head": 0, "LeftFoot": 0, "RightFoot": 0, "OtherBodyPart": 1, "YendLoc": 44.9, "ZendLoc": 5.6, "Goal": 0}, "14": {"XdistToGoal": 16.400000000000006, "YdistToGoal": 16.4, "Head": 0, "LeftFoot": 0, "RightFoot": 0, "OtherBodyPart": 1, "YendLoc": 42.7, "ZendLoc": 0.2, "Goal": 0}, "15": {"XdistToGoal": 7.400000000000006, "YdistToGoal": 8.299999999999997, "Head": 0, "LeftFoot": 0, "RightFoot": 0, "OtherBodyPart": 1, "YendLoc": 43.7, "ZendLoc": 0.4, "Goal": 0}, "16": {"XdistToGoal": 3.799999999999997, "YdistToGoal": 11.5, "Head": 1, "LeftFoot": 0, "RightFoot": 0, "OtherBodyPart": 0, "YendLoc": 46.2, "ZendLoc": 1.4, "Goal": 0}, "17": {"XdistToGoal": 21.5, "YdistToGoal": 16.700000000000003, "Head": 0, "LeftFoot": 0, "RightFoot": 0, "OtherBodyPart": 1, "YendLoc": 40.4, "ZendLoc": 40.4, "Goal": 0}, "18": {"XdistToGoal": 10.400000000000006, "YdistToGoal": 7.600000000000001, "Head": 0, "LeftFoot": 0, "RightFoot": 0, "OtherBodyPart": 1, "YendLoc": 47.1, "ZendLoc": 47.1, "Goal": 0}, "19": {"XdistToGoal": 9.900000000000006, "YdistToGoal": 5.700000000000003, "Head": 0, "LeftFoot": 0, "RightFoot": 0, "OtherBodyPart": 1, "YendLoc": 40.6, "ZendLoc": 6.7, "Goal": 0}, "20": {"XdistToGoal": 6.200000000000003, "YdistToGoal": 14.600000000000001, "Head": 0, "LeftFoot": 0, "RightFoot": 0, "OtherBodyPart": 1, "YendLoc": 53.5, "ZendLoc": 53.5, "Goal": 0}, "21": {"XdistToGoal": 9.599999999999994, "YdistToGoal": 15.600000000000001, "Head": 0, "LeftFoot": 0, "RightFoot": 0, "OtherBodyPart": 1, "YendLoc": 26.8, "ZendLoc": 26.8, "Goal": 0}, "22": {"XdistToGoal": 24.099999999999994, "YdistToGoal": 7.700000000000003, "Head": 0, "LeftFoot": 0, "RightFoot": 0, "OtherBodyPart": 1, "YendLoc": 32.9, "ZendLoc": 32.9, "Goal": 0}, "23": {"XdistToGoal": 18.5, "YdistToGoal": 7.5, "Head": 0, "LeftFoot": 0, "RightFoot": 0, "OtherBodyPart": 1, "YendLoc": 32.7, "ZendLoc": 32.7, "Goal": 0}, "24": {"XdistToGoal": 18.099999999999994, "YdistToGoal": 2.200000000000003, "Head": 0, "LeftFoot": 0, "RightFoot": 0, "OtherBodyPart": 1, "YendLoc": 42.2, "ZendLoc": 1.3, "Goal": 0}, "25": {"XdistToGoal": 26.299999999999997, "YdistToGoal": 13.299999999999997, "Head": 0, "LeftFoot": 0, "RightFoot": 0, "OtherBodyPart": 1, "YendLoc": 40.3, "ZendLoc": 0.2, "Goal": 0}}