{"0": {"XdistToGoal": 20.900000000000006, "YdistToGoal": 0.10000000000000142, "Head": 0, "LeftFoot": 0, "RightFoot": 0, "OtherBodyPart": 1, "YendLoc": 40.0, "ZendLoc": 40.0, "Goal": 0}, "1": {"XdistToGoal": 8.400000000000006, "YdistToGoal": 14.899999999999999, "Head": 0, "LeftFoot": 0, "RightFoot": 0, "OtherBodyPart": 1, "YendLoc": 31.9, "ZendLoc": 0.8, "Goal": 0}, "2": {"XdistToGoal": 14.5, "YdistToGoal": 19.7, "Head": 0, "LeftFoot": 0, "RightFoot": 0, "OtherBodyPart": 1, "YendLoc": 37.0, "ZendLoc": 1.3, "Goal": 0}, "3": {"XdistToGoal": 23.0, "YdistToGoal": 7.899999999999999, "Head": 0, "LeftFoot": 0, "RightFoot": 0, "OtherBodyPart": 1, "YendLoc": 32.8, "ZendLoc": 32.8, "Goal": 0}, "4": {"XdistToGoal": 17.299999999999997, "YdistToGoal": 4.100000000000001, "Head": 0, "LeftFoot": 0, "RightFoot": 0, "OtherBodyPart": 1, "YendLoc": 39.1, "ZendLoc": 0.5, "Goal": 0}, "5": {"XdistToGoal": 27.400000000000006, "YdistToGoal": 4.700000000000003, "Head": 0, "LeftFoot": 0, "RightFoot": 0, "OtherBodyPart": 1, "YendLoc": 43.5, "ZendLoc": 43.5, "Goal": 0}, "6": {"XdistToGoal": 24.299999999999997, "YdistToGoal": 5.0, "Head": 0, "LeftFoot": 0, "RightFoot": 0, "OtherBodyPart": 1, "YendLoc": 41.7, "ZendLoc": 4.3, "Goal": 0}, "7": {"XdistToGoal": 19.799999999999997, "YdistToGoal": 13.600000000000001, "Head": 0, "LeftFoot": 0, "RightFoot": 0, "OtherBodyPart": 1, "YendLoc": 53.1, "ZendLoc": 53.1, "Goal": 0}, "8": {"XdistToGoal": 27.5, "YdistToGoal": 10.899999999999999, "Head": 0, "LeftFoot": 0, "RightFoot": 0, "OtherBodyPart": 1, "YendLoc": 36.1, "ZendLoc": 2.7, "Goal": 0}, "9": {"XdistToGoal": 21.900000000000006, "YdistToGoal": 7.600000000000001, "Head": 0, "LeftFoot": 0, "RightFoot": 0, "OtherBodyPart": 1, "YendLoc": 47.4, "ZendLoc": 47.4, "Goal": 0}, "10": {"XdistToGoal": 16.900000000000006, "YdistToGoal": 13.600000000000001, "Head": 0, "LeftFoot": 0, "RightFoot": 0, "OtherBodyPart": 1, "YendLoc": 34.3, "ZendLoc": 0.2, "Goal": 0}, "11": {"XdistToGoal": 5.900000000000006, "YdistToGoal": 7.899999999999999, "Head": 1, "LeftFoot": 0, "RightFoot": 0, "OtherBodyPart": 0, "YendLoc": 51.0, "ZendLoc": 0.4, "Goal": 0}, "12": {"XdistToGoal": 8.200000000000003, "YdistToGoal": 5.200000000000003, "Head": 1, "LeftFoot": 0, "RightFoot": 0, "OtherBodyPart": 0, "YendLoc": 47.2, "ZendLoc": 0.6, "Goal": 0}, "13": {"XdistToGoal": 13.099999999999994, "YdistToGoal": 13.100000000000001, "Head": 0, "LeftFoot": 0, "RightFoot": 0, "OtherBodyPart": 1, "YendLoc": 51.0, "ZendLoc": 51.0, "Goal": 0}, "14": {"XdistToGoal": 8.900000000000006, "YdistToGoal": 11.600000000000001, "Head": 0, "LeftFoot": 0, "RightFoot": 0, "OtherBodyPart": 1, "YendLoc": 80.0, "ZendLoc": 80.0, "Goal": 0}, "15": {"XdistToGoal": 18.900000000000006, "YdistToGoal": 2.299999999999997, "Head": 0, "LeftFoot": 0, "RightFoot": 0, "OtherBodyPart": 1, "YendLoc": 43.4, "ZendLoc": 3.4, "Goal": 0}, "16": {"XdistToGoal": 18.900000000000006, "YdistToGoal": 17.6, "Head": 0, "LeftFoot": 0, "RightFoot": 0, "OtherBodyPart": 1, "YendLoc": 23.8, "ZendLoc": 23.8, "Goal": 0}, "17": {"XdistToGoal": 9.599999999999994, "YdistToGoal": 1.0, "Head": 1, "LeftFoot": 0, "RightFoot": 0, "OtherBodyPart": 0, "YendLoc": 43.2, "ZendLoc": 5.4, "Goal": 0}, "18": {"XdistToGoal": 26.200000000000003, "YdistToGoal": 11.299999999999997, "Head": 0, "LeftFoot": 0, "RightFoot": 0, "OtherBodyPart": 1, "YendLoc": 48.3, "ZendLoc": 48.3, "Goal": 0}, "19": {"XdistToGoal": 21.299999999999997, "YdistToGoal": 6.700000000000003, "Head": 0, "LeftFoot": 0, "RightFoot": 0, "OtherBodyPart": 1, "YendLoc": 38.3, "ZendLoc": 38.3, "Goal": 0}, "20": {"XdistToGoal": 22.799999999999997, "YdistToGoal": 3.6000000000000014, "Head": 0, "LeftFoot": 0, "RightFoot": 0, "OtherBodyPart": 1, "YendLoc": 37.1, "ZendLoc": 37.1, "Goal": 0}, "21": {"XdistToGoal": 13.5, "YdistToGoal": 15.5, "Head": 0, "LeftFoot": 0, "RightFoot": 0, "OtherBodyPart": 1, "YendLoc": 44.5, "ZendLoc": 0.5, "Goal": 0}, "22": {"XdistToGoal": 27.700000000000003, "YdistToGoal": 3.1000000000000014, "Head": 0, "LeftFoot": 0, "RightFoot": 0, "OtherBodyPart": 1, "YendLoc": 31.9, "ZendLoc": 0.2, "Goal": 0}, "23": {"XdistToGoal": 20.400000000000006, "YdistToGoal": 4.799999999999997, "Head": 0, "LeftFoot": 0, "RightFoot": 0, "OtherBodyPart": 1, "YendLoc": 46.0, "ZendLoc": 0.7, "Goal": 0}, "24": {"XdistToGoal": 11.299999999999997, "YdistToGoal": 11.899999999999999, "Head": 0, "LeftFoot": 0, "RightFoot": 0, "OtherBodyPart": 1, "YendLoc": 45.6, "ZendLoc": 3.6, "Goal": 0}, "25": {"XdistToGoal": 7.099999999999994, "YdistToGoal": 8.399999999999999, "Head": 0, "LeftFoot": 0, "RightFoot": 0, "OtherBodyPart": 1, "YendLoc": 53.3, "ZendLoc": 4.1, "Goal": 0}, "26": {"XdistToGoal": 29.099999999999994, "YdistToGoal": 13.3, "Head": 0, "LeftFoot": 0, "RightFoot": 0, "OtherBodyPart": 1, "YendLoc": 27.9, "ZendLoc": 27.9, "Goal": 0}, "27": {"XdistToGoal": 11.900000000000006, "YdistToGoal": 17.299999999999997, "Head": 0, "LeftFoot": 0, "RightFoot": 0, "OtherBodyPart": 1, "YendLoc": 43.8, "ZendLoc": 0.2, "Goal": 0}, "28": {"XdistToGoal": 4.299999999999997, "YdistToGoal": 10.5, "Head": 0, "LeftFoot": 0, "RightFoot": 0, "OtherBodyPart": 1, "YendLoc": 38.0, "ZendLoc": 0.7, "Goal": 1}, "29": {"XdistToGoal": 16.200000000000003, "YdistToGoal": 18.299999999999997, "Head": 0, "LeftFoot": 0, "RightFoot": 0, "OtherBodyPart": 1, "YendLoc": 46.2, "ZendLoc": 4.8, "Goal": 0}, "30": {"XdistToGoal": 26.700000000000003, "YdistToGoal": 11.399999999999999, "Head": 0, "LeftFoot": 0, "RightFoot": 0, "OtherBodyPart": 1, "YendLoc": 37.1, "ZendLoc": 2.0, "Goal": 0}, "31": {"XdistToGoal": 7.5, "YdistToGoal": 5.399999999999999, "Head": 1, "LeftFoot": 0, "RightFoot": 0, "OtherBodyPart": 0, "YendLoc": 34.8, "ZendLoc": 34.8, "Goal": 0}, "32": {"XdistToGoal": 5.299999999999997, "YdistToGoal": 10.600000000000001, "Head": 0, "LeftFoot": 0, "RightFoot": 0, "OtherBodyPart": 1, "YendLoc": 41.4, "ZendLoc": 0.9, "Goal": 1}, "33": {"XdistToGoal": 23.0, "YdistToGoal": 11.0, "Head": 0, "LeftFoot": 0, "RightFoot": 0, "OtherBodyPart": 1, "YendLoc": 44.2, "ZendLoc": 0.9, "Goal": 0}, "34": {"XdistToGoal": 14.200000000000003, "YdistToGoal": 11.0, "Head": 0, "LeftFoot": 0, "RightFoot": 0, "OtherBodyPart": 1, "YendLoc": 42.1, "ZendLoc": 42.1, "Goal": 0}, "35": {"XdistToGoal": 17.5, "YdistToGoal": 17.1, "Head": 0, "LeftFoot": 0, "RightFoot": 0, "OtherBodyPart": 1, "YendLoc": 48.5, "ZendLoc": 1.3, "Goal": 0}, "36": {"XdistToGoal": 10.599999999999994, "YdistToGoal": 5.200000000000003, "Head": 0, "LeftFoot": 0, "RightFoot": 0, "OtherBodyPart": 1, "YendLoc": 35.6, "ZendLoc": 35.6, "Goal": 0}, "37": {"XdistToGoal": 4.799999999999997, "YdistToGoal": 10.0, "Head": 0, "LeftFoot": 0, "RightFoot": 0, "OtherBodyPart": 1, "YendLoc": 35.3, "ZendLoc": 4.0, "Goal": 0}, "38": {"XdistToGoal": 26.299999999999997, "YdistToGoal": 7.0, "Head": 0, "LeftFoot": 0, "RightFoot": 0, "OtherBodyPart": 1, "YendLoc": 45.4, "ZendLoc": 45.4, "Goal": 0}, "39": {"XdistToGoal": 13.099999999999994, "YdistToGoal": 9.600000000000001, "Head": 0, "LeftFoot": 0, "RightFoot": 0, "OtherBodyPart": 1, "YendLoc": 48.0, "ZendLoc": 48.0, "Goal": 0}, "40": {"XdistToGoal": 3.299999999999997, "YdistToGoal": 8.700000000000003, "Head": 1, "LeftFoot": 0, "RightFoot": 0, "OtherBodyPart": 0, "YendLoc": 43.0, "ZendLoc": 1.9, "Goal": 1}, "41": {"XdistToGoal": 22.0, "YdistToGoal": 10.100000000000001, "Head": 0, "LeftFoot": 0, "RightFoot": 0, "OtherBodyPart": 1, "YendLoc": 31.6, "ZendLoc": 0.2, "Goal": 0}}