{"0": {"XdistToGoal": 24.599999999999994, "YdistToGoal": 10.200000000000003, "Head": 0, "LeftFoot": 0, "RightFoot": 0, "OtherBodyPart": 1, "YendLoc": 48.8, "ZendLoc": 48.8, "Goal": 0}, "1": {"XdistToGoal": 11.099999999999994, "YdistToGoal": 0.10000000000000142, "Head": 1, "LeftFoot": 0, "RightFoot": 0, "OtherBodyPart": 0, "YendLoc": 37.4, "ZendLoc": 1.4, "Goal": 1}, "2": {"XdistToGoal": 24.099999999999994, "YdistToGoal": 3.5, "Head": 0, "LeftFoot": 0, "RightFoot": 0, "OtherBodyPart": 1, "YendLoc": 43.1, "ZendLoc": 43.1, "Goal": 0}, "3": {"XdistToGoal": 10.200000000000003, "YdistToGoal": 13.299999999999997, "Head": 0, "LeftFoot": 0, "RightFoot": 0, "OtherBodyPart": 1, "YendLoc": 50.4, "ZendLoc": 50.4, "Goal": 0}, "4": {"XdistToGoal": 7.5, "YdistToGoal": 10.200000000000003, "Head": 0, "LeftFoot": 0, "RightFoot": 0, "OtherBodyPart": 1, "YendLoc": 48.1, "ZendLoc": 1.3, "Goal": 0}, "5": {"XdistToGoal": 15.099999999999994, "YdistToGoal": 1.7999999999999972, "Head": 0, "LeftFoot": 0, "RightFoot": 0, "OtherBodyPart": 1, "YendLoc": 39.5, "ZendLoc": 6.4, "Goal": 0}, "6": {"XdistToGoal": 12.900000000000006, "YdistToGoal": 4.299999999999997, "Head": 0, "LeftFoot": 0, "RightFoot": 0, "OtherBodyPart": 1, "YendLoc": 45.4, "ZendLoc": 0.5, "Goal": 0}, "7": {"XdistToGoal": 4.5, "YdistToGoal": 0.6000000000000014, "Head": 1, "LeftFoot": 0, "RightFoot": 0, "OtherBodyPart": 0, "YendLoc": 27.3, "ZendLoc": 0.6, "Goal": 0}, "8": {"XdistToGoal": 3.799999999999997, "YdistToGoal": 9.899999999999999, "Head": 0, "LeftFoot": 0, "RightFoot": 0, "OtherBodyPart": 1, "YendLoc": 32.3, "ZendLoc": 0.0, "Goal": 0}, "9": {"XdistToGoal": 5.900000000000006, "YdistToGoal": 3.6000000000000014, "Head": 1, "LeftFoot": 0, "RightFoot": 0, "OtherBodyPart": 0, "YendLoc": 55.3, "ZendLoc": 0.6, "Goal": 0}, "10": {"XdistToGoal": 6.0, "YdistToGoal": 14.200000000000003, "Head": 0, "LeftFoot": 0, "RightFoot": 0, "OtherBodyPart": 1, "YendLoc": 44.9, "ZendLoc": 2.0, "Goal": 0}, "11": {"XdistToGoal": 13.900000000000006, "YdistToGoal": 4.100000000000001, "Head": 0, "LeftFoot": 0, "RightFoot": 0, "OtherBodyPart": 1, "YendLoc": 39.2, "ZendLoc": 0.7, "Goal": 0}, "12": {"XdistToGoal": 14.700000000000003, "YdistToGoal": 14.899999999999999, "Head": 0, "LeftFoot": 0, "RightFoot": 0, "OtherBodyPart": 1, "YendLoc": 44.6, "ZendLoc": 0.9, "Goal": 0}, "13": {"XdistToGoal": 7.599999999999994, "YdistToGoal": 2.3999999999999986, "Head": 0, "LeftFoot": 0, "RightFoot": 0, "OtherBodyPart": 1, "YendLoc": 43.1, "ZendLoc": 2.0, "Goal": 1}, "14": {"XdistToGoal": 22.799999999999997, "YdistToGoal": 10.2, "Head": 0, "LeftFoot": 0, "RightFoot": 0, "OtherBodyPart": 1, "YendLoc": 38.0, "ZendLoc": 0.9, "Goal": 0}, "15": {"XdistToGoal": 21.5, "YdistToGoal": 1.2000000000000028, "Head": 0, "LeftFoot": 0, "RightFoot": 0, "OtherBodyPart": 1, "YendLoc": 37.4, "ZendLoc": 1.3, "Goal": 0}, "16": {"XdistToGoal": 9.200000000000003, "YdistToGoal": 2.1000000000000014, "Head": 0, "LeftFoot": 0, "RightFoot": 0, "OtherBodyPart": 1, "YendLoc": 41.6, "ZendLoc": 41.6, "Goal": 0}, "17": {"XdistToGoal": 12.400000000000006, "YdistToGoal": 2.1000000000000014, "Head": 0, "LeftFoot": 0, "RightFoot": 0, "OtherBodyPart": 1, "YendLoc": 37.0, "ZendLoc": 0.5, "Goal": 1}, "18": {"XdistToGoal": 12.200000000000003, "YdistToGoal": 4.799999999999997, "Head": 0, "LeftFoot": 0, "RightFoot": 0, "OtherBodyPart": 1, "YendLoc": 35.6, "ZendLoc": 35.6, "Goal": 0}, "19": {"XdistToGoal": 10.900000000000006, "YdistToGoal": 8.3, "Head": 0, "LeftFoot": 0, "RightFoot": 0, "OtherBodyPart": 1, "YendLoc": 32.3, "ZendLoc": 32.3, "Goal": 0}, "20": {"XdistToGoal": 22.099999999999994, "YdistToGoal": 4.5, "Head": 0, "LeftFoot": 0, "RightFoot": 0, "OtherBodyPart": 1, "YendLoc": 39.7, "ZendLoc": 0.2, "Goal": 0}, "21": {"XdistToGoal": 8.0, "YdistToGoal": 14.399999999999999, "Head": 0, "LeftFoot": 0, "RightFoot": 0, "OtherBodyPart": 1, "YendLoc": 39.0, "ZendLoc": 39.0, "Goal": 0}, "22": {"XdistToGoal": 18.400000000000006, "YdistToGoal": 2.8999999999999986, "Head": 0, "LeftFoot": 0, "RightFoot": 0, "OtherBodyPart": 1, "YendLoc": 43.3, "ZendLoc": 2.0, "Goal": 0}, "23": {"XdistToGoal": 26.299999999999997, "YdistToGoal": 1.5, "Head": 0, "LeftFoot": 0, "RightFoot": 0, "OtherBodyPart": 1, "YendLoc": 38.4, "ZendLoc": 38.4, "Goal": 0}, "24": {"XdistToGoal": 6.5, "YdistToGoal": 11.3, "Head": 0, "LeftFoot": 0, "RightFoot": 0, "OtherBodyPart": 1, "YendLoc": 32.8, "ZendLoc": 0.1, "Goal": 0}, "25": {"XdistToGoal": 16.5, "YdistToGoal": 1.2000000000000028, "Head": 0, "LeftFoot": 0, "RightFoot": 0, "OtherBodyPart": 1, "YendLoc": 31.6, "ZendLoc": 6.4, "Goal": 0}, "26": {"XdistToGoal": 24.5, "YdistToGoal": 3.1000000000000014, "Head": 0, "LeftFoot": 0, "RightFoot": 0, "OtherBodyPart": 1, "YendLoc": 31.1, "ZendLoc": 0.2, "Goal": 0}}