{"0": {"XdistToGoal": 24.900000000000006, "YdistToGoal": 8.299999999999997, "Head": 0, "LeftFoot": 0, "RightFoot": 0, "OtherBodyPart": 1, "YendLoc": 42.1, "ZendLoc": 42.1, "Goal": 0}, "1": {"XdistToGoal": 11.200000000000003, "YdistToGoal": 13.100000000000001, "Head": 0, "LeftFoot": 0, "RightFoot": 0, "OtherBodyPart": 1, "YendLoc": 36.8, "ZendLoc": 0.5, "Goal": 1}, "2": {"XdistToGoal": 5.700000000000003, "YdistToGoal": 9.299999999999997, "Head": 1, "LeftFoot": 0, "RightFoot": 0, "OtherBodyPart": 0, "YendLoc": 41.6, "ZendLoc": 1.3, "Goal": 0}, "3": {"XdistToGoal": 13.900000000000006, "YdistToGoal": 5.299999999999997, "Head": 1, "LeftFoot": 0, "RightFoot": 0, "OtherBodyPart": 0, "YendLoc": 31.4, "ZendLoc": 0.3, "Goal": 0}, "4": {"XdistToGoal": 7.900000000000006, "YdistToGoal": 13.600000000000001, "Head": 0, "LeftFoot": 0, "RightFoot": 0, "OtherBodyPart": 1, "YendLoc": 51.5, "ZendLoc": 51.5, "Goal": 0}, "5": {"XdistToGoal": 18.299999999999997, "YdistToGoal": 0.29999999999999716, "Head": 0, "LeftFoot": 0, "RightFoot": 0, "OtherBodyPart": 1, "YendLoc": 30.6, "ZendLoc": 30.6, "Goal": 0}, "6": {"XdistToGoal": 11.799999999999997, "YdistToGoal": 1.8999999999999986, "Head": 0, "LeftFoot": 0, "RightFoot": 0, "OtherBodyPart": 1, "YendLoc": 35.3, "ZendLoc": 0.8, "Goal": 0}, "7": {"XdistToGoal": 9.700000000000003, "YdistToGoal": 8.200000000000003, "Head": 0, "LeftFoot": 0, "RightFoot": 0, "OtherBodyPart": 1, "YendLoc": 41.4, "ZendLoc": 41.4, "Goal": 0}, "8": {"XdistToGoal": 5.900000000000006, "YdistToGoal": 2.799999999999997, "Head": 0, "LeftFoot": 0, "RightFoot": 0, "OtherBodyPart": 1, "YendLoc": 42.8, "ZendLoc": 0.0, "Goal": 1}, "9": {"XdistToGoal": 14.5, "YdistToGoal": 0.10000000000000142, "Head": 0, "LeftFoot": 0, "RightFoot": 0, "OtherBodyPart": 1, "YendLoc": 39.3, "ZendLoc": 0.3, "Goal": 0}, "10": {"XdistToGoal": 21.0, "YdistToGoal": 5.700000000000003, "Head": 0, "LeftFoot": 0, "RightFoot": 0, "OtherBodyPart": 1, "YendLoc": 35.1, "ZendLoc": 35.1, "Goal": 0}, "11": {"XdistToGoal": 42.3, "YdistToGoal": 1.8999999999999986, "Head": 0, "LeftFoot": 0, "RightFoot": 0, "OtherBodyPart": 1, "YendLoc": 46.5, "ZendLoc": 3.8, "Goal": 0}, "12": {"XdistToGoal": 16.099999999999994, "YdistToGoal": 11.600000000000001, "Head": 0, "LeftFoot": 0, "RightFoot": 0, "OtherBodyPart": 1, "YendLoc": 38.3, "ZendLoc": 2.1, "Goal": 0}, "13": {"XdistToGoal": 32.0, "YdistToGoal": 0.0, "Head": 0, "LeftFoot": 0, "RightFoot": 0, "OtherBodyPart": 1, "YendLoc": 37.4, "ZendLoc": 5.8, "Goal": 0}, "14": {"XdistToGoal": 7.400000000000006, "YdistToGoal": 4.200000000000003, "Head": 0, "LeftFoot": 0, "RightFoot": 0, "OtherBodyPart": 1, "YendLoc": 38.8, "ZendLoc": 3.7, "Goal": 0}, "15": {"XdistToGoal": 20.400000000000006, "YdistToGoal": 12.700000000000003, "Head": 0, "LeftFoot": 0, "RightFoot": 0, "OtherBodyPart": 1, "YendLoc": 42.8, "ZendLoc": 42.8, "Goal": 0}, "16": {"XdistToGoal": 31.5, "YdistToGoal": 1.2000000000000028, "Head": 0, "LeftFoot": 0, "RightFoot": 0, "OtherBodyPart": 1, "YendLoc": 31.9, "ZendLoc": 0.9, "Goal": 0}, "17": {"XdistToGoal": 17.799999999999997, "YdistToGoal": 6.0, "Head": 0, "LeftFoot": 0, "RightFoot": 0, "OtherBodyPart": 1, "YendLoc": 37.3, "ZendLoc": 0.9, "Goal": 1}, "18": {"XdistToGoal": 16.200000000000003, "YdistToGoal": 11.399999999999999, "Head": 1, "LeftFoot": 0, "RightFoot": 0, "OtherBodyPart": 0, "YendLoc": 25.5, "ZendLoc": 25.5, "Goal": 0}, "19": {"XdistToGoal": 22.599999999999994, "YdistToGoal": 10.600000000000001, "Head": 0, "LeftFoot": 0, "RightFoot": 0, "OtherBodyPart": 1, "YendLoc": 43.2, "ZendLoc": 5.3, "Goal": 0}, "20": {"XdistToGoal": 6.200000000000003, "YdistToGoal": 2.200000000000003, "Head": 1, "LeftFoot": 0, "RightFoot": 0, "OtherBodyPart": 0, "YendLoc": 45.9, "ZendLoc": 2.4, "Goal": 0}}