{"0": {"XdistToGoal": 6.700000000000003, "YdistToGoal": 9.899999999999999, "Head": 0, "LeftFoot": 0, "RightFoot": 0, "OtherBodyPart": 1, "YendLoc": 37.0, "ZendLoc": 0.3, "Goal": 1}, "1": {"XdistToGoal": 27.700000000000003, "YdistToGoal": 4.100000000000001, "Head": 0, "LeftFoot": 0, "RightFoot": 0, "OtherBodyPart": 1, "YendLoc": 42.7, "ZendLoc": 42.7, "Goal": 0}, "2": {"XdistToGoal": 5.900000000000006, "YdistToGoal": 3.8999999999999986, "Head": 1, "LeftFoot": 0, "RightFoot": 0, "OtherBodyPart": 0, "YendLoc": 44.4, "ZendLoc": 0.9, "Goal": 0}, "3": {"XdistToGoal": 28.200000000000003, "YdistToGoal": 12.700000000000003, "Head": 0, "LeftFoot": 0, "RightFoot": 0, "OtherBodyPart": 1, "YendLoc": 32.5, "ZendLoc": 0.5, "Goal": 0}, "4": {"XdistToGoal": 16.299999999999997, "YdistToGoal": 1.1000000000000014, "Head": 0, "LeftFoot": 0, "RightFoot": 0, "OtherBodyPart": 1, "YendLoc": 42.0, "ZendLoc": 42.0, "Goal": 0}, "5": {"XdistToGoal": 14.200000000000003, "YdistToGoal": 13.399999999999999, "Head": 0, "LeftFoot": 0, "RightFoot": 0, "OtherBodyPart": 1, "YendLoc": 37.3, "ZendLoc": 6.3, "Goal": 0}, "6": {"XdistToGoal": 24.700000000000003, "YdistToGoal": 10.799999999999997, "Head": 0, "LeftFoot": 0, "RightFoot": 0, "OtherBodyPart": 1, "YendLoc": 37.2, "ZendLoc": 5.6, "Goal": 0}, "7": {"XdistToGoal": 19.799999999999997, "YdistToGoal": 15.399999999999999, "Head": 0, "LeftFoot": 0, "RightFoot": 0, "OtherBodyPart": 1, "YendLoc": 41.6, "ZendLoc": 4.1, "Goal": 0}, "8": {"XdistToGoal": 16.200000000000003, "YdistToGoal": 10.8, "Head": 0, "LeftFoot": 0, "RightFoot": 0, "OtherBodyPart": 1, "YendLoc": 32.9, "ZendLoc": 32.9, "Goal": 0}, "9": {"XdistToGoal": 13.700000000000003, "YdistToGoal": 1.7999999999999972, "Head": 0, "LeftFoot": 0, "RightFoot": 0, "OtherBodyPart": 1, "YendLoc": 38.5, "ZendLoc": 1.6, "Goal": 0}, "10": {"XdistToGoal": 4.599999999999994, "YdistToGoal": 2.5, "Head": 1, "LeftFoot": 0, "RightFoot": 0, "OtherBodyPart": 0, "YendLoc": 38.4, "ZendLoc": 2.2, "Goal": 1}, "11": {"XdistToGoal": 16.400000000000006, "YdistToGoal": 7.5, "Head": 0, "LeftFoot": 0, "RightFoot": 0, "OtherBodyPart": 1, "YendLoc": 47.1, "ZendLoc": 47.1, "Goal": 0}, "12": {"XdistToGoal": 9.200000000000003, "YdistToGoal": 15.299999999999997, "Head": 0, "LeftFoot": 0, "RightFoot": 0, "OtherBodyPart": 1, "YendLoc": 43.7, "ZendLoc": 1.3, "Goal": 0}, "13": {"XdistToGoal": 25.299999999999997, "YdistToGoal": 15.799999999999997, "Head": 0, "LeftFoot": 0, "RightFoot": 0, "OtherBodyPart": 1, "YendLoc": 45.3, "ZendLoc": 0.2, "Goal": 0}, "14": {"XdistToGoal": 10.900000000000006, "YdistToGoal": 6.799999999999997, "Head": 0, "LeftFoot": 0, "RightFoot": 0, "OtherBodyPart": 1, "YendLoc": 37.5, "ZendLoc": 1.4, "Goal": 1}, "15": {"XdistToGoal": 29.400000000000006, "YdistToGoal": 10.299999999999997, "Head": 0, "LeftFoot": 0, "RightFoot": 0, "OtherBodyPart": 1, "YendLoc": 37.7, "ZendLoc": 0.9, "Goal": 0}, "16": {"XdistToGoal": 8.299999999999997, "YdistToGoal": 1.2999999999999972, "Head": 0, "LeftFoot": 0, "RightFoot": 0, "OtherBodyPart": 1, "YendLoc": 39.4, "ZendLoc": 0.8, "Goal": 0}, "17": {"XdistToGoal": 12.400000000000006, "YdistToGoal": 8.8, "Head": 0, "LeftFoot": 0, "RightFoot": 0, "OtherBodyPart": 1, "YendLoc": 34.2, "ZendLoc": 34.2, "Goal": 0}, "18": {"XdistToGoal": 12.599999999999994, "YdistToGoal": 7.0, "Head": 0, "LeftFoot": 0, "RightFoot": 0, "OtherBodyPart": 1, "YendLoc": 34.3, "ZendLoc": 34.3, "Goal": 0}, "19": {"XdistToGoal": 12.099999999999994, "YdistToGoal": 13.899999999999999, "Head": 0, "LeftFoot": 0, "RightFoot": 0, "OtherBodyPart": 1, "YendLoc": 44.3, "ZendLoc": 2.3, "Goal": 0}, "20": {"XdistToGoal": 29.799999999999997, "YdistToGoal": 2.799999999999997, "Head": 0, "LeftFoot": 0, "RightFoot": 0, "OtherBodyPart": 1, "YendLoc": 36.5, "ZendLoc": 6.0, "Goal": 0}, "21": {"XdistToGoal": 23.900000000000006, "YdistToGoal": 7.0, "Head": 0, "LeftFoot": 0, "RightFoot": 0, "OtherBodyPart": 1, "YendLoc": 41.4, "ZendLoc": 41.4, "Goal": 0}, "22": {"XdistToGoal": 9.799999999999997, "YdistToGoal": 8.200000000000003, "Head": 0, "LeftFoot": 0, "RightFoot": 0, "OtherBodyPart": 1, "YendLoc": 38.0, "ZendLoc": 5.3, "Goal": 0}, "23": {"XdistToGoal": 18.099999999999994, "YdistToGoal": 13.100000000000001, "Head": 0, "LeftFoot": 0, "RightFoot": 0, "OtherBodyPart": 1, "YendLoc": 31.4, "ZendLoc": 0.2, "Goal": 0}, "24": {"XdistToGoal": 34.099999999999994, "YdistToGoal": 8.0, "Head": 0, "LeftFoot": 0, "RightFoot": 0, "OtherBodyPart": 1, "YendLoc": 36.3, "ZendLoc": 6.1, "Goal": 0}, "25": {"XdistToGoal": 13.599999999999994, "YdistToGoal": 7.0, "Head": 0, "LeftFoot": 0, "RightFoot": 0, "OtherBodyPart": 1, "YendLoc": 35.8, "ZendLoc": 1.7, "Goal": 0}, "26": {"XdistToGoal": 7.900000000000006, "YdistToGoal": 8.200000000000003, "Head": 0, "LeftFoot": 0, "RightFoot": 0, "OtherBodyPart": 1, "YendLoc": 41.9, "ZendLoc": 0.2, "Goal": 1}, "27": {"XdistToGoal": 6.099999999999994, "YdistToGoal": 0.7000000000000028, "Head": 0, "LeftFoot": 0, "RightFoot": 0, "OtherBodyPart": 1, "YendLoc": 39.2, "ZendLoc": 2.5, "Goal": 1}, "28": {"XdistToGoal": 30.200000000000003, "YdistToGoal": 5.100000000000001, "Head": 0, "LeftFoot": 0, "RightFoot": 0, "OtherBodyPart": 1, "YendLoc": 34.7, "ZendLoc": 0.2, "Goal": 0}}