{"0": {"XdistToGoal": 23.099999999999994, "YdistToGoal": 8.0, "Head": 0, "LeftFoot": 0, "RightFoot": 0, "OtherBodyPart": 1, "YendLoc": 42.1, "ZendLoc": 0.2, "Goal": 0}, "1": {"XdistToGoal": 12.900000000000006, "YdistToGoal": 7.399999999999999, "Head": 0, "LeftFoot": 0, "RightFoot": 0, "OtherBodyPart": 1, "YendLoc": 37.3, "ZendLoc": 0.2, "Goal": 1}, "2": {"XdistToGoal": 9.400000000000006, "YdistToGoal": 13.299999999999997, "Head": 0, "LeftFoot": 0, "RightFoot": 0, "OtherBodyPart": 1, "YendLoc": 38.4, "ZendLoc": 2.0, "Goal": 1}, "3": {"XdistToGoal": 5.5, "YdistToGoal": 13.899999999999999, "Head": 0, "LeftFoot": 0, "RightFoot": 0, "OtherBodyPart": 1, "YendLoc": 42.3, "ZendLoc": 0.2, "Goal": 1}, "4": {"XdistToGoal": 22.299999999999997, "YdistToGoal": 1.5, "Head": 0, "LeftFoot": 0, "RightFoot": 0, "OtherBodyPart": 1, "YendLoc": 39.1, "ZendLoc": 0.3, "Goal": 0}, "5": {"XdistToGoal": 12.200000000000003, "YdistToGoal": 0.20000000000000284, "Head": 0, "LeftFoot": 0, "RightFoot": 0, "OtherBodyPart": 1, "YendLoc": 45.5, "ZendLoc": 1.3, "Goal": 0}, "6": {"XdistToGoal": 26.200000000000003, "YdistToGoal": 7.100000000000001, "Head": 0, "LeftFoot": 0, "RightFoot": 0, "OtherBodyPart": 1, "YendLoc": 33.6, "ZendLoc": 33.6, "Goal": 0}, "7": {"XdistToGoal": 29.200000000000003, "YdistToGoal": 13.700000000000003, "Head": 0, "LeftFoot": 0, "RightFoot": 0, "OtherBodyPart": 1, "YendLoc": 50.5, "ZendLoc": 50.5, "Goal": 0}, "8": {"XdistToGoal": 6.099999999999994, "YdistToGoal": 6.100000000000001, "Head": 1, "LeftFoot": 0, "RightFoot": 0, "OtherBodyPart": 0, "YendLoc": 39.9, "ZendLoc": 39.9, "Goal": 0}, "9": {"XdistToGoal": 6.200000000000003, "YdistToGoal": 0.6000000000000014, "Head": 1, "LeftFoot": 0, "RightFoot": 0, "OtherBodyPart": 0, "YendLoc": 40.8, "ZendLoc": 40.8, "Goal": 0}, "10": {"XdistToGoal": 12.900000000000006, "YdistToGoal": 9.8, "Head": 0, "LeftFoot": 0, "RightFoot": 0, "OtherBodyPart": 1, "YendLoc": 32.1, "ZendLoc": 32.1, "Goal": 0}, "11": {"XdistToGoal": 9.400000000000006, "YdistToGoal": 17.299999999999997, "Head": 0, "LeftFoot": 0, "RightFoot": 0, "OtherBodyPart": 1, "YendLoc": 31.8, "ZendLoc": 0.2, "Goal": 0}, "12": {"XdistToGoal": 31.099999999999994, "YdistToGoal": 9.399999999999999, "Head": 0, "LeftFoot": 0, "RightFoot": 0, "OtherBodyPart": 1, "YendLoc": 47.1, "ZendLoc": 47.1, "Goal": 0}, "13": {"XdistToGoal": 11.599999999999994, "YdistToGoal": 5.200000000000003, "Head": 0, "LeftFoot": 0, "RightFoot": 0, "OtherBodyPart": 1, "YendLoc": 33.6, "ZendLoc": 0.3, "Goal": 0}, "14": {"XdistToGoal": 17.700000000000003, "YdistToGoal": 15.899999999999999, "Head": 0, "LeftFoot": 0, "RightFoot": 0, "OtherBodyPart": 1, "YendLoc": 42.4, "ZendLoc": 6.1, "Goal": 0}, "15": {"XdistToGoal": 18.700000000000003, "YdistToGoal": 3.700000000000003, "Head": 0, "LeftFoot": 0, "RightFoot": 0, "OtherBodyPart": 1, "YendLoc": 42.8, "ZendLoc": 4.7, "Goal": 0}, "16": {"XdistToGoal": 3.700000000000003, "YdistToGoal": 4.200000000000003, "Head": 1, "LeftFoot": 0, "RightFoot": 0, "OtherBodyPart": 0, "YendLoc": 36.0, "ZendLoc": 7.1, "Goal": 0}, "17": {"XdistToGoal": 25.299999999999997, "YdistToGoal": 2.1000000000000014, "Head": 0, "LeftFoot": 0, "RightFoot": 0, "OtherBodyPart": 1, "YendLoc": 29.0, "ZendLoc": 0.3, "Goal": 0}, "18": {"XdistToGoal": 11.599999999999994, "YdistToGoal": 8.700000000000003, "Head": 0, "LeftFoot": 0, "RightFoot": 0, "OtherBodyPart": 1, "YendLoc": 42.1, "ZendLoc": 5.4, "Goal": 0}}