{"0": {"XdistToGoal": 10.799999999999997, "YdistToGoal": 9.700000000000003, "Head": 1, "LeftFoot": 0, "RightFoot": 0, "OtherBodyPart": 0, "YendLoc": 49.3, "ZendLoc": 1.7, "Goal": 0}, "1": {"XdistToGoal": 23.400000000000006, "YdistToGoal": 7.299999999999997, "Head": 0, "LeftFoot": 0, "RightFoot": 0, "OtherBodyPart": 1, "YendLoc": 38.2, "ZendLoc": 1.9, "Goal": 0}, "2": {"XdistToGoal": 13.299999999999997, "YdistToGoal": 8.399999999999999, "Head": 0, "LeftFoot": 0, "RightFoot": 0, "OtherBodyPart": 1, "YendLoc": 40.4, "ZendLoc": 5.0, "Goal": 0}, "3": {"XdistToGoal": 11.900000000000006, "YdistToGoal": 0.10000000000000142, "Head": 0, "LeftFoot": 0, "RightFoot": 0, "OtherBodyPart": 1, "YendLoc": 43.4, "ZendLoc": 2.0, "Goal": 1}, "4": {"XdistToGoal": 18.400000000000006, "YdistToGoal": 6.299999999999997, "Head": 0, "LeftFoot": 0, "RightFoot": 0, "OtherBodyPart": 1, "YendLoc": 36.8, "ZendLoc": 0.3, "Goal": 1}, "5": {"XdistToGoal": 28.400000000000006, "YdistToGoal": 16.0, "Head": 0, "LeftFoot": 0, "RightFoot": 0, "OtherBodyPart": 1, "YendLoc": 39.9, "ZendLoc": 2.0, "Goal": 0}, "6": {"XdistToGoal": 15.200000000000003, "YdistToGoal": 1.0, "Head": 0, "LeftFoot": 0, "RightFoot": 0, "OtherBodyPart": 1, "YendLoc": 40.6, "ZendLoc": 2.9, "Goal": 0}, "7": {"XdistToGoal": 5.200000000000003, "YdistToGoal": 5.299999999999997, "Head": 0, "LeftFoot": 0, "RightFoot": 0, "OtherBodyPart": 1, "YendLoc": 35.1, "ZendLoc": 35.1, "Goal": 0}, "8": {"XdistToGoal": 21.799999999999997, "YdistToGoal": 2.200000000000003, "Head": 0, "LeftFoot": 0, "RightFoot": 0, "OtherBodyPart": 1, "YendLoc": 43.8, "ZendLoc": 3.9, "Goal": 0}, "9": {"XdistToGoal": 17.599999999999994, "YdistToGoal": 10.899999999999999, "Head": 0, "LeftFoot": 0, "RightFoot": 0, "OtherBodyPart": 1, "YendLoc": 37.9, "ZendLoc": 0.2, "Goal": 0}, "10": {"XdistToGoal": 18.599999999999994, "YdistToGoal": 20.0, "Head": 0, "LeftFoot": 0, "RightFoot": 0, "OtherBodyPart": 1, "YendLoc": 46.7, "ZendLoc": 5.3, "Goal": 0}, "11": {"XdistToGoal": 11.200000000000003, "YdistToGoal": 8.799999999999997, "Head": 1, "LeftFoot": 0, "RightFoot": 0, "OtherBodyPart": 0, "YendLoc": 47.0, "ZendLoc": 47.0, "Goal": 0}, "12": {"XdistToGoal": 16.299999999999997, "YdistToGoal": 12.8, "Head": 0, "LeftFoot": 0, "RightFoot": 0, "OtherBodyPart": 1, "YendLoc": 48.0, "ZendLoc": 1.3, "Goal": 0}, "13": {"XdistToGoal": 10.099999999999994, "YdistToGoal": 2.1000000000000014, "Head": 1, "LeftFoot": 0, "RightFoot": 0, "OtherBodyPart": 0, "YendLoc": 43.5, "ZendLoc": 0.2, "Goal": 1}, "14": {"XdistToGoal": 27.5, "YdistToGoal": 3.299999999999997, "Head": 0, "LeftFoot": 0, "RightFoot": 0, "OtherBodyPart": 1, "YendLoc": 37.1, "ZendLoc": 0.6, "Goal": 0}, "15": {"XdistToGoal": 13.0, "YdistToGoal": 5.799999999999997, "Head": 0, "LeftFoot": 0, "RightFoot": 0, "OtherBodyPart": 1, "YendLoc": 34.6, "ZendLoc": 0.2, "Goal": 0}, "16": {"XdistToGoal": 23.799999999999997, "YdistToGoal": 12.600000000000001, "Head": 0, "LeftFoot": 0, "RightFoot": 0, "OtherBodyPart": 1, "YendLoc": 49.7, "ZendLoc": 49.7, "Goal": 0}, "17": {"XdistToGoal": 34.8, "YdistToGoal": 5.0, "Head": 0, "LeftFoot": 0, "RightFoot": 0, "OtherBodyPart": 1, "YendLoc": 45.1, "ZendLoc": 5.6, "Goal": 0}, "18": {"XdistToGoal": 5.400000000000006, "YdistToGoal": 13.799999999999997, "Head": 1, "LeftFoot": 0, "RightFoot": 0, "OtherBodyPart": 0, "YendLoc": 46.2, "ZendLoc": 4.7, "Goal": 0}}