{"0": {"XdistToGoal": 6.099999999999994, "YdistToGoal": 9.100000000000001, "Head": 0, "LeftFoot": 0, "RightFoot": 0, "OtherBodyPart": 1, "YendLoc": 40.9, "ZendLoc": 2.1, "Goal": 1}, "1": {"XdistToGoal": 28.200000000000003, "YdistToGoal": 19.700000000000003, "Head": 0, "LeftFoot": 0, "RightFoot": 0, "OtherBodyPart": 1, "YendLoc": 47.2, "ZendLoc": 0.1, "Goal": 0}, "2": {"XdistToGoal": 11.900000000000006, "YdistToGoal": 0.10000000000000142, "Head": 0, "LeftFoot": 0, "RightFoot": 0, "OtherBodyPart": 1, "YendLoc": 36.8, "ZendLoc": 0.1, "Goal": 1}, "3": {"XdistToGoal": 2.799999999999997, "YdistToGoal": 13.200000000000003, "Head": 0, "LeftFoot": 0, "RightFoot": 0, "OtherBodyPart": 1, "YendLoc": 44.5, "ZendLoc": 0.1, "Goal": 0}, "4": {"XdistToGoal": 8.799999999999997, "YdistToGoal": 12.399999999999999, "Head": 1, "LeftFoot": 0, "RightFoot": 0, "OtherBodyPart": 0, "YendLoc": 38.8, "ZendLoc": 5.9, "Goal": 0}, "5": {"XdistToGoal": 29.700000000000003, "YdistToGoal": 9.3, "Head": 0, "LeftFoot": 0, "RightFoot": 0, "OtherBodyPart": 1, "YendLoc": 31.1, "ZendLoc": 31.1, "Goal": 0}, "6": {"XdistToGoal": 5.5, "YdistToGoal": 2.1000000000000014, "Head": 0, "LeftFoot": 0, "RightFoot": 0, "OtherBodyPart": 1, "YendLoc": 40.1, "ZendLoc": 6.1, "Goal": 0}, "7": {"XdistToGoal": 13.799999999999997, "YdistToGoal": 10.299999999999997, "Head": 0, "LeftFoot": 0, "RightFoot": 0, "OtherBodyPart": 1, "YendLoc": 40.7, "ZendLoc": 0.2, "Goal": 0}, "8": {"XdistToGoal": 25.599999999999994, "YdistToGoal": 15.8, "Head": 0, "LeftFoot": 0, "RightFoot": 0, "OtherBodyPart": 1, "YendLoc": 53.0, "ZendLoc": 2.0, "Goal": 0}, "9": {"XdistToGoal": 9.099999999999994, "YdistToGoal": 3.1000000000000014, "Head": 1, "LeftFoot": 0, "RightFoot": 0, "OtherBodyPart": 0, "YendLoc": 42.7, "ZendLoc": 42.7, "Goal": 0}, "10": {"XdistToGoal": 5.299999999999997, "YdistToGoal": 2.5, "Head": 1, "LeftFoot": 0, "RightFoot": 0, "OtherBodyPart": 0, "YendLoc": 40.7, "ZendLoc": 2.0, "Goal": 0}, "11": {"XdistToGoal": 3.9000000000000057, "YdistToGoal": 1.2999999999999972, "Head": 1, "LeftFoot": 0, "RightFoot": 0, "OtherBodyPart": 0, "YendLoc": 37.3, "ZendLoc": 37.3, "Goal": 0}, "12": {"XdistToGoal": 7.400000000000006, "YdistToGoal": 24.1, "Head": 0, "LeftFoot": 0, "RightFoot": 0, "OtherBodyPart": 1, "YendLoc": 32.8, "ZendLoc": 32.8, "Goal": 0}, "13": {"XdistToGoal": 8.799999999999997, "YdistToGoal": 0.6000000000000014, "Head": 0, "LeftFoot": 0, "RightFoot": 0, "OtherBodyPart": 1, "YendLoc": 42.1, "ZendLoc": 0.2, "Goal": 1}, "14": {"XdistToGoal": 10.099999999999994, "YdistToGoal": 15.100000000000001, "Head": 0, "LeftFoot": 0, "RightFoot": 0, "OtherBodyPart": 1, "YendLoc": 36.7, "ZendLoc": 0.3, "Goal": 0}, "15": {"XdistToGoal": 30.0, "YdistToGoal": 9.3, "Head": 0, "LeftFoot": 0, "RightFoot": 0, "OtherBodyPart": 1, "YendLoc": 31.1, "ZendLoc": 31.1, "Goal": 0}, "16": {"XdistToGoal": 7.5, "YdistToGoal": 8.299999999999997, "Head": 0, "LeftFoot": 0, "RightFoot": 0, "OtherBodyPart": 1, "YendLoc": 23.1, "ZendLoc": 1.7, "Goal": 0}, "17": {"XdistToGoal": 2.5, "YdistToGoal": 8.200000000000003, "Head": 0, "LeftFoot": 0, "RightFoot": 0, "OtherBodyPart": 1, "YendLoc": 36.5, "ZendLoc": 2.1, "Goal": 1}, "18": {"XdistToGoal": 13.0, "YdistToGoal": 10.799999999999997, "Head": 0, "LeftFoot": 0, "RightFoot": 0, "OtherBodyPart": 1, "YendLoc": 50.4, "ZendLoc": 50.4, "Goal": 0}}