{"0": {"XdistToGoal": 8.900000000000006, "YdistToGoal": 4.700000000000003, "Head": 0, "LeftFoot": 0, "RightFoot": 0, "OtherBodyPart": 1, "YendLoc": 35.6, "ZendLoc": 35.6, "Goal": 0}, "1": {"XdistToGoal": 4.599999999999994, "YdistToGoal": 4.0, "Head": 0, "LeftFoot": 0, "RightFoot": 0, "OtherBodyPart": 1, "YendLoc": 43.2, "ZendLoc": 0.6, "Goal": 0}, "2": {"XdistToGoal": 12.099999999999994, "YdistToGoal": 5.700000000000003, "Head": 0, "LeftFoot": 0, "RightFoot": 0, "OtherBodyPart": 1, "YendLoc": 42.9, "ZendLoc": 0.9, "Goal": 0}, "3": {"XdistToGoal": 35.5, "YdistToGoal": 1.7999999999999972, "Head": 0, "LeftFoot": 0, "RightFoot": 0, "OtherBodyPart": 1, "YendLoc": 32.9, "ZendLoc": 0.9, "Goal": 0}, "4": {"XdistToGoal": 14.099999999999994, "YdistToGoal": 0.3999999999999986, "Head": 0, "LeftFoot": 0, "RightFoot": 0, "OtherBodyPart": 1, "YendLoc": 39.6, "ZendLoc": 39.6, "Goal": 0}, "5": {"XdistToGoal": 13.400000000000006, "YdistToGoal": 1.6000000000000014, "Head": 0, "LeftFoot": 0, "RightFoot": 0, "OtherBodyPart": 1, "YendLoc": 46.0, "ZendLoc": 1.3, "Goal": 0}, "6": {"XdistToGoal": 3.799999999999997, "YdistToGoal": 2.8999999999999986, "Head": 1, "LeftFoot": 0, "RightFoot": 0, "OtherBodyPart": 0, "YendLoc": 37.0, "ZendLoc": 1.8, "Goal": 0}, "7": {"XdistToGoal": 18.700000000000003, "YdistToGoal": 22.9, "Head": 0, "LeftFoot": 0, "RightFoot": 0, "OtherBodyPart": 1, "YendLoc": 34.8, "ZendLoc": 0.3, "Goal": 0}, "8": {"XdistToGoal": 26.099999999999994, "YdistToGoal": 6.299999999999997, "Head": 0, "LeftFoot": 0, "RightFoot": 0, "OtherBodyPart": 1, "YendLoc": 41.0, "ZendLoc": 0.2, "Goal": 0}, "9": {"XdistToGoal": 35.099999999999994, "YdistToGoal": 5.100000000000001, "Head": 0, "LeftFoot": 0, "RightFoot": 0, "OtherBodyPart": 1, "YendLoc": 47.7, "ZendLoc": 3.5, "Goal": 0}, "10": {"XdistToGoal": 15.900000000000006, "YdistToGoal": 8.299999999999997, "Head": 0, "LeftFoot": 0, "RightFoot": 0, "OtherBodyPart": 1, "YendLoc": 47.1, "ZendLoc": 0.7, "Goal": 0}, "11": {"XdistToGoal": 9.0, "YdistToGoal": 5.100000000000001, "Head": 0, "LeftFoot": 0, "RightFoot": 0, "OtherBodyPart": 1, "YendLoc": 44.9, "ZendLoc": 44.9, "Goal": 0}, "12": {"XdistToGoal": 23.299999999999997, "YdistToGoal": 18.700000000000003, "Head": 0, "LeftFoot": 0, "RightFoot": 0, "OtherBodyPart": 1, "YendLoc": 27.5, "ZendLoc": 5.6, "Goal": 0}, "13": {"XdistToGoal": 10.700000000000003, "YdistToGoal": 1.7999999999999972, "Head": 0, "LeftFoot": 0, "RightFoot": 0, "OtherBodyPart": 1, "YendLoc": 41.5, "ZendLoc": 41.5, "Goal": 0}, "14": {"XdistToGoal": 25.200000000000003, "YdistToGoal": 3.799999999999997, "Head": 0, "LeftFoot": 0, "RightFoot": 0, "OtherBodyPart": 1, "YendLoc": 46.0, "ZendLoc": 5.4, "Goal": 0}, "15": {"XdistToGoal": 11.900000000000006, "YdistToGoal": 13.600000000000001, "Head": 0, "LeftFoot": 0, "RightFoot": 0, "OtherBodyPart": 1, "YendLoc": 28.7, "ZendLoc": 28.7, "Goal": 0}, "16": {"XdistToGoal": 8.299999999999997, "YdistToGoal": 3.8999999999999986, "Head": 0, "LeftFoot": 0, "RightFoot": 0, "OtherBodyPart": 1, "YendLoc": 43.4, "ZendLoc": 43.4, "Goal": 0}, "17": {"XdistToGoal": 21.0, "YdistToGoal": 4.600000000000001, "Head": 0, "LeftFoot": 0, "RightFoot": 0, "OtherBodyPart": 1, "YendLoc": 37.2, "ZendLoc": 37.2, "Goal": 0}, "18": {"XdistToGoal": 5.400000000000006, "YdistToGoal": 3.200000000000003, "Head": 1, "LeftFoot": 0, "RightFoot": 0, "OtherBodyPart": 0, "YendLoc": 45.8, "ZendLoc": 1.6, "Goal": 0}, "19": {"XdistToGoal": 14.900000000000006, "YdistToGoal": 10.399999999999999, "Head": 0, "LeftFoot": 0, "RightFoot": 0, "OtherBodyPart": 1, "YendLoc": 31.3, "ZendLoc": 31.3, "Goal": 0}, "20": {"XdistToGoal": 7.0, "YdistToGoal": 5.0, "Head": 0, "LeftFoot": 0, "RightFoot": 0, "OtherBodyPart": 1, "YendLoc": 44.4, "ZendLoc": 44.4, "Goal": 0}, "21": {"XdistToGoal": 5.0, "YdistToGoal": 8.299999999999997, "Head": 0, "LeftFoot": 0, "RightFoot": 0, "OtherBodyPart": 1, "YendLoc": 44.7, "ZendLoc": 4.4, "Goal": 0}, "22": {"XdistToGoal": 12.599999999999994, "YdistToGoal": 3.299999999999997, "Head": 1, "LeftFoot": 0, "RightFoot": 0, "OtherBodyPart": 0, "YendLoc": 45.7, "ZendLoc": 1.4, "Goal": 0}, "23": {"XdistToGoal": 12.299999999999997, "YdistToGoal": 13.8, "Head": 0, "LeftFoot": 0, "RightFoot": 0, "OtherBodyPart": 1, "YendLoc": 29.8, "ZendLoc": 29.8, "Goal": 0}, "24": {"XdistToGoal": 24.700000000000003, "YdistToGoal": 5.799999999999997, "Head": 0, "LeftFoot": 0, "RightFoot": 0, "OtherBodyPart": 1, "YendLoc": 44.9, "ZendLoc": 44.9, "Goal": 0}, "25": {"XdistToGoal": 13.400000000000006, "YdistToGoal": 9.700000000000003, "Head": 0, "LeftFoot": 0, "RightFoot": 0, "OtherBodyPart": 1, "YendLoc": 48.7, "ZendLoc": 48.7, "Goal": 0}, "26": {"XdistToGoal": 5.599999999999994, "YdistToGoal": 0.0, "Head": 1, "LeftFoot": 0, "RightFoot": 0, "OtherBodyPart": 0, "YendLoc": 40.2, "ZendLoc": 3.7, "Goal": 0}, "27": {"XdistToGoal": 9.299999999999997, "YdistToGoal": 5.0, "Head": 0, "LeftFoot": 0, "RightFoot": 0, "OtherBodyPart": 1, "YendLoc": 35.3, "ZendLoc": 35.3, "Goal": 0}, "28": {"XdistToGoal": 10.799999999999997, "YdistToGoal": 10.399999999999999, "Head": 0, "LeftFoot": 0, "RightFoot": 0, "OtherBodyPart": 1, "YendLoc": 37.1, "ZendLoc": 6.3, "Goal": 0}, "29": {"XdistToGoal": 9.099999999999994, "YdistToGoal": 2.299999999999997, "Head": 1, "LeftFoot": 0, "RightFoot": 0, "OtherBodyPart": 0, "YendLoc": 42.0, "ZendLoc": 42.0, "Goal": 0}, "30": {"XdistToGoal": 7.900000000000006, "YdistToGoal": 6.299999999999997, "Head": 0, "LeftFoot": 0, "RightFoot": 0, "OtherBodyPart": 1, "YendLoc": 35.4, "ZendLoc": 35.4, "Goal": 0}, "31": {"XdistToGoal": 17.0, "YdistToGoal": 9.0, "Head": 0, "LeftFoot": 0, "RightFoot": 0, "OtherBodyPart": 1, "YendLoc": 27.8, "ZendLoc": 1.0, "Goal": 0}, "32": {"XdistToGoal": 15.299999999999997, "YdistToGoal": 14.8, "Head": 0, "LeftFoot": 0, "RightFoot": 0, "OtherBodyPart": 1, "YendLoc": 26.2, "ZendLoc": 26.2, "Goal": 0}, "33": {"XdistToGoal": 14.5, "YdistToGoal": 3.6000000000000014, "Head": 0, "LeftFoot": 0, "RightFoot": 0, "OtherBodyPart": 1, "YendLoc": 48.7, "ZendLoc": 6.4, "Goal": 0}, "34": {"XdistToGoal": 31.200000000000003, "YdistToGoal": 2.3999999999999986, "Head": 0, "LeftFoot": 0, "RightFoot": 0, "OtherBodyPart": 1, "YendLoc": 41.4, "ZendLoc": 41.4, "Goal": 0}}