{"0": {"XdistToGoal": 16.099999999999994, "YdistToGoal": 12.2, "Head": 0, "LeftFoot": 0, "RightFoot": 0, "OtherBodyPart": 1, "YendLoc": 28.4, "ZendLoc": 28.4, "Goal": 0}, "1": {"XdistToGoal": 18.700000000000003, "YdistToGoal": 4.899999999999999, "Head": 0, "LeftFoot": 0, "RightFoot": 0, "OtherBodyPart": 1, "YendLoc": 36.1, "ZendLoc": 36.1, "Goal": 0}, "2": {"XdistToGoal": 13.0, "YdistToGoal": 0.3999999999999986, "Head": 0, "LeftFoot": 0, "RightFoot": 0, "OtherBodyPart": 1, "YendLoc": 39.7, "ZendLoc": 5.6, "Goal": 0}, "3": {"XdistToGoal": 17.099999999999994, "YdistToGoal": 2.3999999999999986, "Head": 0, "LeftFoot": 0, "RightFoot": 0, "OtherBodyPart": 1, "YendLoc": 42.4, "ZendLoc": 42.4, "Goal": 0}, "4": {"XdistToGoal": 28.400000000000006, "YdistToGoal": 8.899999999999999, "Head": 0, "LeftFoot": 0, "RightFoot": 0, "OtherBodyPart": 1, "YendLoc": 38.3, "ZendLoc": 5.2, "Goal": 0}, "5": {"XdistToGoal": 17.599999999999994, "YdistToGoal": 7.299999999999997, "Head": 0, "LeftFoot": 0, "RightFoot": 0, "OtherBodyPart": 1, "YendLoc": 46.1, "ZendLoc": 0.2, "Goal": 0}, "6": {"XdistToGoal": 12.799999999999997, "YdistToGoal": 2.200000000000003, "Head": 0, "LeftFoot": 0, "RightFoot": 0, "OtherBodyPart": 1, "YendLoc": 42.3, "ZendLoc": 0.2, "Goal": 0}, "7": {"XdistToGoal": 26.400000000000006, "YdistToGoal": 6.700000000000003, "Head": 0, "LeftFoot": 0, "RightFoot": 0, "OtherBodyPart": 1, "YendLoc": 46.2, "ZendLoc": 46.2, "Goal": 0}, "8": {"XdistToGoal": 4.200000000000003, "YdistToGoal": 7.700000000000003, "Head": 1, "LeftFoot": 0, "RightFoot": 0, "OtherBodyPart": 0, "YendLoc": 33.1, "ZendLoc": 33.1, "Goal": 0}, "9": {"XdistToGoal": 28.099999999999994, "YdistToGoal": 1.8999999999999986, "Head": 0, "LeftFoot": 0, "RightFoot": 0, "OtherBodyPart": 1, "YendLoc": 42.2, "ZendLoc": 3.8, "Goal": 0}, "10": {"XdistToGoal": 21.299999999999997, "YdistToGoal": 5.899999999999999, "Head": 0, "LeftFoot": 0, "RightFoot": 0, "OtherBodyPart": 1, "YendLoc": 45.1, "ZendLoc": 45.1, "Goal": 0}, "11": {"XdistToGoal": 11.299999999999997, "YdistToGoal": 7.600000000000001, "Head": 0, "LeftFoot": 0, "RightFoot": 0, "OtherBodyPart": 1, "YendLoc": 33.4, "ZendLoc": 33.4, "Goal": 0}, "12": {"XdistToGoal": 15.200000000000003, "YdistToGoal": 21.5, "Head": 0, "LeftFoot": 0, "RightFoot": 0, "OtherBodyPart": 1, "YendLoc": 37.9, "ZendLoc": 3.8, "Goal": 0}, "13": {"XdistToGoal": 27.799999999999997, "YdistToGoal": 22.3, "Head": 0, "LeftFoot": 0, "RightFoot": 0, "OtherBodyPart": 1, "YendLoc": 52.3, "ZendLoc": 52.3, "Goal": 0}, "14": {"XdistToGoal": 12.099999999999994, "YdistToGoal": 7.100000000000001, "Head": 0, "LeftFoot": 0, "RightFoot": 0, "OtherBodyPart": 1, "YendLoc": 39.8, "ZendLoc": 1.0, "Goal": 0}, "15": {"XdistToGoal": 5.299999999999997, "YdistToGoal": 8.8, "Head": 0, "LeftFoot": 0, "RightFoot": 0, "OtherBodyPart": 1, "YendLoc": 43.3, "ZendLoc": 1.6, "Goal": 1}, "16": {"XdistToGoal": 13.900000000000006, "YdistToGoal": 9.0, "Head": 0, "LeftFoot": 0, "RightFoot": 0, "OtherBodyPart": 1, "YendLoc": 35.7, "ZendLoc": 0.4, "Goal": 0}, "17": {"XdistToGoal": 4.700000000000003, "YdistToGoal": 3.3999999999999986, "Head": 1, "LeftFoot": 0, "RightFoot": 0, "OtherBodyPart": 0, "YendLoc": 36.7, "ZendLoc": 0.6, "Goal": 1}, "18": {"XdistToGoal": 35.400000000000006, "YdistToGoal": 1.2000000000000028, "Head": 0, "LeftFoot": 0, "RightFoot": 0, "OtherBodyPart": 1, "YendLoc": 43.0, "ZendLoc": 1.8, "Goal": 0}, "19": {"XdistToGoal": 15.799999999999997, "YdistToGoal": 9.2, "Head": 0, "LeftFoot": 0, "RightFoot": 0, "OtherBodyPart": 1, "YendLoc": 32.4, "ZendLoc": 32.4, "Goal": 0}, "20": {"XdistToGoal": 19.700000000000003, "YdistToGoal": 6.299999999999997, "Head": 0, "LeftFoot": 0, "RightFoot": 0, "OtherBodyPart": 1, "YendLoc": 33.4, "ZendLoc": 0.2, "Goal": 0}, "21": {"XdistToGoal": 17.599999999999994, "YdistToGoal": 2.799999999999997, "Head": 0, "LeftFoot": 0, "RightFoot": 0, "OtherBodyPart": 1, "YendLoc": 33.8, "ZendLoc": 1.3, "Goal": 0}, "22": {"XdistToGoal": 25.700000000000003, "YdistToGoal": 21.8, "Head": 0, "LeftFoot": 0, "RightFoot": 0, "OtherBodyPart": 1, "YendLoc": 40.8, "ZendLoc": 0.7, "Goal": 0}, "23": {"XdistToGoal": 17.799999999999997, "YdistToGoal": 11.899999999999999, "Head": 0, "LeftFoot": 0, "RightFoot": 0, "OtherBodyPart": 1, "YendLoc": 32.7, "ZendLoc": 4.9, "Goal": 0}, "24": {"XdistToGoal": 9.099999999999994, "YdistToGoal": 1.2000000000000028, "Head": 1, "LeftFoot": 0, "RightFoot": 0, "OtherBodyPart": 0, "YendLoc": 37.3, "ZendLoc": 1.4, "Goal": 0}, "25": {"XdistToGoal": 20.0, "YdistToGoal": 9.8, "Head": 0, "LeftFoot": 0, "RightFoot": 0, "OtherBodyPart": 1, "YendLoc": 36.8, "ZendLoc": 36.8, "Goal": 0}, "26": {"XdistToGoal": 10.0, "YdistToGoal": 15.600000000000001, "Head": 0, "LeftFoot": 0, "RightFoot": 0, "OtherBodyPart": 1, "YendLoc": 36.2, "ZendLoc": 0.2, "Goal": 0}}