{"0": {"XdistToGoal": 17.599999999999994, "YdistToGoal": 11.100000000000001, "Head": 0, "LeftFoot": 0, "RightFoot": 0, "OtherBodyPart": 1, "YendLoc": 29.7, "ZendLoc": 29.7, "Goal": 0}, "1": {"XdistToGoal": 31.0, "YdistToGoal": 15.399999999999999, "Head": 0, "LeftFoot": 0, "RightFoot": 0, "OtherBodyPart": 1, "YendLoc": 50.9, "ZendLoc": 50.9, "Goal": 0}, "2": {"XdistToGoal": 27.700000000000003, "YdistToGoal": 7.5, "Head": 0, "LeftFoot": 0, "RightFoot": 0, "OtherBodyPart": 1, "YendLoc": 36.8, "ZendLoc": 5.6, "Goal": 0}, "3": {"XdistToGoal": 19.200000000000003, "YdistToGoal": 0.29999999999999716, "Head": 0, "LeftFoot": 0, "RightFoot": 0, "OtherBodyPart": 1, "YendLoc": 14.0, "ZendLoc": 14.0, "Goal": 0}, "4": {"XdistToGoal": 26.200000000000003, "YdistToGoal": 0.7000000000000028, "Head": 0, "LeftFoot": 0, "RightFoot": 0, "OtherBodyPart": 1, "YendLoc": 41.7, "ZendLoc": 5.1, "Goal": 0}, "5": {"XdistToGoal": 15.299999999999997, "YdistToGoal": 8.899999999999999, "Head": 0, "LeftFoot": 0, "RightFoot": 0, "OtherBodyPart": 1, "YendLoc": 41.4, "ZendLoc": 2.4, "Goal": 1}, "6": {"XdistToGoal": 13.900000000000006, "YdistToGoal": 1.2000000000000028, "Head": 0, "LeftFoot": 0, "RightFoot": 0, "OtherBodyPart": 1, "YendLoc": 39.2, "ZendLoc": 39.2, "Goal": 0}, "7": {"XdistToGoal": 23.900000000000006, "YdistToGoal": 17.6, "Head": 0, "LeftFoot": 0, "RightFoot": 0, "OtherBodyPart": 1, "YendLoc": 43.2, "ZendLoc": 43.2, "Goal": 0}, "8": {"XdistToGoal": 24.599999999999994, "YdistToGoal": 12.899999999999999, "Head": 0, "LeftFoot": 0, "RightFoot": 0, "OtherBodyPart": 1, "YendLoc": 46.0, "ZendLoc": 0.7, "Goal": 0}, "9": {"XdistToGoal": 8.799999999999997, "YdistToGoal": 3.8999999999999986, "Head": 0, "LeftFoot": 0, "RightFoot": 0, "OtherBodyPart": 1, "YendLoc": 36.5, "ZendLoc": 36.5, "Goal": 0}, "10": {"XdistToGoal": 31.200000000000003, "YdistToGoal": 10.799999999999997, "Head": 0, "LeftFoot": 0, "RightFoot": 0, "OtherBodyPart": 1, "YendLoc": 41.1, "ZendLoc": 0.5, "Goal": 0}, "11": {"XdistToGoal": 6.799999999999997, "YdistToGoal": 4.0, "Head": 1, "LeftFoot": 0, "RightFoot": 0, "OtherBodyPart": 0, "YendLoc": 27.7, "ZendLoc": 27.7, "Goal": 0}, "12": {"XdistToGoal": 17.299999999999997, "YdistToGoal": 12.0, "Head": 0, "LeftFoot": 0, "RightFoot": 0, "OtherBodyPart": 1, "YendLoc": 37.3, "ZendLoc": 0.6, "Goal": 1}, "13": {"XdistToGoal": 16.599999999999994, "YdistToGoal": 12.200000000000003, "Head": 0, "LeftFoot": 0, "RightFoot": 0, "OtherBodyPart": 1, "YendLoc": 34.6, "ZendLoc": 0.7, "Goal": 0}, "14": {"XdistToGoal": 26.900000000000006, "YdistToGoal": 7.299999999999997, "Head": 0, "LeftFoot": 0, "RightFoot": 0, "OtherBodyPart": 1, "YendLoc": 43.7, "ZendLoc": 3.7, "Goal": 0}, "15": {"XdistToGoal": 10.700000000000003, "YdistToGoal": 11.200000000000003, "Head": 0, "LeftFoot": 0, "RightFoot": 0, "OtherBodyPart": 1, "YendLoc": 50.5, "ZendLoc": 50.5, "Goal": 0}, "16": {"XdistToGoal": 5.599999999999994, "YdistToGoal": 1.7999999999999972, "Head": 0, "LeftFoot": 0, "RightFoot": 0, "OtherBodyPart": 1, "YendLoc": 38.4, "ZendLoc": 4.2, "Goal": 0}, "17": {"XdistToGoal": 23.099999999999994, "YdistToGoal": 3.1000000000000014, "Head": 0, "LeftFoot": 0, "RightFoot": 0, "OtherBodyPart": 1, "YendLoc": 34.1, "ZendLoc": 0.2, "Goal": 0}, "18": {"XdistToGoal": 12.700000000000003, "YdistToGoal": 9.399999999999999, "Head": 0, "LeftFoot": 0, "RightFoot": 0, "OtherBodyPart": 1, "YendLoc": 45.6, "ZendLoc": 45.6, "Goal": 0}, "19": {"XdistToGoal": 20.099999999999994, "YdistToGoal": 10.5, "Head": 0, "LeftFoot": 0, "RightFoot": 0, "OtherBodyPart": 1, "YendLoc": 33.1, "ZendLoc": 6.3, "Goal": 0}, "20": {"XdistToGoal": 17.700000000000003, "YdistToGoal": 2.1000000000000014, "Head": 0, "LeftFoot": 0, "RightFoot": 0, "OtherBodyPart": 1, "YendLoc": 37.5, "ZendLoc": 7.2, "Goal": 0}, "21": {"XdistToGoal": 14.900000000000006, "YdistToGoal": 11.600000000000001, "Head": 0, "LeftFoot": 0, "RightFoot": 0, "OtherBodyPart": 1, "YendLoc": 30.1, "ZendLoc": 30.1, "Goal": 0}, "22": {"XdistToGoal": 4.5, "YdistToGoal": 8.399999999999999, "Head": 1, "LeftFoot": 0, "RightFoot": 0, "OtherBodyPart": 0, "YendLoc": 47.3, "ZendLoc": 4.7, "Goal": 0}}