{"0": {"XdistToGoal": 9.099999999999994, "YdistToGoal": 6.299999999999997, "Head": 1, "LeftFoot": 0, "RightFoot": 0, "OtherBodyPart": 0, "YendLoc": 41.9, "ZendLoc": 1.6, "Goal": 0}, "1": {"XdistToGoal": 8.400000000000006, "YdistToGoal": 12.399999999999999, "Head": 0, "LeftFoot": 0, "RightFoot": 0, "OtherBodyPart": 1, "YendLoc": 36.0, "ZendLoc": 0.4, "Goal": 0}, "2": {"XdistToGoal": 19.5, "YdistToGoal": 0.7999999999999972, "Head": 0, "LeftFoot": 0, "RightFoot": 0, "OtherBodyPart": 1, "YendLoc": 42.4, "ZendLoc": 1.4, "Goal": 1}, "3": {"XdistToGoal": 28.200000000000003, "YdistToGoal": 7.600000000000001, "Head": 0, "LeftFoot": 0, "RightFoot": 0, "OtherBodyPart": 1, "YendLoc": 31.3, "ZendLoc": 0.2, "Goal": 0}, "4": {"XdistToGoal": 25.700000000000003, "YdistToGoal": 3.799999999999997, "Head": 0, "LeftFoot": 0, "RightFoot": 0, "OtherBodyPart": 1, "YendLoc": 32.2, "ZendLoc": 0.2, "Goal": 0}, "5": {"XdistToGoal": 3.5999999999999943, "YdistToGoal": 3.0, "Head": 1, "LeftFoot": 0, "RightFoot": 0, "OtherBodyPart": 0, "YendLoc": 38.1, "ZendLoc": 1.9, "Goal": 1}, "6": {"XdistToGoal": 26.900000000000006, "YdistToGoal": 0.20000000000000284, "Head": 0, "LeftFoot": 0, "RightFoot": 0, "OtherBodyPart": 1, "YendLoc": 36.8, "ZendLoc": 36.8, "Goal": 0}, "7": {"XdistToGoal": 8.900000000000006, "YdistToGoal": 6.799999999999997, "Head": 0, "LeftFoot": 0, "RightFoot": 0, "OtherBodyPart": 1, "YendLoc": 39.7, "ZendLoc": 0.6, "Goal": 0}, "8": {"XdistToGoal": 22.599999999999994, "YdistToGoal": 9.899999999999999, "Head": 0, "LeftFoot": 0, "RightFoot": 0, "OtherBodyPart": 1, "YendLoc": 47.6, "ZendLoc": 7.4, "Goal": 0}, "9": {"XdistToGoal": 5.0, "YdistToGoal": 6.799999999999997, "Head": 1, "LeftFoot": 0, "RightFoot": 0, "OtherBodyPart": 0, "YendLoc": 40.2, "ZendLoc": 4.2, "Goal": 0}, "10": {"XdistToGoal": 6.599999999999994, "YdistToGoal": 9.600000000000001, "Head": 0, "LeftFoot": 0, "RightFoot": 0, "OtherBodyPart": 1, "YendLoc": 40.0, "ZendLoc": 40.0, "Goal": 0}, "11": {"XdistToGoal": 8.900000000000006, "YdistToGoal": 0.7999999999999972, "Head": 0, "LeftFoot": 0, "RightFoot": 0, "OtherBodyPart": 1, "YendLoc": 40.5, "ZendLoc": 40.5, "Goal": 0}, "12": {"XdistToGoal": 17.0, "YdistToGoal": 7.799999999999997, "Head": 0, "LeftFoot": 0, "RightFoot": 0, "OtherBodyPart": 1, "YendLoc": 47.0, "ZendLoc": 47.0, "Goal": 0}, "13": {"XdistToGoal": 19.900000000000006, "YdistToGoal": 9.299999999999997, "Head": 0, "LeftFoot": 0, "RightFoot": 0, "OtherBodyPart": 1, "YendLoc": 48.5, "ZendLoc": 48.5, "Goal": 0}, "14": {"XdistToGoal": 25.200000000000003, "YdistToGoal": 2.700000000000003, "Head": 0, "LeftFoot": 0, "RightFoot": 0, "OtherBodyPart": 1, "YendLoc": 41.9, "ZendLoc": 0.4, "Goal": 0}, "15": {"XdistToGoal": 5.5, "YdistToGoal": 2.1000000000000014, "Head": 1, "LeftFoot": 0, "RightFoot": 0, "OtherBodyPart": 0, "YendLoc": 37.8, "ZendLoc": 1.3, "Goal": 1}, "16": {"XdistToGoal": 12.799999999999997, "YdistToGoal": 10.8, "Head": 0, "LeftFoot": 0, "RightFoot": 0, "OtherBodyPart": 1, "YendLoc": 30.1, "ZendLoc": 30.1, "Goal": 0}, "17": {"XdistToGoal": 11.299999999999997, "YdistToGoal": 9.799999999999997, "Head": 0, "LeftFoot": 0, "RightFoot": 0, "OtherBodyPart": 1, "YendLoc": 49.3, "ZendLoc": 49.3, "Goal": 0}, "18": {"XdistToGoal": 13.900000000000006, "YdistToGoal": 2.0, "Head": 0, "LeftFoot": 0, "RightFoot": 0, "OtherBodyPart": 1, "YendLoc": 41.3, "ZendLoc": 41.3, "Goal": 0}, "19": {"XdistToGoal": 25.799999999999997, "YdistToGoal": 1.7999999999999972, "Head": 0, "LeftFoot": 0, "RightFoot": 0, "OtherBodyPart": 1, "YendLoc": 44.1, "ZendLoc": 0.2, "Goal": 0}, "20": {"XdistToGoal": 18.799999999999997, "YdistToGoal": 8.2, "Head": 0, "LeftFoot": 0, "RightFoot": 0, "OtherBodyPart": 1, "YendLoc": 40.2, "ZendLoc": 0.4, "Goal": 0}, "21": {"XdistToGoal": 14.799999999999997, "YdistToGoal": 7.600000000000001, "Head": 0, "LeftFoot": 0, "RightFoot": 0, "OtherBodyPart": 1, "YendLoc": 33.3, "ZendLoc": 1.0, "Goal": 0}, "22": {"XdistToGoal": 23.400000000000006, "YdistToGoal": 13.600000000000001, "Head": 0, "LeftFoot": 0, "RightFoot": 0, "OtherBodyPart": 1, "YendLoc": 28.6, "ZendLoc": 28.6, "Goal": 0}, "23": {"XdistToGoal": 4.599999999999994, "YdistToGoal": 6.600000000000001, "Head": 1, "LeftFoot": 0, "RightFoot": 0, "OtherBodyPart": 0, "YendLoc": 34.0, "ZendLoc": 34.0, "Goal": 0}, "24": {"XdistToGoal": 5.400000000000006, "YdistToGoal": 12.0, "Head": 0, "LeftFoot": 0, "RightFoot": 0, "OtherBodyPart": 1, "YendLoc": 35.3, "ZendLoc": 0.2, "Goal": 0}, "25": {"XdistToGoal": 6.400000000000006, "YdistToGoal": 6.200000000000003, "Head": 1, "LeftFoot": 0, "RightFoot": 0, "OtherBodyPart": 0, "YendLoc": 34.5, "ZendLoc": 3.4, "Goal": 0}, "26": {"XdistToGoal": 14.599999999999994, "YdistToGoal": 12.299999999999997, "Head": 0, "LeftFoot": 0, "RightFoot": 0, "OtherBodyPart": 1, "YendLoc": 41.8, "ZendLoc": 0.3, "Goal": 0}, "27": {"XdistToGoal": 10.700000000000003, "YdistToGoal": 8.399999999999999, "Head": 0, "LeftFoot": 0, "RightFoot": 0, "OtherBodyPart": 1, "YendLoc": 47.6, "ZendLoc": 47.6, "Goal": 0}, "28": {"XdistToGoal": 7.299999999999997, "YdistToGoal": 11.399999999999999, "Head": 0, "LeftFoot": 0, "RightFoot": 0, "OtherBodyPart": 1, "YendLoc": 30.0, "ZendLoc": 30.0, "Goal": 0}, "29": {"XdistToGoal": 26.099999999999994, "YdistToGoal": 8.3, "Head": 0, "LeftFoot": 0, "RightFoot": 0, "OtherBodyPart": 1, "YendLoc": 39.3, "ZendLoc": 1.8, "Goal": 0}, "30": {"XdistToGoal": 32.900000000000006, "YdistToGoal": 14.8, "Head": 0, "LeftFoot": 0, "RightFoot": 0, "OtherBodyPart": 1, "YendLoc": 39.9, "ZendLoc": 1.3, "Goal": 0}}