{"0": {"XdistToGoal": 13.799999999999997, "YdistToGoal": 21.9, "Head": 0, "LeftFoot": 0, "RightFoot": 0, "OtherBodyPart": 1, "YendLoc": 37.2, "ZendLoc": 0.2, "Goal": 0}, "1": {"XdistToGoal": 25.0, "YdistToGoal": 2.8999999999999986, "Head": 0, "LeftFoot": 0, "RightFoot": 0, "OtherBodyPart": 1, "YendLoc": 42.8, "ZendLoc": 4.3, "Goal": 0}, "2": {"XdistToGoal": 22.099999999999994, "YdistToGoal": 13.700000000000003, "Head": 0, "LeftFoot": 0, "RightFoot": 0, "OtherBodyPart": 1, "YendLoc": 43.6, "ZendLoc": 2.2, "Goal": 0}, "3": {"XdistToGoal": 6.200000000000003, "YdistToGoal": 12.399999999999999, "Head": 0, "LeftFoot": 0, "RightFoot": 0, "OtherBodyPart": 1, "YendLoc": 47.7, "ZendLoc": 5.3, "Goal": 0}, "4": {"XdistToGoal": 11.599999999999994, "YdistToGoal": 2.3999999999999986, "Head": 1, "LeftFoot": 0, "RightFoot": 0, "OtherBodyPart": 0, "YendLoc": 34.9, "ZendLoc": 1.9, "Goal": 0}, "5": {"XdistToGoal": 18.0, "YdistToGoal": 2.1000000000000014, "Head": 0, "LeftFoot": 0, "RightFoot": 0, "OtherBodyPart": 1, "YendLoc": 42.2, "ZendLoc": 42.2, "Goal": 0}, "6": {"XdistToGoal": 9.200000000000003, "YdistToGoal": 7.100000000000001, "Head": 1, "LeftFoot": 0, "RightFoot": 0, "OtherBodyPart": 0, "YendLoc": 37.5, "ZendLoc": 37.5, "Goal": 0}, "7": {"XdistToGoal": 4.299999999999997, "YdistToGoal": 3.299999999999997, "Head": 0, "LeftFoot": 0, "RightFoot": 0, "OtherBodyPart": 1, "YendLoc": 37.0, "ZendLoc": 1.5, "Goal": 0}, "8": {"XdistToGoal": 21.5, "YdistToGoal": 12.899999999999999, "Head": 0, "LeftFoot": 0, "RightFoot": 0, "OtherBodyPart": 1, "YendLoc": 41.4, "ZendLoc": 4.3, "Goal": 0}, "9": {"XdistToGoal": 30.200000000000003, "YdistToGoal": 5.200000000000003, "Head": 0, "LeftFoot": 0, "RightFoot": 0, "OtherBodyPart": 1, "YendLoc": 35.4, "ZendLoc": 0.1, "Goal": 0}, "10": {"XdistToGoal": 9.299999999999997, "YdistToGoal": 1.3999999999999986, "Head": 1, "LeftFoot": 0, "RightFoot": 0, "OtherBodyPart": 0, "YendLoc": 47.8, "ZendLoc": 4.7, "Goal": 0}, "11": {"XdistToGoal": 18.200000000000003, "YdistToGoal": 1.2000000000000028, "Head": 0, "LeftFoot": 0, "RightFoot": 0, "OtherBodyPart": 1, "YendLoc": 35.4, "ZendLoc": 0.1, "Goal": 0}, "12": {"XdistToGoal": 31.700000000000003, "YdistToGoal": 3.799999999999997, "Head": 0, "LeftFoot": 0, "RightFoot": 0, "OtherBodyPart": 1, "YendLoc": 34.0, "ZendLoc": 1.3, "Goal": 0}, "13": {"XdistToGoal": 4.700000000000003, "YdistToGoal": 2.6000000000000014, "Head": 0, "LeftFoot": 0, "RightFoot": 0, "OtherBodyPart": 1, "YendLoc": 36.5, "ZendLoc": 0.3, "Goal": 1}, "14": {"XdistToGoal": 33.7, "YdistToGoal": 2.799999999999997, "Head": 0, "LeftFoot": 0, "RightFoot": 0, "OtherBodyPart": 1, "YendLoc": 35.0, "ZendLoc": 0.2, "Goal": 0}, "15": {"XdistToGoal": 9.799999999999997, "YdistToGoal": 0.8999999999999986, "Head": 1, "LeftFoot": 0, "RightFoot": 0, "OtherBodyPart": 0, "YendLoc": 50.3, "ZendLoc": 1.2, "Goal": 0}, "16": {"XdistToGoal": 13.099999999999994, "YdistToGoal": 14.0, "Head": 0, "LeftFoot": 0, "RightFoot": 0, "OtherBodyPart": 1, "YendLoc": 27.2, "ZendLoc": 27.2, "Goal": 0}, "17": {"XdistToGoal": 8.5, "YdistToGoal": 20.299999999999997, "Head": 0, "LeftFoot": 0, "RightFoot": 0, "OtherBodyPart": 1, "YendLoc": 41.7, "ZendLoc": 2.9, "Goal": 0}, "18": {"XdistToGoal": 3.200000000000003, "YdistToGoal": 0.7000000000000028, "Head": 1, "LeftFoot": 0, "RightFoot": 0, "OtherBodyPart": 0, "YendLoc": 40.1, "ZendLoc": 0.7, "Goal": 1}, "19": {"XdistToGoal": 44.7, "YdistToGoal": 24.5, "Head": 0, "LeftFoot": 0, "RightFoot": 0, "OtherBodyPart": 1, "YendLoc": 41.6, "ZendLoc": 6.0, "Goal": 0}, "20": {"XdistToGoal": 9.599999999999994, "YdistToGoal": 5.0, "Head": 0, "LeftFoot": 0, "RightFoot": 0, "OtherBodyPart": 1, "YendLoc": 39.7, "ZendLoc": 1.0, "Goal": 0}, "21": {"XdistToGoal": 6.299999999999997, "YdistToGoal": 9.8, "Head": 0, "LeftFoot": 0, "RightFoot": 0, "OtherBodyPart": 1, "YendLoc": 33.8, "ZendLoc": 1.3, "Goal": 0}, "22": {"XdistToGoal": 6.200000000000003, "YdistToGoal": 11.100000000000001, "Head": 1, "LeftFoot": 0, "RightFoot": 0, "OtherBodyPart": 0, "YendLoc": 35.3, "ZendLoc": 4.4, "Goal": 0}, "23": {"XdistToGoal": 21.299999999999997, "YdistToGoal": 7.299999999999997, "Head": 0, "LeftFoot": 0, "RightFoot": 0, "OtherBodyPart": 1, "YendLoc": 37.0, "ZendLoc": 1.9, "Goal": 1}, "24": {"XdistToGoal": 7.799999999999997, "YdistToGoal": 0.7999999999999972, "Head": 1, "LeftFoot": 0, "RightFoot": 0, "OtherBodyPart": 0, "YendLoc": 38.0, "ZendLoc": 0.5, "Goal": 1}, "25": {"XdistToGoal": 17.299999999999997, "YdistToGoal": 15.7, "Head": 0, "LeftFoot": 0, "RightFoot": 0, "OtherBodyPart": 1, "YendLoc": 43.5, "ZendLoc": 1.7, "Goal": 1}}