{"0": {"XdistToGoal": 26.099999999999994, "YdistToGoal": 8.600000000000001, "Head": 0, "LeftFoot": 0, "RightFoot": 0, "OtherBodyPart": 1, "YendLoc": 35.2, "ZendLoc": 0.2, "Goal": 0}, "1": {"XdistToGoal": 8.200000000000003, "YdistToGoal": 2.200000000000003, "Head": 0, "LeftFoot": 0, "RightFoot": 0, "OtherBodyPart": 1, "YendLoc": 38.3, "ZendLoc": 0.2, "Goal": 1}, "2": {"XdistToGoal": 11.900000000000006, "YdistToGoal": 0.10000000000000142, "Head": 0, "LeftFoot": 0, "RightFoot": 0, "OtherBodyPart": 1, "YendLoc": 43.2, "ZendLoc": 1.1, "Goal": 1}, "3": {"XdistToGoal": 25.700000000000003, "YdistToGoal": 1.5, "Head": 0, "LeftFoot": 0, "RightFoot": 0, "OtherBodyPart": 1, "YendLoc": 34.4, "ZendLoc": 0.2, "Goal": 0}, "4": {"XdistToGoal": 12.099999999999994, "YdistToGoal": 0.0, "Head": 0, "LeftFoot": 0, "RightFoot": 0, "OtherBodyPart": 1, "YendLoc": 42.6, "ZendLoc": 0.2, "Goal": 0}, "5": {"XdistToGoal": 34.2, "YdistToGoal": 18.0, "Head": 0, "LeftFoot": 0, "RightFoot": 0, "OtherBodyPart": 1, "YendLoc": 40.4, "ZendLoc": 0.9, "Goal": 0}, "6": {"XdistToGoal": 23.099999999999994, "YdistToGoal": 8.2, "Head": 0, "LeftFoot": 0, "RightFoot": 0, "OtherBodyPart": 1, "YendLoc": 39.2, "ZendLoc": 0.9, "Goal": 0}, "7": {"XdistToGoal": 13.599999999999994, "YdistToGoal": 7.600000000000001, "Head": 0, "LeftFoot": 0, "RightFoot": 0, "OtherBodyPart": 1, "YendLoc": 36.7, "ZendLoc": 36.7, "Goal": 0}, "8": {"XdistToGoal": 17.299999999999997, "YdistToGoal": 17.799999999999997, "Head": 0, "LeftFoot": 0, "RightFoot": 0, "OtherBodyPart": 1, "YendLoc": 55.1, "ZendLoc": 55.1, "Goal": 0}, "9": {"XdistToGoal": 6.200000000000003, "YdistToGoal": 11.700000000000003, "Head": 0, "LeftFoot": 0, "RightFoot": 0, "OtherBodyPart": 1, "YendLoc": 50.9, "ZendLoc": 50.9, "Goal": 0}, "10": {"XdistToGoal": 9.799999999999997, "YdistToGoal": 5.600000000000001, "Head": 1, "LeftFoot": 0, "RightFoot": 0, "OtherBodyPart": 0, "YendLoc": 35.2, "ZendLoc": 35.2, "Goal": 0}, "11": {"XdistToGoal": 25.299999999999997, "YdistToGoal": 4.600000000000001, "Head": 0, "LeftFoot": 0, "RightFoot": 0, "OtherBodyPart": 1, "YendLoc": 40.2, "ZendLoc": 4.5, "Goal": 0}, "12": {"XdistToGoal": 20.099999999999994, "YdistToGoal": 12.100000000000001, "Head": 0, "LeftFoot": 0, "RightFoot": 0, "OtherBodyPart": 1, "YendLoc": 29.3, "ZendLoc": 29.3, "Goal": 0}, "13": {"XdistToGoal": 11.599999999999994, "YdistToGoal": 17.799999999999997, "Head": 0, "LeftFoot": 0, "RightFoot": 0, "OtherBodyPart": 1, "YendLoc": 41.5, "ZendLoc": 5.4, "Goal": 0}, "14": {"XdistToGoal": 39.3, "YdistToGoal": 15.200000000000003, "Head": 0, "LeftFoot": 0, "RightFoot": 0, "OtherBodyPart": 1, "YendLoc": 51.1, "ZendLoc": 6.4, "Goal": 0}, "15": {"XdistToGoal": 15.900000000000006, "YdistToGoal": 2.1000000000000014, "Head": 0, "LeftFoot": 0, "RightFoot": 0, "OtherBodyPart": 1, "YendLoc": 29.8, "ZendLoc": 5.2, "Goal": 0}, "16": {"XdistToGoal": 16.299999999999997, "YdistToGoal": 6.200000000000003, "Head": 1, "LeftFoot": 0, "RightFoot": 0, "OtherBodyPart": 0, "YendLoc": 46.7, "ZendLoc": 0.9, "Goal": 0}, "17": {"XdistToGoal": 25.0, "YdistToGoal": 1.2000000000000028, "Head": 0, "LeftFoot": 0, "RightFoot": 0, "OtherBodyPart": 1, "YendLoc": 47.9, "ZendLoc": 0.5, "Goal": 0}, "18": {"XdistToGoal": 21.400000000000006, "YdistToGoal": 6.100000000000001, "Head": 0, "LeftFoot": 0, "RightFoot": 0, "OtherBodyPart": 1, "YendLoc": 45.7, "ZendLoc": 0.4, "Goal": 0}, "19": {"XdistToGoal": 20.599999999999994, "YdistToGoal": 13.200000000000003, "Head": 0, "LeftFoot": 0, "RightFoot": 0, "OtherBodyPart": 1, "YendLoc": 42.8, "ZendLoc": 0.5, "Goal": 0}, "20": {"XdistToGoal": 13.0, "YdistToGoal": 16.1, "Head": 0, "LeftFoot": 0, "RightFoot": 0, "OtherBodyPart": 1, "YendLoc": 46.4, "ZendLoc": 7.0, "Goal": 0}, "21": {"XdistToGoal": 15.299999999999997, "YdistToGoal": 10.2, "Head": 0, "LeftFoot": 0, "RightFoot": 0, "OtherBodyPart": 1, "YendLoc": 31.0, "ZendLoc": 31.0, "Goal": 0}, "22": {"XdistToGoal": 19.200000000000003, "YdistToGoal": 22.299999999999997, "Head": 0, "LeftFoot": 0, "RightFoot": 0, "OtherBodyPart": 1, "YendLoc": 34.7, "ZendLoc": 3.0, "Goal": 0}, "23": {"XdistToGoal": 26.0, "YdistToGoal": 1.5, "Head": 0, "LeftFoot": 0, "RightFoot": 0, "OtherBodyPart": 1, "YendLoc": 45.8, "ZendLoc": 5.3, "Goal": 0}, "24": {"XdistToGoal": 4.900000000000006, "YdistToGoal": 4.5, "Head": 1, "LeftFoot": 0, "RightFoot": 0, "OtherBodyPart": 0, "YendLoc": 38.7, "ZendLoc": 4.2, "Goal": 0}, "25": {"XdistToGoal": 12.299999999999997, "YdistToGoal": 2.299999999999997, "Head": 0, "LeftFoot": 0, "RightFoot": 0, "OtherBodyPart": 1, "YendLoc": 37.7, "ZendLoc": 2.8, "Goal": 0}, "26": {"XdistToGoal": 35.2, "YdistToGoal": 0.7999999999999972, "Head": 0, "LeftFoot": 0, "RightFoot": 0, "OtherBodyPart": 1, "YendLoc": 39.7, "ZendLoc": 4.8, "Goal": 0}, "27": {"XdistToGoal": 5.700000000000003, "YdistToGoal": 2.5, "Head": 0, "LeftFoot": 0, "RightFoot": 0, "OtherBodyPart": 1, "YendLoc": 42.3, "ZendLoc": 42.3, "Goal": 0}, "28": {"XdistToGoal": 4.400000000000006, "YdistToGoal": 10.7, "Head": 0, "LeftFoot": 0, "RightFoot": 0, "OtherBodyPart": 1, "YendLoc": 32.9, "ZendLoc": 4.5, "Goal": 0}, "29": {"XdistToGoal": 35.2, "YdistToGoal": 3.8999999999999986, "Head": 0, "LeftFoot": 0, "RightFoot": 0, "OtherBodyPart": 1, "YendLoc": 39.8, "ZendLoc": 7.5, "Goal": 0}}