{"0": {"XdistToGoal": 21.099999999999994, "YdistToGoal": 1.3999999999999986, "Head": 0, "LeftFoot": 0, "RightFoot": 0, "OtherBodyPart": 1, "YendLoc": 41.3, "ZendLoc": 41.3, "Goal": 0}, "1": {"XdistToGoal": 21.700000000000003, "YdistToGoal": 3.700000000000003, "Head": 0, "LeftFoot": 0, "RightFoot": 0, "OtherBodyPart": 1, "YendLoc": 42.9, "ZendLoc": 42.9, "Goal": 0}, "2": {"XdistToGoal": 17.099999999999994, "YdistToGoal": 4.5, "Head": 0, "LeftFoot": 0, "RightFoot": 0, "OtherBodyPart": 1, "YendLoc": 44.3, "ZendLoc": 44.3, "Goal": 0}, "3": {"XdistToGoal": 13.0, "YdistToGoal": 2.700000000000003, "Head": 0, "LeftFoot": 0, "RightFoot": 0, "OtherBodyPart": 1, "YendLoc": 41.8, "ZendLoc": 0.2, "Goal": 0}, "4": {"XdistToGoal": 15.599999999999994, "YdistToGoal": 12.899999999999999, "Head": 0, "LeftFoot": 0, "RightFoot": 0, "OtherBodyPart": 1, "YendLoc": 43.7, "ZendLoc": 6.4, "Goal": 0}, "5": {"XdistToGoal": 14.299999999999997, "YdistToGoal": 19.200000000000003, "Head": 0, "LeftFoot": 0, "RightFoot": 0, "OtherBodyPart": 1, "YendLoc": 46.3, "ZendLoc": 6.0, "Goal": 0}, "6": {"XdistToGoal": 10.799999999999997, "YdistToGoal": 13.200000000000003, "Head": 0, "LeftFoot": 0, "RightFoot": 0, "OtherBodyPart": 1, "YendLoc": 45.7, "ZendLoc": 6.7, "Goal": 0}, "7": {"XdistToGoal": 4.599999999999994, "YdistToGoal": 5.200000000000003, "Head": 0, "LeftFoot": 0, "RightFoot": 0, "OtherBodyPart": 1, "YendLoc": 34.8, "ZendLoc": 0.5, "Goal": 0}, "8": {"XdistToGoal": 12.700000000000003, "YdistToGoal": 3.3999999999999986, "Head": 0, "LeftFoot": 0, "RightFoot": 0, "OtherBodyPart": 1, "YendLoc": 35.0, "ZendLoc": 2.7, "Goal": 0}, "9": {"XdistToGoal": 12.200000000000003, "YdistToGoal": 11.799999999999997, "Head": 0, "LeftFoot": 0, "RightFoot": 0, "OtherBodyPart": 1, "YendLoc": 42.1, "ZendLoc": 0.2, "Goal": 0}, "10": {"XdistToGoal": 4.900000000000006, "YdistToGoal": 2.700000000000003, "Head": 0, "LeftFoot": 0, "RightFoot": 0, "OtherBodyPart": 1, "YendLoc": 38.5, "ZendLoc": 38.5, "Goal": 0}, "11": {"XdistToGoal": 1.2999999999999972, "YdistToGoal": 1.5, "Head": 0, "LeftFoot": 0, "RightFoot": 0, "OtherBodyPart": 1, "YendLoc": 38.2, "ZendLoc": 0.4, "Goal": 1}, "12": {"XdistToGoal": 5.0, "YdistToGoal": 10.899999999999999, "Head": 0, "LeftFoot": 0, "RightFoot": 0, "OtherBodyPart": 1, "YendLoc": 44.9, "ZendLoc": 1.5, "Goal": 0}, "13": {"XdistToGoal": 19.200000000000003, "YdistToGoal": 14.799999999999997, "Head": 0, "LeftFoot": 0, "RightFoot": 0, "OtherBodyPart": 1, "YendLoc": 37.0, "ZendLoc": 3.0, "Goal": 0}, "14": {"XdistToGoal": 39.599999999999994, "YdistToGoal": 3.0, "Head": 0, "LeftFoot": 0, "RightFoot": 0, "OtherBodyPart": 1, "YendLoc": 45.9, "ZendLoc": 6.7, "Goal": 0}, "15": {"XdistToGoal": 25.799999999999997, "YdistToGoal": 5.5, "Head": 0, "LeftFoot": 0, "RightFoot": 0, "OtherBodyPart": 1, "YendLoc": 45.0, "ZendLoc": 45.0, "Goal": 0}, "16": {"XdistToGoal": 12.700000000000003, "YdistToGoal": 1.2999999999999972, "Head": 0, "LeftFoot": 0, "RightFoot": 0, "OtherBodyPart": 1, "YendLoc": 40.9, "ZendLoc": 40.9, "Goal": 0}, "17": {"XdistToGoal": 17.400000000000006, "YdistToGoal": 11.5, "Head": 0, "LeftFoot": 0, "RightFoot": 0, "OtherBodyPart": 1, "YendLoc": 46.4, "ZendLoc": 0.4, "Goal": 0}, "18": {"XdistToGoal": 29.200000000000003, "YdistToGoal": 8.600000000000001, "Head": 0, "LeftFoot": 0, "RightFoot": 0, "OtherBodyPart": 1, "YendLoc": 38.4, "ZendLoc": 0.5, "Goal": 1}, "19": {"XdistToGoal": 13.299999999999997, "YdistToGoal": 24.5, "Head": 0, "LeftFoot": 0, "RightFoot": 0, "OtherBodyPart": 1, "YendLoc": 43.5, "ZendLoc": 0.3, "Goal": 1}, "20": {"XdistToGoal": 15.0, "YdistToGoal": 19.0, "Head": 0, "LeftFoot": 0, "RightFoot": 0, "OtherBodyPart": 1, "YendLoc": 40.0, "ZendLoc": 4.7, "Goal": 0}, "21": {"XdistToGoal": 6.0, "YdistToGoal": 10.2, "Head": 1, "LeftFoot": 0, "RightFoot": 0, "OtherBodyPart": 0, "YendLoc": 46.2, "ZendLoc": 0.5, "Goal": 0}, "22": {"XdistToGoal": 31.200000000000003, "YdistToGoal": 5.5, "Head": 0, "LeftFoot": 0, "RightFoot": 0, "OtherBodyPart": 1, "YendLoc": 37.0, "ZendLoc": 5.6, "Goal": 0}, "23": {"XdistToGoal": 29.099999999999994, "YdistToGoal": 9.200000000000003, "Head": 0, "LeftFoot": 0, "RightFoot": 0, "OtherBodyPart": 1, "YendLoc": 45.0, "ZendLoc": 0.9, "Goal": 0}, "24": {"XdistToGoal": 17.599999999999994, "YdistToGoal": 13.700000000000003, "Head": 0, "LeftFoot": 0, "RightFoot": 0, "OtherBodyPart": 1, "YendLoc": 42.4, "ZendLoc": 2.0, "Goal": 0}, "25": {"XdistToGoal": 6.299999999999997, "YdistToGoal": 4.5, "Head": 1, "LeftFoot": 0, "RightFoot": 0, "OtherBodyPart": 0, "YendLoc": 36.1, "ZendLoc": 2.7, "Goal": 0}, "26": {"XdistToGoal": 10.599999999999994, "YdistToGoal": 2.799999999999997, "Head": 0, "LeftFoot": 0, "RightFoot": 0, "OtherBodyPart": 1, "YendLoc": 39.4, "ZendLoc": 4.3, "Goal": 0}, "27": {"XdistToGoal": 31.599999999999994, "YdistToGoal": 3.1000000000000014, "Head": 0, "LeftFoot": 0, "RightFoot": 0, "OtherBodyPart": 1, "YendLoc": 33.1, "ZendLoc": 0.2, "Goal": 0}, "28": {"XdistToGoal": 16.299999999999997, "YdistToGoal": 17.5, "Head": 0, "LeftFoot": 0, "RightFoot": 0, "OtherBodyPart": 1, "YendLoc": 49.4, "ZendLoc": 4.5, "Goal": 0}, "29": {"XdistToGoal": 21.299999999999997, "YdistToGoal": 6.5, "Head": 0, "LeftFoot": 0, "RightFoot": 0, "OtherBodyPart": 1, "YendLoc": 38.7, "ZendLoc": 3.8, "Goal": 0}, "30": {"XdistToGoal": 6.200000000000003, "YdistToGoal": 1.8999999999999986, "Head": 1, "LeftFoot": 0, "RightFoot": 0, "OtherBodyPart": 0, "YendLoc": 42.3, "ZendLoc": 3.0, "Goal": 0}, "31": {"XdistToGoal": 19.700000000000003, "YdistToGoal": 14.200000000000003, "Head": 0, "LeftFoot": 0, "RightFoot": 0, "OtherBodyPart": 1, "YendLoc": 39.1, "ZendLoc": 1.1, "Goal": 0}, "32": {"XdistToGoal": 8.700000000000003, "YdistToGoal": 8.2, "Head": 0, "LeftFoot": 0, "RightFoot": 0, "OtherBodyPart": 1, "YendLoc": 36.4, "ZendLoc": 0.6, "Goal": 0}, "33": {"XdistToGoal": 17.200000000000003, "YdistToGoal": 11.600000000000001, "Head": 0, "LeftFoot": 0, "RightFoot": 0, "OtherBodyPart": 1, "YendLoc": 33.5, "ZendLoc": 33.5, "Goal": 0}, "34": {"XdistToGoal": 7.0, "YdistToGoal": 3.799999999999997, "Head": 0, "LeftFoot": 0, "RightFoot": 0, "OtherBodyPart": 1, "YendLoc": 43.2, "ZendLoc": 7.3, "Goal": 0}, "35": {"XdistToGoal": 14.200000000000003, "YdistToGoal": 17.5, "Head": 0, "LeftFoot": 0, "RightFoot": 0, "OtherBodyPart": 1, "YendLoc": 35.3, "ZendLoc": 5.6, "Goal": 0}, "36": {"XdistToGoal": 16.5, "YdistToGoal": 11.0, "Head": 0, "LeftFoot": 0, "RightFoot": 0, "OtherBodyPart": 1, "YendLoc": 48.3, "ZendLoc": 0.2, "Goal": 0}, "37": {"XdistToGoal": 11.900000000000006, "YdistToGoal": 10.399999999999999, "Head": 0, "LeftFoot": 0, "RightFoot": 0, "OtherBodyPart": 1, "YendLoc": 43.0, "ZendLoc": 5.2, "Goal": 0}, "38": {"XdistToGoal": 19.799999999999997, "YdistToGoal": 4.399999999999999, "Head": 0, "LeftFoot": 0, "RightFoot": 0, "OtherBodyPart": 1, "YendLoc": 39.4, "ZendLoc": 0.4, "Goal": 0}}