{"0": {"XdistToGoal": 15.099999999999994, "YdistToGoal": 7.899999999999999, "Head": 0, "LeftFoot": 0, "RightFoot": 0, "OtherBodyPart": 1, "YendLoc": 35.0, "ZendLoc": 0.2, "Goal": 0}, "1": {"XdistToGoal": 22.900000000000006, "YdistToGoal": 12.5, "Head": 0, "LeftFoot": 0, "RightFoot": 0, "OtherBodyPart": 1, "YendLoc": 51.0, "ZendLoc": 51.0, "Goal": 0}, "2": {"XdistToGoal": 14.400000000000006, "YdistToGoal": 4.399999999999999, "Head": 0, "LeftFoot": 0, "RightFoot": 0, "OtherBodyPart": 1, "YendLoc": 43.4, "ZendLoc": 43.4, "Goal": 0}, "3": {"XdistToGoal": 19.799999999999997, "YdistToGoal": 1.0, "Head": 0, "LeftFoot": 0, "RightFoot": 0, "OtherBodyPart": 1, "YendLoc": 39.2, "ZendLoc": 39.2, "Goal": 0}, "4": {"XdistToGoal": 20.299999999999997, "YdistToGoal": 9.600000000000001, "Head": 0, "LeftFoot": 0, "RightFoot": 0, "OtherBodyPart": 1, "YendLoc": 43.9, "ZendLoc": 0.7, "Goal": 1}, "5": {"XdistToGoal": 20.200000000000003, "YdistToGoal": 7.200000000000003, "Head": 0, "LeftFoot": 0, "RightFoot": 0, "OtherBodyPart": 1, "YendLoc": 41.8, "ZendLoc": 0.4, "Goal": 0}, "6": {"XdistToGoal": 17.0, "YdistToGoal": 6.700000000000003, "Head": 1, "LeftFoot": 0, "RightFoot": 0, "OtherBodyPart": 0, "YendLoc": 40.2, "ZendLoc": 40.2, "Goal": 0}, "7": {"XdistToGoal": 8.400000000000006, "YdistToGoal": 0.20000000000000284, "Head": 1, "LeftFoot": 0, "RightFoot": 0, "OtherBodyPart": 0, "YendLoc": 40.7, "ZendLoc": 40.7, "Goal": 0}, "8": {"XdistToGoal": 2.700000000000003, "YdistToGoal": 2.5, "Head": 0, "LeftFoot": 0, "RightFoot": 0, "OtherBodyPart": 1, "YendLoc": 42.6, "ZendLoc": 0.3, "Goal": 1}, "9": {"XdistToGoal": 18.799999999999997, "YdistToGoal": 2.700000000000003, "Head": 0, "LeftFoot": 0, "RightFoot": 0, "OtherBodyPart": 1, "YendLoc": 40.9, "ZendLoc": 1.3, "Goal": 0}, "10": {"XdistToGoal": 11.200000000000003, "YdistToGoal": 4.5, "Head": 1, "LeftFoot": 0, "RightFoot": 0, "OtherBodyPart": 0, "YendLoc": 41.4, "ZendLoc": 0.5, "Goal": 0}, "11": {"XdistToGoal": 10.299999999999997, "YdistToGoal": 1.2000000000000028, "Head": 1, "LeftFoot": 0, "RightFoot": 0, "OtherBodyPart": 0, "YendLoc": 46.3, "ZendLoc": 1.1, "Goal": 0}, "12": {"XdistToGoal": 34.599999999999994, "YdistToGoal": 5.100000000000001, "Head": 0, "LeftFoot": 0, "RightFoot": 0, "OtherBodyPart": 1, "YendLoc": 41.0, "ZendLoc": 41.0, "Goal": 0}, "13": {"XdistToGoal": 29.099999999999994, "YdistToGoal": 10.200000000000003, "Head": 0, "LeftFoot": 0, "RightFoot": 0, "OtherBodyPart": 1, "YendLoc": 43.0, "ZendLoc": 0.2, "Goal": 0}, "14": {"XdistToGoal": 21.599999999999994, "YdistToGoal": 5.200000000000003, "Head": 0, "LeftFoot": 0, "RightFoot": 0, "OtherBodyPart": 1, "YendLoc": 40.0, "ZendLoc": 1.6, "Goal": 0}, "15": {"XdistToGoal": 6.900000000000006, "YdistToGoal": 0.29999999999999716, "Head": 1, "LeftFoot": 0, "RightFoot": 0, "OtherBodyPart": 0, "YendLoc": 39.1, "ZendLoc": 39.1, "Goal": 0}, "16": {"XdistToGoal": 26.0, "YdistToGoal": 8.7, "Head": 0, "LeftFoot": 0, "RightFoot": 0, "OtherBodyPart": 1, "YendLoc": 32.1, "ZendLoc": 32.1, "Goal": 0}, "17": {"XdistToGoal": 30.0, "YdistToGoal": 1.6000000000000014, "Head": 0, "LeftFoot": 0, "RightFoot": 0, "OtherBodyPart": 1, "YendLoc": 42.6, "ZendLoc": 1.8, "Goal": 0}, "18": {"XdistToGoal": 11.400000000000006, "YdistToGoal": 2.3999999999999986, "Head": 1, "LeftFoot": 0, "RightFoot": 0, "OtherBodyPart": 0, "YendLoc": 37.8, "ZendLoc": 0.9, "Goal": 0}, "19": {"XdistToGoal": 4.900000000000006, "YdistToGoal": 5.100000000000001, "Head": 1, "LeftFoot": 0, "RightFoot": 0, "OtherBodyPart": 0, "YendLoc": 44.2, "ZendLoc": 44.2, "Goal": 0}, "20": {"XdistToGoal": 33.400000000000006, "YdistToGoal": 17.1, "Head": 0, "LeftFoot": 0, "RightFoot": 0, "OtherBodyPart": 1, "YendLoc": 0.1, "ZendLoc": 0.1, "Goal": 0}, "21": {"XdistToGoal": 38.8, "YdistToGoal": 4.200000000000003, "Head": 0, "LeftFoot": 0, "RightFoot": 0, "OtherBodyPart": 1, "YendLoc": 36.4, "ZendLoc": 36.4, "Goal": 0}}