{"0": {"XdistToGoal": 2.200000000000003, "YdistToGoal": 6.899999999999999, "Head": 0, "LeftFoot": 0, "RightFoot": 0, "OtherBodyPart": 1, "YendLoc": 47.2, "ZendLoc": 2.0, "Goal": 0}, "1": {"XdistToGoal": 24.200000000000003, "YdistToGoal": 11.399999999999999, "Head": 0, "LeftFoot": 0, "RightFoot": 0, "OtherBodyPart": 1, "YendLoc": 40.5, "ZendLoc": 1.5, "Goal": 0}, "2": {"XdistToGoal": 4.299999999999997, "YdistToGoal": 8.399999999999999, "Head": 1, "LeftFoot": 0, "RightFoot": 0, "OtherBodyPart": 0, "YendLoc": 46.4, "ZendLoc": 4.8, "Goal": 0}, "3": {"XdistToGoal": 12.299999999999997, "YdistToGoal": 13.899999999999999, "Head": 0, "LeftFoot": 0, "RightFoot": 0, "OtherBodyPart": 1, "YendLoc": 49.8, "ZendLoc": 49.8, "Goal": 0}, "4": {"XdistToGoal": 24.799999999999997, "YdistToGoal": 21.5, "Head": 0, "LeftFoot": 0, "RightFoot": 0, "OtherBodyPart": 1, "YendLoc": 48.4, "ZendLoc": 0.5, "Goal": 0}, "5": {"XdistToGoal": 20.299999999999997, "YdistToGoal": 8.200000000000003, "Head": 0, "LeftFoot": 0, "RightFoot": 0, "OtherBodyPart": 1, "YendLoc": 42.9, "ZendLoc": 6.4, "Goal": 0}, "6": {"XdistToGoal": 9.400000000000006, "YdistToGoal": 0.3999999999999986, "Head": 1, "LeftFoot": 0, "RightFoot": 0, "OtherBodyPart": 0, "YendLoc": 29.3, "ZendLoc": 0.8, "Goal": 0}, "7": {"XdistToGoal": 25.700000000000003, "YdistToGoal": 5.600000000000001, "Head": 0, "LeftFoot": 0, "RightFoot": 0, "OtherBodyPart": 1, "YendLoc": 40.4, "ZendLoc": 0.2, "Goal": 0}, "8": {"XdistToGoal": 6.799999999999997, "YdistToGoal": 5.899999999999999, "Head": 0, "LeftFoot": 0, "RightFoot": 0, "OtherBodyPart": 1, "YendLoc": 37.1, "ZendLoc": 0.2, "Goal": 1}, "9": {"XdistToGoal": 6.900000000000006, "YdistToGoal": 4.200000000000003, "Head": 1, "LeftFoot": 0, "RightFoot": 0, "OtherBodyPart": 0, "YendLoc": 63.5, "ZendLoc": 63.5, "Goal": 0}, "10": {"XdistToGoal": 21.299999999999997, "YdistToGoal": 14.0, "Head": 0, "LeftFoot": 0, "RightFoot": 0, "OtherBodyPart": 1, "YendLoc": 35.6, "ZendLoc": 1.5, "Goal": 0}, "11": {"XdistToGoal": 17.400000000000006, "YdistToGoal": 15.200000000000003, "Head": 0, "LeftFoot": 0, "RightFoot": 0, "OtherBodyPart": 1, "YendLoc": 49.6, "ZendLoc": 2.3, "Goal": 0}, "12": {"XdistToGoal": 18.599999999999994, "YdistToGoal": 4.100000000000001, "Head": 0, "LeftFoot": 0, "RightFoot": 0, "OtherBodyPart": 1, "YendLoc": 41.1, "ZendLoc": 41.1, "Goal": 0}, "13": {"XdistToGoal": 17.099999999999994, "YdistToGoal": 4.5, "Head": 0, "LeftFoot": 0, "RightFoot": 0, "OtherBodyPart": 1, "YendLoc": 37.2, "ZendLoc": 37.2, "Goal": 0}, "14": {"XdistToGoal": 12.5, "YdistToGoal": 5.5, "Head": 0, "LeftFoot": 0, "RightFoot": 0, "OtherBodyPart": 1, "YendLoc": 36.4, "ZendLoc": 4.3, "Goal": 0}, "15": {"XdistToGoal": 12.299999999999997, "YdistToGoal": 0.20000000000000284, "Head": 0, "LeftFoot": 0, "RightFoot": 0, "OtherBodyPart": 1, "YendLoc": 41.7, "ZendLoc": 41.7, "Goal": 0}, "16": {"XdistToGoal": 11.299999999999997, "YdistToGoal": 4.399999999999999, "Head": 1, "LeftFoot": 0, "RightFoot": 0, "OtherBodyPart": 0, "YendLoc": 24.5, "ZendLoc": 24.5, "Goal": 0}, "17": {"XdistToGoal": 4.700000000000003, "YdistToGoal": 1.2000000000000028, "Head": 0, "LeftFoot": 0, "RightFoot": 0, "OtherBodyPart": 1, "YendLoc": 40.7, "ZendLoc": 0.6, "Goal": 1}, "18": {"XdistToGoal": 31.0, "YdistToGoal": 13.799999999999997, "Head": 0, "LeftFoot": 0, "RightFoot": 0, "OtherBodyPart": 1, "YendLoc": 36.2, "ZendLoc": 1.6, "Goal": 0}, "19": {"XdistToGoal": 9.900000000000006, "YdistToGoal": 8.100000000000001, "Head": 1, "LeftFoot": 0, "RightFoot": 0, "OtherBodyPart": 0, "YendLoc": 5.3, "ZendLoc": 5.3, "Goal": 0}, "20": {"XdistToGoal": 22.400000000000006, "YdistToGoal": 8.899999999999999, "Head": 0, "LeftFoot": 0, "RightFoot": 0, "OtherBodyPart": 1, "YendLoc": 37.3, "ZendLoc": 1.8, "Goal": 1}, "21": {"XdistToGoal": 21.900000000000006, "YdistToGoal": 5.399999999999999, "Head": 0, "LeftFoot": 0, "RightFoot": 0, "OtherBodyPart": 1, "YendLoc": 44.8, "ZendLoc": 44.8, "Goal": 0}, "22": {"XdistToGoal": 21.299999999999997, "YdistToGoal": 2.3999999999999986, "Head": 0, "LeftFoot": 0, "RightFoot": 0, "OtherBodyPart": 1, "YendLoc": 37.6, "ZendLoc": 37.6, "Goal": 0}, "23": {"XdistToGoal": 12.5, "YdistToGoal": 4.5, "Head": 1, "LeftFoot": 0, "RightFoot": 0, "OtherBodyPart": 0, "YendLoc": 45.9, "ZendLoc": 0.8, "Goal": 0}, "24": {"XdistToGoal": 14.799999999999997, "YdistToGoal": 5.100000000000001, "Head": 0, "LeftFoot": 0, "RightFoot": 0, "OtherBodyPart": 1, "YendLoc": 31.7, "ZendLoc": 1.0, "Goal": 0}, "25": {"XdistToGoal": 7.099999999999994, "YdistToGoal": 11.0, "Head": 0, "LeftFoot": 0, "RightFoot": 0, "OtherBodyPart": 1, "YendLoc": 29.9, "ZendLoc": 29.9, "Goal": 0}, "26": {"XdistToGoal": 19.200000000000003, "YdistToGoal": 20.5, "Head": 0, "LeftFoot": 0, "RightFoot": 0, "OtherBodyPart": 1, "YendLoc": 35.0, "ZendLoc": 4.9, "Goal": 0}, "27": {"XdistToGoal": 6.700000000000003, "YdistToGoal": 0.3999999999999986, "Head": 1, "LeftFoot": 0, "RightFoot": 0, "OtherBodyPart": 0, "YendLoc": 30.8, "ZendLoc": 30.8, "Goal": 0}}