{"0": {"XdistToGoal": 20.900000000000006, "YdistToGoal": 18.1, "Head": 0, "LeftFoot": 0, "RightFoot": 0, "OtherBodyPart": 1, "YendLoc": 27.7, "ZendLoc": 27.7, "Goal": 0}, "1": {"XdistToGoal": 21.0, "YdistToGoal": 3.1000000000000014, "Head": 0, "LeftFoot": 0, "RightFoot": 0, "OtherBodyPart": 1, "YendLoc": 43.0, "ZendLoc": 0.3, "Goal": 1}, "2": {"XdistToGoal": 23.900000000000006, "YdistToGoal": 16.8, "Head": 0, "LeftFoot": 0, "RightFoot": 0, "OtherBodyPart": 1, "YendLoc": 29.0, "ZendLoc": 29.0, "Goal": 0}, "3": {"XdistToGoal": 11.400000000000006, "YdistToGoal": 18.299999999999997, "Head": 0, "LeftFoot": 0, "RightFoot": 0, "OtherBodyPart": 1, "YendLoc": 54.8, "ZendLoc": 0.2, "Goal": 0}, "4": {"XdistToGoal": 11.099999999999994, "YdistToGoal": 8.399999999999999, "Head": 0, "LeftFoot": 0, "RightFoot": 0, "OtherBodyPart": 1, "YendLoc": 36.9, "ZendLoc": 0.2, "Goal": 1}, "5": {"XdistToGoal": 11.799999999999997, "YdistToGoal": 0.10000000000000142, "Head": 0, "LeftFoot": 0, "RightFoot": 0, "OtherBodyPart": 1, "YendLoc": 42.4, "ZendLoc": 0.1, "Goal": 1}, "6": {"XdistToGoal": 8.299999999999997, "YdistToGoal": 5.299999999999997, "Head": 1, "LeftFoot": 0, "RightFoot": 0, "OtherBodyPart": 0, "YendLoc": 33.3, "ZendLoc": 0.7, "Goal": 0}, "7": {"XdistToGoal": 8.799999999999997, "YdistToGoal": 7.100000000000001, "Head": 0, "LeftFoot": 0, "RightFoot": 0, "OtherBodyPart": 1, "YendLoc": 35.8, "ZendLoc": 0.4, "Goal": 0}, "8": {"XdistToGoal": 6.099999999999994, "YdistToGoal": 2.8999999999999986, "Head": 1, "LeftFoot": 0, "RightFoot": 0, "OtherBodyPart": 0, "YendLoc": 33.9, "ZendLoc": 1.0, "Goal": 0}, "9": {"XdistToGoal": 24.400000000000006, "YdistToGoal": 14.100000000000001, "Head": 0, "LeftFoot": 0, "RightFoot": 0, "OtherBodyPart": 1, "YendLoc": 51.6, "ZendLoc": 51.6, "Goal": 0}, "10": {"XdistToGoal": 14.299999999999997, "YdistToGoal": 1.2999999999999972, "Head": 0, "LeftFoot": 0, "RightFoot": 0, "OtherBodyPart": 1, "YendLoc": 36.8, "ZendLoc": 0.2, "Goal": 0}, "11": {"XdistToGoal": 4.299999999999997, "YdistToGoal": 8.600000000000001, "Head": 0, "LeftFoot": 0, "RightFoot": 0, "OtherBodyPart": 1, "YendLoc": 36.4, "ZendLoc": 1.1, "Goal": 0}, "12": {"XdistToGoal": 9.0, "YdistToGoal": 2.1000000000000014, "Head": 0, "LeftFoot": 0, "RightFoot": 0, "OtherBodyPart": 1, "YendLoc": 37.7, "ZendLoc": 2.1, "Goal": 1}, "13": {"XdistToGoal": 8.799999999999997, "YdistToGoal": 10.700000000000003, "Head": 0, "LeftFoot": 0, "RightFoot": 0, "OtherBodyPart": 1, "YendLoc": 45.3, "ZendLoc": 0.2, "Goal": 0}, "14": {"XdistToGoal": 24.900000000000006, "YdistToGoal": 5.899999999999999, "Head": 0, "LeftFoot": 0, "RightFoot": 0, "OtherBodyPart": 1, "YendLoc": 44.7, "ZendLoc": 44.7, "Goal": 0}, "15": {"XdistToGoal": 2.799999999999997, "YdistToGoal": 3.200000000000003, "Head": 0, "LeftFoot": 0, "RightFoot": 0, "OtherBodyPart": 1, "YendLoc": 45.3, "ZendLoc": 0.3, "Goal": 0}, "16": {"XdistToGoal": 44.599999999999994, "YdistToGoal": 13.8, "Head": 0, "LeftFoot": 0, "RightFoot": 0, "OtherBodyPart": 1, "YendLoc": 35.3, "ZendLoc": 2.7, "Goal": 0}, "17": {"XdistToGoal": 30.0, "YdistToGoal": 2.299999999999997, "Head": 0, "LeftFoot": 0, "RightFoot": 0, "OtherBodyPart": 1, "YendLoc": 42.6, "ZendLoc": 0.4, "Goal": 0}, "18": {"XdistToGoal": 16.700000000000003, "YdistToGoal": 1.2999999999999972, "Head": 0, "LeftFoot": 0, "RightFoot": 0, "OtherBodyPart": 1, "YendLoc": 45.1, "ZendLoc": 4.7, "Goal": 0}, "19": {"XdistToGoal": 18.0, "YdistToGoal": 0.20000000000000284, "Head": 0, "LeftFoot": 0, "RightFoot": 0, "OtherBodyPart": 1, "YendLoc": 40.1, "ZendLoc": 1.1, "Goal": 0}, "20": {"XdistToGoal": 20.900000000000006, "YdistToGoal": 7.799999999999997, "Head": 0, "LeftFoot": 0, "RightFoot": 0, "OtherBodyPart": 1, "YendLoc": 36.8, "ZendLoc": 0.2, "Goal": 0}, "21": {"XdistToGoal": 12.200000000000003, "YdistToGoal": 12.100000000000001, "Head": 0, "LeftFoot": 0, "RightFoot": 0, "OtherBodyPart": 1, "YendLoc": 35.4, "ZendLoc": 0.2, "Goal": 0}, "22": {"XdistToGoal": 20.299999999999997, "YdistToGoal": 2.1000000000000014, "Head": 0, "LeftFoot": 0, "RightFoot": 0, "OtherBodyPart": 1, "YendLoc": 42.2, "ZendLoc": 42.2, "Goal": 0}, "23": {"XdistToGoal": 7.0, "YdistToGoal": 0.8999999999999986, "Head": 1, "LeftFoot": 0, "RightFoot": 0, "OtherBodyPart": 0, "YendLoc": 36.5, "ZendLoc": 2.4, "Goal": 1}, "24": {"XdistToGoal": 22.400000000000006, "YdistToGoal": 12.100000000000001, "Head": 0, "LeftFoot": 0, "RightFoot": 0, "OtherBodyPart": 1, "YendLoc": 29.6, "ZendLoc": 29.6, "Goal": 0}, "25": {"XdistToGoal": 11.799999999999997, "YdistToGoal": 9.100000000000001, "Head": 0, "LeftFoot": 0, "RightFoot": 0, "OtherBodyPart": 1, "YendLoc": 33.5, "ZendLoc": 1.3, "Goal": 0}, "26": {"XdistToGoal": 27.5, "YdistToGoal": 1.0, "Head": 0, "LeftFoot": 0, "RightFoot": 0, "OtherBodyPart": 1, "YendLoc": 40.2, "ZendLoc": 2.3, "Goal": 0}, "27": {"XdistToGoal": 12.299999999999997, "YdistToGoal": 8.600000000000001, "Head": 0, "LeftFoot": 0, "RightFoot": 0, "OtherBodyPart": 1, "YendLoc": 47.7, "ZendLoc": 47.7, "Goal": 0}, "28": {"XdistToGoal": 33.0, "YdistToGoal": 10.0, "Head": 0, "LeftFoot": 0, "RightFoot": 0, "OtherBodyPart": 1, "YendLoc": 41.3, "ZendLoc": 0.5, "Goal": 0}, "29": {"XdistToGoal": 21.599999999999994, "YdistToGoal": 8.600000000000001, "Head": 0, "LeftFoot": 0, "RightFoot": 0, "OtherBodyPart": 1, "YendLoc": 35.1, "ZendLoc": 0.2, "Goal": 0}, "30": {"XdistToGoal": 13.900000000000006, "YdistToGoal": 4.700000000000003, "Head": 1, "LeftFoot": 0, "RightFoot": 0, "OtherBodyPart": 0, "YendLoc": 42.7, "ZendLoc": 42.7, "Goal": 0}, "31": {"XdistToGoal": 27.200000000000003, "YdistToGoal": 10.2, "Head": 0, "LeftFoot": 0, "RightFoot": 0, "OtherBodyPart": 1, "YendLoc": 30.7, "ZendLoc": 0.7, "Goal": 0}, "32": {"XdistToGoal": 13.0, "YdistToGoal": 12.600000000000001, "Head": 0, "LeftFoot": 0, "RightFoot": 0, "OtherBodyPart": 1, "YendLoc": 43.0, "ZendLoc": 0.1, "Goal": 1}}