{"0": {"XdistToGoal": 23.200000000000003, "YdistToGoal": 4.399999999999999, "Head": 0, "LeftFoot": 0, "RightFoot": 0, "OtherBodyPart": 1, "YendLoc": 42.7, "ZendLoc": 5.2, "Goal": 0}, "1": {"XdistToGoal": 36.0, "YdistToGoal": 5.700000000000003, "Head": 0, "LeftFoot": 0, "RightFoot": 0, "OtherBodyPart": 1, "YendLoc": 36.9, "ZendLoc": 1.9, "Goal": 0}, "2": {"XdistToGoal": 25.599999999999994, "YdistToGoal": 10.0, "Head": 0, "LeftFoot": 0, "RightFoot": 0, "OtherBodyPart": 1, "YendLoc": 49.1, "ZendLoc": 49.1, "Goal": 0}, "3": {"XdistToGoal": 12.700000000000003, "YdistToGoal": 1.1000000000000014, "Head": 1, "LeftFoot": 0, "RightFoot": 0, "OtherBodyPart": 0, "YendLoc": 35.9, "ZendLoc": 35.9, "Goal": 0}, "4": {"XdistToGoal": 26.400000000000006, "YdistToGoal": 5.100000000000001, "Head": 0, "LeftFoot": 0, "RightFoot": 0, "OtherBodyPart": 1, "YendLoc": 51.7, "ZendLoc": 4.4, "Goal": 0}, "5": {"XdistToGoal": 10.099999999999994, "YdistToGoal": 12.2, "Head": 0, "LeftFoot": 0, "RightFoot": 0, "OtherBodyPart": 1, "YendLoc": 42.6, "ZendLoc": 0.3, "Goal": 1}, "6": {"XdistToGoal": 29.5, "YdistToGoal": 3.6000000000000014, "Head": 0, "LeftFoot": 0, "RightFoot": 0, "OtherBodyPart": 1, "YendLoc": 37.3, "ZendLoc": 0.8, "Goal": 0}, "7": {"XdistToGoal": 23.299999999999997, "YdistToGoal": 4.100000000000001, "Head": 0, "LeftFoot": 0, "RightFoot": 0, "OtherBodyPart": 1, "YendLoc": 40.9, "ZendLoc": 1.7, "Goal": 0}, "8": {"XdistToGoal": 6.799999999999997, "YdistToGoal": 5.700000000000003, "Head": 1, "LeftFoot": 0, "RightFoot": 0, "OtherBodyPart": 0, "YendLoc": 39.3, "ZendLoc": 39.3, "Goal": 0}, "9": {"XdistToGoal": 35.7, "YdistToGoal": 3.799999999999997, "Head": 0, "LeftFoot": 0, "RightFoot": 0, "OtherBodyPart": 1, "YendLoc": 46.6, "ZendLoc": 46.6, "Goal": 0}, "10": {"XdistToGoal": 10.200000000000003, "YdistToGoal": 6.899999999999999, "Head": 1, "LeftFoot": 0, "RightFoot": 0, "OtherBodyPart": 0, "YendLoc": 26.1, "ZendLoc": 0.4, "Goal": 0}, "11": {"XdistToGoal": 28.900000000000006, "YdistToGoal": 3.3999999999999986, "Head": 0, "LeftFoot": 0, "RightFoot": 0, "OtherBodyPart": 1, "YendLoc": 42.7, "ZendLoc": 0.4, "Goal": 0}, "12": {"XdistToGoal": 14.799999999999997, "YdistToGoal": 3.8999999999999986, "Head": 0, "LeftFoot": 0, "RightFoot": 0, "OtherBodyPart": 1, "YendLoc": 41.7, "ZendLoc": 1.8, "Goal": 0}, "13": {"XdistToGoal": 16.799999999999997, "YdistToGoal": 2.1000000000000014, "Head": 0, "LeftFoot": 0, "RightFoot": 0, "OtherBodyPart": 1, "YendLoc": 33.6, "ZendLoc": 0.2, "Goal": 0}, "14": {"XdistToGoal": 35.400000000000006, "YdistToGoal": 18.3, "Head": 0, "LeftFoot": 0, "RightFoot": 0, "OtherBodyPart": 1, "YendLoc": 25.7, "ZendLoc": 25.7, "Goal": 0}, "15": {"XdistToGoal": 23.400000000000006, "YdistToGoal": 4.399999999999999, "Head": 0, "LeftFoot": 0, "RightFoot": 0, "OtherBodyPart": 1, "YendLoc": 47.5, "ZendLoc": 0.2, "Goal": 0}, "16": {"XdistToGoal": 15.200000000000003, "YdistToGoal": 11.600000000000001, "Head": 0, "LeftFoot": 0, "RightFoot": 0, "OtherBodyPart": 1, "YendLoc": 48.8, "ZendLoc": 48.8, "Goal": 0}, "17": {"XdistToGoal": 16.200000000000003, "YdistToGoal": 3.8999999999999986, "Head": 0, "LeftFoot": 0, "RightFoot": 0, "OtherBodyPart": 1, "YendLoc": 41.8, "ZendLoc": 41.8, "Goal": 0}, "18": {"XdistToGoal": 26.900000000000006, "YdistToGoal": 1.2000000000000028, "Head": 0, "LeftFoot": 0, "RightFoot": 0, "OtherBodyPart": 1, "YendLoc": 21.2, "ZendLoc": 0.2, "Goal": 0}, "19": {"XdistToGoal": 8.0, "YdistToGoal": 1.7999999999999972, "Head": 0, "LeftFoot": 0, "RightFoot": 0, "OtherBodyPart": 1, "YendLoc": 42.6, "ZendLoc": 1.1, "Goal": 0}, "20": {"XdistToGoal": 25.900000000000006, "YdistToGoal": 6.799999999999997, "Head": 0, "LeftFoot": 0, "RightFoot": 0, "OtherBodyPart": 1, "YendLoc": 42.5, "ZendLoc": 42.5, "Goal": 0}, "21": {"XdistToGoal": 27.5, "YdistToGoal": 12.100000000000001, "Head": 0, "LeftFoot": 0, "RightFoot": 0, "OtherBodyPart": 1, "YendLoc": 32.6, "ZendLoc": 0.5, "Goal": 0}, "22": {"XdistToGoal": 27.5, "YdistToGoal": 7.100000000000001, "Head": 0, "LeftFoot": 0, "RightFoot": 0, "OtherBodyPart": 1, "YendLoc": 36.6, "ZendLoc": 0.4, "Goal": 0}, "23": {"XdistToGoal": 25.599999999999994, "YdistToGoal": 11.100000000000001, "Head": 0, "LeftFoot": 0, "RightFoot": 0, "OtherBodyPart": 1, "YendLoc": 32.0, "ZendLoc": 0.2, "Goal": 0}, "24": {"XdistToGoal": 17.599999999999994, "YdistToGoal": 0.6000000000000014, "Head": 0, "LeftFoot": 0, "RightFoot": 0, "OtherBodyPart": 1, "YendLoc": 43.4, "ZendLoc": 4.4, "Goal": 0}, "25": {"XdistToGoal": 7.5, "YdistToGoal": 5.899999999999999, "Head": 0, "LeftFoot": 0, "RightFoot": 0, "OtherBodyPart": 1, "YendLoc": 35.7, "ZendLoc": 1.8, "Goal": 0}, "26": {"XdistToGoal": 16.700000000000003, "YdistToGoal": 9.3, "Head": 0, "LeftFoot": 0, "RightFoot": 0, "OtherBodyPart": 1, "YendLoc": 36.7, "ZendLoc": 0.2, "Goal": 1}, "27": {"XdistToGoal": 19.900000000000006, "YdistToGoal": 15.5, "Head": 0, "LeftFoot": 0, "RightFoot": 0, "OtherBodyPart": 1, "YendLoc": 35.9, "ZendLoc": 2.7, "Goal": 0}, "28": {"XdistToGoal": 16.599999999999994, "YdistToGoal": 1.6000000000000014, "Head": 0, "LeftFoot": 0, "RightFoot": 0, "OtherBodyPart": 1, "YendLoc": 40.1, "ZendLoc": 0.3, "Goal": 0}, "29": {"XdistToGoal": 5.0, "YdistToGoal": 9.0, "Head": 1, "LeftFoot": 0, "RightFoot": 0, "OtherBodyPart": 0, "YendLoc": 44.7, "ZendLoc": 3.8, "Goal": 0}, "30": {"XdistToGoal": 2.700000000000003, "YdistToGoal": 13.5, "Head": 0, "LeftFoot": 0, "RightFoot": 0, "OtherBodyPart": 1, "YendLoc": 34.9, "ZendLoc": 0.5, "Goal": 0}, "31": {"XdistToGoal": 7.599999999999994, "YdistToGoal": 2.299999999999997, "Head": 1, "LeftFoot": 0, "RightFoot": 0, "OtherBodyPart": 0, "YendLoc": 48.8, "ZendLoc": 0.3, "Goal": 0}}