{"0": {"XdistToGoal": 26.900000000000006, "YdistToGoal": 6.100000000000001, "Head": 0, "LeftFoot": 0, "RightFoot": 0, "OtherBodyPart": 1, "YendLoc": 36.2, "ZendLoc": 36.2, "Goal": 0}, "1": {"XdistToGoal": 33.900000000000006, "YdistToGoal": 6.100000000000001, "Head": 0, "LeftFoot": 0, "RightFoot": 0, "OtherBodyPart": 1, "YendLoc": 42.4, "ZendLoc": 6.8, "Goal": 0}, "2": {"XdistToGoal": 44.599999999999994, "YdistToGoal": 8.7, "Head": 0, "LeftFoot": 0, "RightFoot": 0, "OtherBodyPart": 1, "YendLoc": 40.0, "ZendLoc": 0.5, "Goal": 0}, "3": {"XdistToGoal": 20.599999999999994, "YdistToGoal": 12.700000000000003, "Head": 0, "LeftFoot": 0, "RightFoot": 0, "OtherBodyPart": 1, "YendLoc": 44.6, "ZendLoc": 6.0, "Goal": 0}, "4": {"XdistToGoal": 27.799999999999997, "YdistToGoal": 9.600000000000001, "Head": 0, "LeftFoot": 0, "RightFoot": 0, "OtherBodyPart": 1, "YendLoc": 49.4, "ZendLoc": 49.4, "Goal": 0}, "5": {"XdistToGoal": 28.099999999999994, "YdistToGoal": 0.7999999999999972, "Head": 0, "LeftFoot": 0, "RightFoot": 0, "OtherBodyPart": 1, "YendLoc": 40.7, "ZendLoc": 40.7, "Goal": 0}, "6": {"XdistToGoal": 11.799999999999997, "YdistToGoal": 8.5, "Head": 0, "LeftFoot": 0, "RightFoot": 0, "OtherBodyPart": 1, "YendLoc": 44.4, "ZendLoc": 1.0, "Goal": 0}, "7": {"XdistToGoal": 2.200000000000003, "YdistToGoal": 12.899999999999999, "Head": 0, "LeftFoot": 0, "RightFoot": 0, "OtherBodyPart": 1, "YendLoc": 44.8, "ZendLoc": 1.9, "Goal": 0}, "8": {"XdistToGoal": 37.099999999999994, "YdistToGoal": 5.899999999999999, "Head": 0, "LeftFoot": 0, "RightFoot": 0, "OtherBodyPart": 1, "YendLoc": 36.3, "ZendLoc": 1.0, "Goal": 0}, "9": {"XdistToGoal": 12.099999999999994, "YdistToGoal": 6.5, "Head": 0, "LeftFoot": 0, "RightFoot": 0, "OtherBodyPart": 1, "YendLoc": 45.9, "ZendLoc": 45.9, "Goal": 0}, "10": {"XdistToGoal": 12.599999999999994, "YdistToGoal": 2.200000000000003, "Head": 0, "LeftFoot": 0, "RightFoot": 0, "OtherBodyPart": 1, "YendLoc": 37.1, "ZendLoc": 3.4, "Goal": 0}, "11": {"XdistToGoal": 43.099999999999994, "YdistToGoal": 2.200000000000003, "Head": 0, "LeftFoot": 0, "RightFoot": 0, "OtherBodyPart": 1, "YendLoc": 40.9, "ZendLoc": 0.9, "Goal": 0}, "12": {"XdistToGoal": 26.0, "YdistToGoal": 10.2, "Head": 0, "LeftFoot": 0, "RightFoot": 0, "OtherBodyPart": 1, "YendLoc": 42.3, "ZendLoc": 1.0, "Goal": 0}, "13": {"XdistToGoal": 23.799999999999997, "YdistToGoal": 10.799999999999997, "Head": 0, "LeftFoot": 0, "RightFoot": 0, "OtherBodyPart": 1, "YendLoc": 41.5, "ZendLoc": 0.2, "Goal": 1}, "14": {"XdistToGoal": 14.900000000000006, "YdistToGoal": 2.299999999999997, "Head": 0, "LeftFoot": 0, "RightFoot": 0, "OtherBodyPart": 1, "YendLoc": 37.3, "ZendLoc": 0.5, "Goal": 1}, "15": {"XdistToGoal": 25.299999999999997, "YdistToGoal": 7.899999999999999, "Head": 0, "LeftFoot": 0, "RightFoot": 0, "OtherBodyPart": 1, "YendLoc": 33.2, "ZendLoc": 0.2, "Goal": 0}, "16": {"XdistToGoal": 34.400000000000006, "YdistToGoal": 2.8999999999999986, "Head": 0, "LeftFoot": 0, "RightFoot": 0, "OtherBodyPart": 1, "YendLoc": 45.3, "ZendLoc": 0.9, "Goal": 0}, "17": {"XdistToGoal": 25.599999999999994, "YdistToGoal": 14.200000000000003, "Head": 0, "LeftFoot": 0, "RightFoot": 0, "OtherBodyPart": 1, "YendLoc": 42.5, "ZendLoc": 5.8, "Goal": 0}, "18": {"XdistToGoal": 11.799999999999997, "YdistToGoal": 7.399999999999999, "Head": 1, "LeftFoot": 0, "RightFoot": 0, "OtherBodyPart": 0, "YendLoc": 5.7, "ZendLoc": 5.7, "Goal": 0}, "19": {"XdistToGoal": 15.599999999999994, "YdistToGoal": 13.0, "Head": 0, "LeftFoot": 0, "RightFoot": 0, "OtherBodyPart": 1, "YendLoc": 30.0, "ZendLoc": 30.0, "Goal": 0}, "20": {"XdistToGoal": 11.799999999999997, "YdistToGoal": 3.6000000000000014, "Head": 0, "LeftFoot": 0, "RightFoot": 0, "OtherBodyPart": 1, "YendLoc": 41.0, "ZendLoc": 0.8, "Goal": 1}, "21": {"XdistToGoal": 26.799999999999997, "YdistToGoal": 18.3, "Head": 0, "LeftFoot": 0, "RightFoot": 0, "OtherBodyPart": 1, "YendLoc": 28.4, "ZendLoc": 28.4, "Goal": 0}, "22": {"XdistToGoal": 11.700000000000003, "YdistToGoal": 0.20000000000000284, "Head": 0, "LeftFoot": 0, "RightFoot": 0, "OtherBodyPart": 1, "YendLoc": 39.5, "ZendLoc": 7.4, "Goal": 0}, "23": {"XdistToGoal": 17.299999999999997, "YdistToGoal": 0.3999999999999986, "Head": 0, "LeftFoot": 0, "RightFoot": 0, "OtherBodyPart": 1, "YendLoc": 40.2, "ZendLoc": 0.2, "Goal": 0}, "24": {"XdistToGoal": 30.099999999999994, "YdistToGoal": 5.899999999999999, "Head": 0, "LeftFoot": 0, "RightFoot": 0, "OtherBodyPart": 1, "YendLoc": 45.9, "ZendLoc": 45.9, "Goal": 0}, "25": {"XdistToGoal": 30.099999999999994, "YdistToGoal": 18.3, "Head": 0, "LeftFoot": 0, "RightFoot": 0, "OtherBodyPart": 1, "YendLoc": 46.9, "ZendLoc": 6.6, "Goal": 0}, "26": {"XdistToGoal": 22.299999999999997, "YdistToGoal": 19.8, "Head": 0, "LeftFoot": 0, "RightFoot": 0, "OtherBodyPart": 1, "YendLoc": 30.1, "ZendLoc": 0.5, "Goal": 0}, "27": {"XdistToGoal": 11.599999999999994, "YdistToGoal": 2.3999999999999986, "Head": 1, "LeftFoot": 0, "RightFoot": 0, "OtherBodyPart": 0, "YendLoc": 21.9, "ZendLoc": 0.5, "Goal": 0}}