{"0": {"XdistToGoal": 37.7, "YdistToGoal": 7.200000000000003, "Head": 0, "LeftFoot": 0, "RightFoot": 0, "OtherBodyPart": 1, "YendLoc": 36.9, "ZendLoc": 0.6, "Goal": 1}, "1": {"XdistToGoal": 11.799999999999997, "YdistToGoal": 17.6, "Head": 0, "LeftFoot": 0, "RightFoot": 0, "OtherBodyPart": 1, "YendLoc": 55.1, "ZendLoc": 55.1, "Goal": 0}, "2": {"XdistToGoal": 3.0999999999999943, "YdistToGoal": 8.3, "Head": 1, "LeftFoot": 0, "RightFoot": 0, "OtherBodyPart": 0, "YendLoc": 36.4, "ZendLoc": 1.7, "Goal": 0}, "3": {"XdistToGoal": 9.299999999999997, "YdistToGoal": 11.200000000000003, "Head": 0, "LeftFoot": 0, "RightFoot": 0, "OtherBodyPart": 1, "YendLoc": 50.0, "ZendLoc": 50.0, "Goal": 0}, "4": {"XdistToGoal": 37.400000000000006, "YdistToGoal": 10.100000000000001, "Head": 0, "LeftFoot": 0, "RightFoot": 0, "OtherBodyPart": 1, "YendLoc": 33.2, "ZendLoc": 6.1, "Goal": 0}, "5": {"XdistToGoal": 9.099999999999994, "YdistToGoal": 3.5, "Head": 0, "LeftFoot": 0, "RightFoot": 0, "OtherBodyPart": 1, "YendLoc": 40.3, "ZendLoc": 40.3, "Goal": 0}, "6": {"XdistToGoal": 21.299999999999997, "YdistToGoal": 10.5, "Head": 0, "LeftFoot": 0, "RightFoot": 0, "OtherBodyPart": 1, "YendLoc": 41.3, "ZendLoc": 2.4, "Goal": 0}, "7": {"XdistToGoal": 18.700000000000003, "YdistToGoal": 7.700000000000003, "Head": 0, "LeftFoot": 0, "RightFoot": 0, "OtherBodyPart": 1, "YendLoc": 44.0, "ZendLoc": 0.2, "Goal": 0}, "8": {"XdistToGoal": 27.700000000000003, "YdistToGoal": 1.6000000000000014, "Head": 0, "LeftFoot": 0, "RightFoot": 0, "OtherBodyPart": 1, "YendLoc": 38.3, "ZendLoc": 38.3, "Goal": 0}, "9": {"XdistToGoal": 14.400000000000006, "YdistToGoal": 13.299999999999997, "Head": 0, "LeftFoot": 0, "RightFoot": 0, "OtherBodyPart": 1, "YendLoc": 51.6, "ZendLoc": 51.6, "Goal": 0}, "10": {"XdistToGoal": 7.099999999999994, "YdistToGoal": 10.899999999999999, "Head": 0, "LeftFoot": 0, "RightFoot": 0, "OtherBodyPart": 1, "YendLoc": 38.4, "ZendLoc": 1.6, "Goal": 1}, "11": {"XdistToGoal": 6.099999999999994, "YdistToGoal": 8.299999999999997, "Head": 0, "LeftFoot": 0, "RightFoot": 0, "OtherBodyPart": 1, "YendLoc": 46.5, "ZendLoc": 0.5, "Goal": 0}, "12": {"XdistToGoal": 1.9000000000000057, "YdistToGoal": 9.600000000000001, "Head": 0, "LeftFoot": 0, "RightFoot": 0, "OtherBodyPart": 1, "YendLoc": 41.4, "ZendLoc": 1.1, "Goal": 1}, "13": {"XdistToGoal": 33.599999999999994, "YdistToGoal": 2.8999999999999986, "Head": 0, "LeftFoot": 0, "RightFoot": 0, "OtherBodyPart": 1, "YendLoc": 40.9, "ZendLoc": 5.9, "Goal": 0}, "14": {"XdistToGoal": 17.700000000000003, "YdistToGoal": 10.799999999999997, "Head": 0, "LeftFoot": 0, "RightFoot": 0, "OtherBodyPart": 1, "YendLoc": 43.7, "ZendLoc": 0.2, "Goal": 0}, "15": {"XdistToGoal": 18.5, "YdistToGoal": 14.100000000000001, "Head": 0, "LeftFoot": 0, "RightFoot": 0, "OtherBodyPart": 1, "YendLoc": 40.0, "ZendLoc": 1.3, "Goal": 0}, "16": {"XdistToGoal": 11.299999999999997, "YdistToGoal": 3.3999999999999986, "Head": 1, "LeftFoot": 0, "RightFoot": 0, "OtherBodyPart": 0, "YendLoc": 43.5, "ZendLoc": 0.4, "Goal": 0}, "17": {"XdistToGoal": 30.400000000000006, "YdistToGoal": 1.1000000000000014, "Head": 0, "LeftFoot": 0, "RightFoot": 0, "OtherBodyPart": 1, "YendLoc": 40.6, "ZendLoc": 40.6, "Goal": 0}, "18": {"XdistToGoal": 25.099999999999994, "YdistToGoal": 10.899999999999999, "Head": 0, "LeftFoot": 0, "RightFoot": 0, "OtherBodyPart": 1, "YendLoc": 37.2, "ZendLoc": 0.5, "Goal": 0}, "19": {"XdistToGoal": 26.900000000000006, "YdistToGoal": 9.5, "Head": 0, "LeftFoot": 0, "RightFoot": 0, "OtherBodyPart": 1, "YendLoc": 45.9, "ZendLoc": 6.4, "Goal": 0}, "20": {"XdistToGoal": 7.0, "YdistToGoal": 12.0, "Head": 0, "LeftFoot": 0, "RightFoot": 0, "OtherBodyPart": 1, "YendLoc": 33.0, "ZendLoc": 4.2, "Goal": 0}, "21": {"XdistToGoal": 12.200000000000003, "YdistToGoal": 14.399999999999999, "Head": 0, "LeftFoot": 0, "RightFoot": 0, "OtherBodyPart": 1, "YendLoc": 44.3, "ZendLoc": 0.1, "Goal": 0}, "22": {"XdistToGoal": 11.200000000000003, "YdistToGoal": 17.200000000000003, "Head": 0, "LeftFoot": 0, "RightFoot": 0, "OtherBodyPart": 1, "YendLoc": 55.4, "ZendLoc": 55.4, "Goal": 0}, "23": {"XdistToGoal": 17.700000000000003, "YdistToGoal": 5.5, "Head": 0, "LeftFoot": 0, "RightFoot": 0, "OtherBodyPart": 1, "YendLoc": 42.1, "ZendLoc": 0.7, "Goal": 1}}