{"0": {"XdistToGoal": 6.0, "YdistToGoal": 1.2000000000000028, "Head": 1, "LeftFoot": 0, "RightFoot": 0, "OtherBodyPart": 0, "YendLoc": 37.5, "ZendLoc": 1.8, "Goal": 1}, "1": {"XdistToGoal": 6.799999999999997, "YdistToGoal": 2.5, "Head": 0, "LeftFoot": 0, "RightFoot": 0, "OtherBodyPart": 1, "YendLoc": 54.1, "ZendLoc": 0.3, "Goal": 0}, "2": {"XdistToGoal": 14.599999999999994, "YdistToGoal": 3.3999999999999986, "Head": 0, "LeftFoot": 0, "RightFoot": 0, "OtherBodyPart": 1, "YendLoc": 37.0, "ZendLoc": 5.0, "Goal": 0}, "3": {"XdistToGoal": 8.299999999999997, "YdistToGoal": 9.299999999999997, "Head": 1, "LeftFoot": 0, "RightFoot": 0, "OtherBodyPart": 0, "YendLoc": 48.7, "ZendLoc": 48.7, "Goal": 0}, "4": {"XdistToGoal": 37.900000000000006, "YdistToGoal": 0.29999999999999716, "Head": 0, "LeftFoot": 0, "RightFoot": 0, "OtherBodyPart": 1, "YendLoc": 41.2, "ZendLoc": 4.4, "Goal": 0}, "5": {"XdistToGoal": 15.799999999999997, "YdistToGoal": 5.899999999999999, "Head": 1, "LeftFoot": 0, "RightFoot": 0, "OtherBodyPart": 0, "YendLoc": 36.9, "ZendLoc": 36.9, "Goal": 0}, "6": {"XdistToGoal": 18.700000000000003, "YdistToGoal": 11.600000000000001, "Head": 0, "LeftFoot": 0, "RightFoot": 0, "OtherBodyPart": 1, "YendLoc": 34.3, "ZendLoc": 34.3, "Goal": 0}, "7": {"XdistToGoal": 8.700000000000003, "YdistToGoal": 11.600000000000001, "Head": 0, "LeftFoot": 0, "RightFoot": 0, "OtherBodyPart": 1, "YendLoc": 29.8, "ZendLoc": 29.8, "Goal": 0}, "8": {"XdistToGoal": 15.599999999999994, "YdistToGoal": 4.799999999999997, "Head": 0, "LeftFoot": 0, "RightFoot": 0, "OtherBodyPart": 1, "YendLoc": 38.0, "ZendLoc": 38.0, "Goal": 0}, "9": {"XdistToGoal": 8.799999999999997, "YdistToGoal": 6.600000000000001, "Head": 1, "LeftFoot": 0, "RightFoot": 0, "OtherBodyPart": 0, "YendLoc": 39.0, "ZendLoc": 0.1, "Goal": 1}, "10": {"XdistToGoal": 17.799999999999997, "YdistToGoal": 1.2000000000000028, "Head": 0, "LeftFoot": 0, "RightFoot": 0, "OtherBodyPart": 1, "YendLoc": 39.8, "ZendLoc": 1.3, "Goal": 0}, "11": {"XdistToGoal": 59.3, "YdistToGoal": 0.10000000000000142, "Head": 0, "LeftFoot": 0, "RightFoot": 0, "OtherBodyPart": 1, "YendLoc": 30.1, "ZendLoc": 0.8, "Goal": 0}, "12": {"XdistToGoal": 24.5, "YdistToGoal": 6.100000000000001, "Head": 0, "LeftFoot": 0, "RightFoot": 0, "OtherBodyPart": 1, "YendLoc": 43.0, "ZendLoc": 2.4, "Goal": 1}, "13": {"XdistToGoal": 15.700000000000003, "YdistToGoal": 7.200000000000003, "Head": 0, "LeftFoot": 0, "RightFoot": 0, "OtherBodyPart": 1, "YendLoc": 40.0, "ZendLoc": 0.4, "Goal": 0}, "14": {"XdistToGoal": 22.5, "YdistToGoal": 6.0, "Head": 0, "LeftFoot": 0, "RightFoot": 0, "OtherBodyPart": 1, "YendLoc": 40.0, "ZendLoc": 3.5, "Goal": 0}, "15": {"XdistToGoal": 33.400000000000006, "YdistToGoal": 2.8999999999999986, "Head": 0, "LeftFoot": 0, "RightFoot": 0, "OtherBodyPart": 1, "YendLoc": 37.6, "ZendLoc": 37.6, "Goal": 0}, "16": {"XdistToGoal": 15.099999999999994, "YdistToGoal": 6.700000000000003, "Head": 0, "LeftFoot": 0, "RightFoot": 0, "OtherBodyPart": 1, "YendLoc": 43.3, "ZendLoc": 43.3, "Goal": 0}, "17": {"XdistToGoal": 6.799999999999997, "YdistToGoal": 3.200000000000003, "Head": 0, "LeftFoot": 0, "RightFoot": 0, "OtherBodyPart": 1, "YendLoc": 37.8, "ZendLoc": 1.9, "Goal": 0}, "18": {"XdistToGoal": 27.299999999999997, "YdistToGoal": 20.4, "Head": 0, "LeftFoot": 0, "RightFoot": 0, "OtherBodyPart": 1, "YendLoc": 41.6, "ZendLoc": 0.9, "Goal": 0}, "19": {"XdistToGoal": 28.0, "YdistToGoal": 3.5, "Head": 0, "LeftFoot": 0, "RightFoot": 0, "OtherBodyPart": 1, "YendLoc": 43.8, "ZendLoc": 43.8, "Goal": 0}, "20": {"XdistToGoal": 13.200000000000003, "YdistToGoal": 0.8999999999999986, "Head": 0, "LeftFoot": 0, "RightFoot": 0, "OtherBodyPart": 1, "YendLoc": 34.9, "ZendLoc": 2.8, "Goal": 0}, "21": {"XdistToGoal": 1.0, "YdistToGoal": 7.899999999999999, "Head": 1, "LeftFoot": 0, "RightFoot": 0, "OtherBodyPart": 0, "YendLoc": 36.8, "ZendLoc": 0.2, "Goal": 1}, "22": {"XdistToGoal": 28.400000000000006, "YdistToGoal": 7.5, "Head": 0, "LeftFoot": 0, "RightFoot": 0, "OtherBodyPart": 1, "YendLoc": 34.5, "ZendLoc": 34.5, "Goal": 0}, "23": {"XdistToGoal": 14.799999999999997, "YdistToGoal": 1.8999999999999986, "Head": 1, "LeftFoot": 0, "RightFoot": 0, "OtherBodyPart": 0, "YendLoc": 30.1, "ZendLoc": 0.9, "Goal": 0}, "24": {"XdistToGoal": 34.8, "YdistToGoal": 9.399999999999999, "Head": 0, "LeftFoot": 0, "RightFoot": 0, "OtherBodyPart": 1, "YendLoc": 37.6, "ZendLoc": 3.6, "Goal": 0}}