{"0": {"XdistToGoal": 18.099999999999994, "YdistToGoal": 11.299999999999997, "Head": 0, "LeftFoot": 0, "RightFoot": 0, "OtherBodyPart": 1, "YendLoc": 45.0, "ZendLoc": 0.3, "Goal": 0}, "1": {"XdistToGoal": 16.099999999999994, "YdistToGoal": 3.200000000000003, "Head": 1, "LeftFoot": 0, "RightFoot": 0, "OtherBodyPart": 0, "YendLoc": 39.8, "ZendLoc": 39.8, "Goal": 0}, "2": {"XdistToGoal": 12.200000000000003, "YdistToGoal": 9.100000000000001, "Head": 0, "LeftFoot": 0, "RightFoot": 0, "OtherBodyPart": 1, "YendLoc": 31.7, "ZendLoc": 31.7, "Goal": 0}, "3": {"XdistToGoal": 8.099999999999994, "YdistToGoal": 7.899999999999999, "Head": 1, "LeftFoot": 0, "RightFoot": 0, "OtherBodyPart": 0, "YendLoc": 35.9, "ZendLoc": 2.3, "Goal": 0}, "4": {"XdistToGoal": 25.700000000000003, "YdistToGoal": 9.399999999999999, "Head": 0, "LeftFoot": 0, "RightFoot": 0, "OtherBodyPart": 1, "YendLoc": 34.2, "ZendLoc": 34.2, "Goal": 0}, "5": {"XdistToGoal": 25.299999999999997, "YdistToGoal": 14.399999999999999, "Head": 0, "LeftFoot": 0, "RightFoot": 0, "OtherBodyPart": 1, "YendLoc": 42.9, "ZendLoc": 0.9, "Goal": 0}, "6": {"XdistToGoal": 32.5, "YdistToGoal": 2.0, "Head": 0, "LeftFoot": 0, "RightFoot": 0, "OtherBodyPart": 1, "YendLoc": 37.6, "ZendLoc": 37.6, "Goal": 0}, "7": {"XdistToGoal": 26.700000000000003, "YdistToGoal": 10.399999999999999, "Head": 0, "LeftFoot": 0, "RightFoot": 0, "OtherBodyPart": 1, "YendLoc": 45.2, "ZendLoc": 1.3, "Goal": 0}, "8": {"XdistToGoal": 31.700000000000003, "YdistToGoal": 4.700000000000003, "Head": 0, "LeftFoot": 0, "RightFoot": 0, "OtherBodyPart": 1, "YendLoc": 36.4, "ZendLoc": 36.4, "Goal": 0}, "9": {"XdistToGoal": 5.299999999999997, "YdistToGoal": 11.0, "Head": 1, "LeftFoot": 0, "RightFoot": 0, "OtherBodyPart": 0, "YendLoc": 35.5, "ZendLoc": 2.4, "Goal": 0}, "10": {"XdistToGoal": 19.099999999999994, "YdistToGoal": 17.4, "Head": 0, "LeftFoot": 0, "RightFoot": 0, "OtherBodyPart": 1, "YendLoc": 34.2, "ZendLoc": 5.6, "Goal": 0}, "11": {"XdistToGoal": 27.099999999999994, "YdistToGoal": 1.1000000000000014, "Head": 0, "LeftFoot": 0, "RightFoot": 0, "OtherBodyPart": 1, "YendLoc": 41.0, "ZendLoc": 41.0, "Goal": 0}, "12": {"XdistToGoal": 20.799999999999997, "YdistToGoal": 12.3, "Head": 0, "LeftFoot": 0, "RightFoot": 0, "OtherBodyPart": 1, "YendLoc": 37.0, "ZendLoc": 0.4, "Goal": 0}, "13": {"XdistToGoal": 6.599999999999994, "YdistToGoal": 11.600000000000001, "Head": 1, "LeftFoot": 0, "RightFoot": 0, "OtherBodyPart": 0, "YendLoc": 41.8, "ZendLoc": 3.8, "Goal": 0}, "14": {"XdistToGoal": 10.599999999999994, "YdistToGoal": 0.6000000000000014, "Head": 0, "LeftFoot": 0, "RightFoot": 0, "OtherBodyPart": 1, "YendLoc": 43.5, "ZendLoc": 0.5, "Goal": 1}, "15": {"XdistToGoal": 12.0, "YdistToGoal": 0.10000000000000142, "Head": 0, "LeftFoot": 0, "RightFoot": 0, "OtherBodyPart": 1, "YendLoc": 43.3, "ZendLoc": 0.2, "Goal": 1}, "16": {"XdistToGoal": 13.0, "YdistToGoal": 12.100000000000001, "Head": 0, "LeftFoot": 0, "RightFoot": 0, "OtherBodyPart": 1, "YendLoc": 36.6, "ZendLoc": 0.6, "Goal": 0}, "17": {"XdistToGoal": 27.799999999999997, "YdistToGoal": 3.700000000000003, "Head": 0, "LeftFoot": 0, "RightFoot": 0, "OtherBodyPart": 1, "YendLoc": 42.8, "ZendLoc": 42.8, "Goal": 0}, "18": {"XdistToGoal": 12.299999999999997, "YdistToGoal": 1.0, "Head": 0, "LeftFoot": 0, "RightFoot": 0, "OtherBodyPart": 1, "YendLoc": 41.9, "ZendLoc": 0.2, "Goal": 1}}