{"0": {"XdistToGoal": 7.799999999999997, "YdistToGoal": 2.799999999999997, "Head": 1, "LeftFoot": 0, "RightFoot": 0, "OtherBodyPart": 0, "YendLoc": 43.3, "ZendLoc": 4.9, "Goal": 0}, "1": {"XdistToGoal": 14.799999999999997, "YdistToGoal": 17.0, "Head": 0, "LeftFoot": 0, "RightFoot": 0, "OtherBodyPart": 1, "YendLoc": 42.1, "ZendLoc": 6.3, "Goal": 0}, "2": {"XdistToGoal": 5.900000000000006, "YdistToGoal": 12.200000000000003, "Head": 0, "LeftFoot": 0, "RightFoot": 0, "OtherBodyPart": 1, "YendLoc": 50.3, "ZendLoc": 50.3, "Goal": 0}, "3": {"XdistToGoal": 21.299999999999997, "YdistToGoal": 11.7, "Head": 0, "LeftFoot": 0, "RightFoot": 0, "OtherBodyPart": 1, "YendLoc": 38.9, "ZendLoc": 6.0, "Goal": 0}, "4": {"XdistToGoal": 1.9000000000000057, "YdistToGoal": 5.399999999999999, "Head": 1, "LeftFoot": 0, "RightFoot": 0, "OtherBodyPart": 0, "YendLoc": 37.9, "ZendLoc": 3.6, "Goal": 0}, "5": {"XdistToGoal": 8.099999999999994, "YdistToGoal": 2.200000000000003, "Head": 1, "LeftFoot": 0, "RightFoot": 0, "OtherBodyPart": 0, "YendLoc": 44.4, "ZendLoc": 2.0, "Goal": 0}, "6": {"XdistToGoal": 2.0999999999999943, "YdistToGoal": 2.200000000000003, "Head": 1, "LeftFoot": 0, "RightFoot": 0, "OtherBodyPart": 0, "YendLoc": 37.8, "ZendLoc": 1.9, "Goal": 1}, "7": {"XdistToGoal": 8.299999999999997, "YdistToGoal": 16.4, "Head": 0, "LeftFoot": 0, "RightFoot": 0, "OtherBodyPart": 1, "YendLoc": 26.4, "ZendLoc": 26.4, "Goal": 0}, "8": {"XdistToGoal": 22.799999999999997, "YdistToGoal": 14.799999999999997, "Head": 0, "LeftFoot": 0, "RightFoot": 0, "OtherBodyPart": 1, "YendLoc": 52.6, "ZendLoc": 52.6, "Goal": 0}, "9": {"XdistToGoal": 20.200000000000003, "YdistToGoal": 9.399999999999999, "Head": 0, "LeftFoot": 0, "RightFoot": 0, "OtherBodyPart": 1, "YendLoc": 48.7, "ZendLoc": 48.7, "Goal": 0}, "10": {"XdistToGoal": 19.599999999999994, "YdistToGoal": 9.600000000000001, "Head": 0, "LeftFoot": 0, "RightFoot": 0, "OtherBodyPart": 1, "YendLoc": 30.9, "ZendLoc": 30.9, "Goal": 0}, "11": {"XdistToGoal": 17.700000000000003, "YdistToGoal": 16.799999999999997, "Head": 0, "LeftFoot": 0, "RightFoot": 0, "OtherBodyPart": 1, "YendLoc": 44.3, "ZendLoc": 4.0, "Goal": 0}, "12": {"XdistToGoal": 31.799999999999997, "YdistToGoal": 2.8999999999999986, "Head": 0, "LeftFoot": 0, "RightFoot": 0, "OtherBodyPart": 1, "YendLoc": 35.1, "ZendLoc": 0.4, "Goal": 0}, "13": {"XdistToGoal": 14.200000000000003, "YdistToGoal": 5.799999999999997, "Head": 0, "LeftFoot": 0, "RightFoot": 0, "OtherBodyPart": 1, "YendLoc": 34.6, "ZendLoc": 34.6, "Goal": 0}, "14": {"XdistToGoal": 21.700000000000003, "YdistToGoal": 1.2000000000000028, "Head": 0, "LeftFoot": 0, "RightFoot": 0, "OtherBodyPart": 1, "YendLoc": 40.2, "ZendLoc": 1.8, "Goal": 0}, "15": {"XdistToGoal": 23.799999999999997, "YdistToGoal": 1.7999999999999972, "Head": 0, "LeftFoot": 0, "RightFoot": 0, "OtherBodyPart": 1, "YendLoc": 40.1, "ZendLoc": 0.8, "Goal": 0}, "16": {"XdistToGoal": 5.299999999999997, "YdistToGoal": 11.700000000000003, "Head": 1, "LeftFoot": 0, "RightFoot": 0, "OtherBodyPart": 0, "YendLoc": 43.7, "ZendLoc": 43.7, "Goal": 0}, "17": {"XdistToGoal": 21.200000000000003, "YdistToGoal": 13.0, "Head": 0, "LeftFoot": 0, "RightFoot": 0, "OtherBodyPart": 1, "YendLoc": 29.5, "ZendLoc": 4.3, "Goal": 0}, "18": {"XdistToGoal": 30.5, "YdistToGoal": 0.7000000000000028, "Head": 0, "LeftFoot": 0, "RightFoot": 0, "OtherBodyPart": 1, "YendLoc": 41.7, "ZendLoc": 41.7, "Goal": 0}, "19": {"XdistToGoal": 34.5, "YdistToGoal": 11.399999999999999, "Head": 0, "LeftFoot": 0, "RightFoot": 0, "OtherBodyPart": 1, "YendLoc": 45.7, "ZendLoc": 5.6, "Goal": 0}, "20": {"XdistToGoal": 12.900000000000006, "YdistToGoal": 0.7000000000000028, "Head": 1, "LeftFoot": 0, "RightFoot": 0, "OtherBodyPart": 0, "YendLoc": 34.9, "ZendLoc": 0.5, "Goal": 0}}