{"0": {"XdistToGoal": 10.0, "YdistToGoal": 15.600000000000001, "Head": 0, "LeftFoot": 0, "RightFoot": 0, "OtherBodyPart": 1, "YendLoc": 33.4, "ZendLoc": 33.4, "Goal": 0}, "1": {"XdistToGoal": 12.599999999999994, "YdistToGoal": 12.5, "Head": 0, "LeftFoot": 0, "RightFoot": 0, "OtherBodyPart": 1, "YendLoc": 32.7, "ZendLoc": 0.2, "Goal": 0}, "2": {"XdistToGoal": 2.4000000000000057, "YdistToGoal": 10.799999999999997, "Head": 0, "LeftFoot": 0, "RightFoot": 0, "OtherBodyPart": 1, "YendLoc": 37.3, "ZendLoc": 1.7, "Goal": 1}, "3": {"XdistToGoal": 8.900000000000006, "YdistToGoal": 1.1000000000000014, "Head": 1, "LeftFoot": 0, "RightFoot": 0, "OtherBodyPart": 0, "YendLoc": 45.3, "ZendLoc": 2.7, "Goal": 0}, "4": {"XdistToGoal": 14.799999999999997, "YdistToGoal": 1.5, "Head": 0, "LeftFoot": 0, "RightFoot": 0, "OtherBodyPart": 1, "YendLoc": 41.9, "ZendLoc": 41.9, "Goal": 0}, "5": {"XdistToGoal": 27.0, "YdistToGoal": 0.3999999999999986, "Head": 0, "LeftFoot": 0, "RightFoot": 0, "OtherBodyPart": 1, "YendLoc": 40.6, "ZendLoc": 40.6, "Goal": 0}, "6": {"XdistToGoal": 5.900000000000006, "YdistToGoal": 1.2999999999999972, "Head": 0, "LeftFoot": 0, "RightFoot": 0, "OtherBodyPart": 1, "YendLoc": 39.0, "ZendLoc": 0.1, "Goal": 1}, "7": {"XdistToGoal": 14.700000000000003, "YdistToGoal": 14.799999999999997, "Head": 0, "LeftFoot": 0, "RightFoot": 0, "OtherBodyPart": 1, "YendLoc": 43.3, "ZendLoc": 2.2, "Goal": 1}, "8": {"XdistToGoal": 31.700000000000003, "YdistToGoal": 5.700000000000003, "Head": 0, "LeftFoot": 0, "RightFoot": 0, "OtherBodyPart": 1, "YendLoc": 34.8, "ZendLoc": 1.8, "Goal": 0}, "9": {"XdistToGoal": 7.900000000000006, "YdistToGoal": 3.700000000000003, "Head": 1, "LeftFoot": 0, "RightFoot": 0, "OtherBodyPart": 0, "YendLoc": 33.8, "ZendLoc": 1.6, "Goal": 0}, "10": {"XdistToGoal": 17.700000000000003, "YdistToGoal": 7.799999999999997, "Head": 0, "LeftFoot": 0, "RightFoot": 0, "OtherBodyPart": 1, "YendLoc": 42.1, "ZendLoc": 1.3, "Goal": 0}, "11": {"XdistToGoal": 7.599999999999994, "YdistToGoal": 7.299999999999997, "Head": 1, "LeftFoot": 0, "RightFoot": 0, "OtherBodyPart": 0, "YendLoc": 43.8, "ZendLoc": 1.3, "Goal": 0}, "12": {"XdistToGoal": 8.700000000000003, "YdistToGoal": 1.1000000000000014, "Head": 0, "LeftFoot": 0, "RightFoot": 0, "OtherBodyPart": 1, "YendLoc": 41.8, "ZendLoc": 0.1, "Goal": 1}, "13": {"XdistToGoal": 32.099999999999994, "YdistToGoal": 11.0, "Head": 0, "LeftFoot": 0, "RightFoot": 0, "OtherBodyPart": 1, "YendLoc": 41.1, "ZendLoc": 0.2, "Goal": 0}, "14": {"XdistToGoal": 25.599999999999994, "YdistToGoal": 3.200000000000003, "Head": 0, "LeftFoot": 0, "RightFoot": 0, "OtherBodyPart": 1, "YendLoc": 41.2, "ZendLoc": 0.8, "Goal": 0}, "15": {"XdistToGoal": 10.200000000000003, "YdistToGoal": 1.2999999999999972, "Head": 1, "LeftFoot": 0, "RightFoot": 0, "OtherBodyPart": 0, "YendLoc": 37.8, "ZendLoc": 5.2, "Goal": 0}, "16": {"XdistToGoal": 29.0, "YdistToGoal": 10.899999999999999, "Head": 0, "LeftFoot": 0, "RightFoot": 0, "OtherBodyPart": 1, "YendLoc": 35.0, "ZendLoc": 6.7, "Goal": 0}, "17": {"XdistToGoal": 23.299999999999997, "YdistToGoal": 7.200000000000003, "Head": 0, "LeftFoot": 0, "RightFoot": 0, "OtherBodyPart": 1, "YendLoc": 39.1, "ZendLoc": 4.3, "Goal": 0}, "18": {"XdistToGoal": 11.200000000000003, "YdistToGoal": 15.3, "Head": 0, "LeftFoot": 0, "RightFoot": 0, "OtherBodyPart": 1, "YendLoc": 38.4, "ZendLoc": 6.3, "Goal": 0}, "19": {"XdistToGoal": 13.900000000000006, "YdistToGoal": 14.0, "Head": 0, "LeftFoot": 0, "RightFoot": 0, "OtherBodyPart": 1, "YendLoc": 47.4, "ZendLoc": 0.5, "Goal": 0}, "20": {"XdistToGoal": 24.400000000000006, "YdistToGoal": 1.7000000000000028, "Head": 0, "LeftFoot": 0, "RightFoot": 0, "OtherBodyPart": 1, "YendLoc": 38.3, "ZendLoc": 0.2, "Goal": 0}}