{"0": {"XdistToGoal": 14.5, "YdistToGoal": 21.700000000000003, "Head": 0, "LeftFoot": 0, "RightFoot": 0, "OtherBodyPart": 1, "YendLoc": 44.9, "ZendLoc": 1.3, "Goal": 0}, "1": {"XdistToGoal": 15.799999999999997, "YdistToGoal": 8.200000000000003, "Head": 0, "LeftFoot": 0, "RightFoot": 0, "OtherBodyPart": 1, "YendLoc": 39.4, "ZendLoc": 4.9, "Goal": 0}, "2": {"XdistToGoal": 24.900000000000006, "YdistToGoal": 8.3, "Head": 0, "LeftFoot": 0, "RightFoot": 0, "OtherBodyPart": 1, "YendLoc": 40.1, "ZendLoc": 2.0, "Goal": 0}, "3": {"XdistToGoal": 20.400000000000006, "YdistToGoal": 0.3999999999999986, "Head": 0, "LeftFoot": 0, "RightFoot": 0, "OtherBodyPart": 1, "YendLoc": 36.6, "ZendLoc": 0.5, "Goal": 1}, "4": {"XdistToGoal": 22.400000000000006, "YdistToGoal": 4.899999999999999, "Head": 0, "LeftFoot": 0, "RightFoot": 0, "OtherBodyPart": 1, "YendLoc": 44.4, "ZendLoc": 44.4, "Goal": 0}, "5": {"XdistToGoal": 7.700000000000003, "YdistToGoal": 15.5, "Head": 0, "LeftFoot": 0, "RightFoot": 0, "OtherBodyPart": 1, "YendLoc": 35.7, "ZendLoc": 1.6, "Goal": 0}, "6": {"XdistToGoal": 10.0, "YdistToGoal": 4.299999999999997, "Head": 1, "LeftFoot": 0, "RightFoot": 0, "OtherBodyPart": 0, "YendLoc": 44.1, "ZendLoc": 4.0, "Goal": 0}, "7": {"XdistToGoal": 25.700000000000003, "YdistToGoal": 10.899999999999999, "Head": 0, "LeftFoot": 0, "RightFoot": 0, "OtherBodyPart": 1, "YendLoc": 31.2, "ZendLoc": 31.2, "Goal": 0}, "8": {"XdistToGoal": 8.599999999999994, "YdistToGoal": 11.100000000000001, "Head": 1, "LeftFoot": 0, "RightFoot": 0, "OtherBodyPart": 0, "YendLoc": 33.6, "ZendLoc": 1.3, "Goal": 0}, "9": {"XdistToGoal": 15.099999999999994, "YdistToGoal": 1.8999999999999986, "Head": 0, "LeftFoot": 0, "RightFoot": 0, "OtherBodyPart": 1, "YendLoc": 36.9, "ZendLoc": 4.5, "Goal": 0}, "10": {"XdistToGoal": 6.400000000000006, "YdistToGoal": 1.1000000000000014, "Head": 1, "LeftFoot": 0, "RightFoot": 0, "OtherBodyPart": 0, "YendLoc": 49.6, "ZendLoc": 1.1, "Goal": 0}, "11": {"XdistToGoal": 26.700000000000003, "YdistToGoal": 1.3999999999999986, "Head": 0, "LeftFoot": 0, "RightFoot": 0, "OtherBodyPart": 1, "YendLoc": 41.1, "ZendLoc": 0.2, "Goal": 0}, "12": {"XdistToGoal": 27.700000000000003, "YdistToGoal": 10.2, "Head": 0, "LeftFoot": 0, "RightFoot": 0, "OtherBodyPart": 1, "YendLoc": 47.2, "ZendLoc": 6.7, "Goal": 0}, "13": {"XdistToGoal": 11.299999999999997, "YdistToGoal": 13.399999999999999, "Head": 0, "LeftFoot": 0, "RightFoot": 0, "OtherBodyPart": 1, "YendLoc": 38.5, "ZendLoc": 0.2, "Goal": 0}, "14": {"XdistToGoal": 5.599999999999994, "YdistToGoal": 0.20000000000000284, "Head": 1, "LeftFoot": 0, "RightFoot": 0, "OtherBodyPart": 0, "YendLoc": 39.5, "ZendLoc": 1.6, "Goal": 1}, "15": {"XdistToGoal": 14.200000000000003, "YdistToGoal": 5.600000000000001, "Head": 0, "LeftFoot": 0, "RightFoot": 0, "OtherBodyPart": 1, "YendLoc": 35.4, "ZendLoc": 35.4, "Goal": 0}, "16": {"XdistToGoal": 21.400000000000006, "YdistToGoal": 14.399999999999999, "Head": 0, "LeftFoot": 0, "RightFoot": 0, "OtherBodyPart": 1, "YendLoc": 31.1, "ZendLoc": 4.9, "Goal": 0}, "17": {"XdistToGoal": 5.700000000000003, "YdistToGoal": 11.700000000000003, "Head": 1, "LeftFoot": 0, "RightFoot": 0, "OtherBodyPart": 0, "YendLoc": 44.8, "ZendLoc": 2.0, "Goal": 0}, "18": {"XdistToGoal": 14.599999999999994, "YdistToGoal": 4.799999999999997, "Head": 0, "LeftFoot": 0, "RightFoot": 0, "OtherBodyPart": 1, "YendLoc": 35.7, "ZendLoc": 35.7, "Goal": 0}, "19": {"XdistToGoal": 10.799999999999997, "YdistToGoal": 4.700000000000003, "Head": 1, "LeftFoot": 0, "RightFoot": 0, "OtherBodyPart": 0, "YendLoc": 29.7, "ZendLoc": 0.3, "Goal": 0}, "20": {"XdistToGoal": 6.400000000000006, "YdistToGoal": 12.799999999999997, "Head": 0, "LeftFoot": 0, "RightFoot": 0, "OtherBodyPart": 1, "YendLoc": 44.8, "ZendLoc": 0.9, "Goal": 0}, "21": {"XdistToGoal": 58.5, "YdistToGoal": 3.799999999999997, "Head": 0, "LeftFoot": 0, "RightFoot": 0, "OtherBodyPart": 1, "YendLoc": 36.6, "ZendLoc": 1.3, "Goal": 0}, "22": {"XdistToGoal": 8.799999999999997, "YdistToGoal": 2.299999999999997, "Head": 0, "LeftFoot": 0, "RightFoot": 0, "OtherBodyPart": 1, "YendLoc": 39.9, "ZendLoc": 3.8, "Goal": 0}, "23": {"XdistToGoal": 20.900000000000006, "YdistToGoal": 11.100000000000001, "Head": 0, "LeftFoot": 0, "RightFoot": 0, "OtherBodyPart": 1, "YendLoc": 49.8, "ZendLoc": 49.8, "Goal": 0}, "24": {"XdistToGoal": 22.400000000000006, "YdistToGoal": 8.100000000000001, "Head": 0, "LeftFoot": 0, "RightFoot": 0, "OtherBodyPart": 1, "YendLoc": 35.0, "ZendLoc": 0.2, "Goal": 0}, "25": {"XdistToGoal": 23.599999999999994, "YdistToGoal": 14.8, "Head": 0, "LeftFoot": 0, "RightFoot": 0, "OtherBodyPart": 1, "YendLoc": 39.5, "ZendLoc": 39.5, "Goal": 0}, "26": {"XdistToGoal": 42.400000000000006, "YdistToGoal": 1.3999999999999986, "Head": 0, "LeftFoot": 0, "RightFoot": 0, "OtherBodyPart": 1, "YendLoc": 30.5, "ZendLoc": 30.5, "Goal": 0}, "27": {"XdistToGoal": 0.7999999999999972, "YdistToGoal": 10.0, "Head": 0, "LeftFoot": 0, "RightFoot": 0, "OtherBodyPart": 1, "YendLoc": 44.3, "ZendLoc": 1.3, "Goal": 0}, "28": {"XdistToGoal": 11.5, "YdistToGoal": 11.2, "Head": 0, "LeftFoot": 0, "RightFoot": 0, "OtherBodyPart": 1, "YendLoc": 33.3, "ZendLoc": 2.0, "Goal": 0}, "29": {"XdistToGoal": 0.7999999999999972, "YdistToGoal": 12.100000000000001, "Head": 0, "LeftFoot": 0, "RightFoot": 0, "OtherBodyPart": 1, "YendLoc": 34.9, "ZendLoc": 1.2, "Goal": 0}, "30": {"XdistToGoal": 30.799999999999997, "YdistToGoal": 1.2000000000000028, "Head": 0, "LeftFoot": 0, "RightFoot": 0, "OtherBodyPart": 1, "YendLoc": 39.0, "ZendLoc": 0.5, "Goal": 0}, "31": {"XdistToGoal": 31.599999999999994, "YdistToGoal": 2.700000000000003, "Head": 0, "LeftFoot": 0, "RightFoot": 0, "OtherBodyPart": 1, "YendLoc": 43.8, "ZendLoc": 1.7, "Goal": 0}, "32": {"XdistToGoal": 20.599999999999994, "YdistToGoal": 17.9, "Head": 0, "LeftFoot": 0, "RightFoot": 0, "OtherBodyPart": 1, "YendLoc": 44.8, "ZendLoc": 0.2, "Goal": 0}, "33": {"XdistToGoal": 25.200000000000003, "YdistToGoal": 10.7, "Head": 0, "LeftFoot": 0, "RightFoot": 0, "OtherBodyPart": 1, "YendLoc": 36.5, "ZendLoc": 0.0, "Goal": 0}, "34": {"XdistToGoal": 20.200000000000003, "YdistToGoal": 9.799999999999997, "Head": 0, "LeftFoot": 0, "RightFoot": 0, "OtherBodyPart": 1, "YendLoc": 49.2, "ZendLoc": 49.2, "Goal": 0}}