{"0": {"XdistToGoal": 23.200000000000003, "YdistToGoal": 15.799999999999997, "Head": 0, "LeftFoot": 0, "RightFoot": 0, "OtherBodyPart": 1, "YendLoc": 35.2, "ZendLoc": 4.0, "Goal": 0}, "1": {"XdistToGoal": 28.200000000000003, "YdistToGoal": 0.10000000000000142, "Head": 0, "LeftFoot": 0, "RightFoot": 0, "OtherBodyPart": 1, "YendLoc": 40.0, "ZendLoc": 0.2, "Goal": 0}, "2": {"XdistToGoal": 33.400000000000006, "YdistToGoal": 14.100000000000001, "Head": 0, "LeftFoot": 0, "RightFoot": 0, "OtherBodyPart": 1, "YendLoc": 48.7, "ZendLoc": 4.1, "Goal": 0}, "3": {"XdistToGoal": 7.799999999999997, "YdistToGoal": 7.5, "Head": 1, "LeftFoot": 0, "RightFoot": 0, "OtherBodyPart": 0, "YendLoc": 33.6, "ZendLoc": 33.6, "Goal": 0}, "4": {"XdistToGoal": 9.700000000000003, "YdistToGoal": 11.700000000000003, "Head": 0, "LeftFoot": 0, "RightFoot": 0, "OtherBodyPart": 1, "YendLoc": 44.9, "ZendLoc": 0.4, "Goal": 0}, "5": {"XdistToGoal": 10.700000000000003, "YdistToGoal": 7.700000000000003, "Head": 1, "LeftFoot": 0, "RightFoot": 0, "OtherBodyPart": 0, "YendLoc": 43.4, "ZendLoc": 3.2, "Goal": 0}, "6": {"XdistToGoal": 21.0, "YdistToGoal": 3.799999999999997, "Head": 0, "LeftFoot": 0, "RightFoot": 0, "OtherBodyPart": 1, "YendLoc": 43.3, "ZendLoc": 43.3, "Goal": 0}, "7": {"XdistToGoal": 7.900000000000006, "YdistToGoal": 0.8999999999999986, "Head": 1, "LeftFoot": 0, "RightFoot": 0, "OtherBodyPart": 0, "YendLoc": 40.3, "ZendLoc": 0.2, "Goal": 0}, "8": {"XdistToGoal": 27.200000000000003, "YdistToGoal": 10.0, "Head": 0, "LeftFoot": 0, "RightFoot": 0, "OtherBodyPart": 1, "YendLoc": 49.9, "ZendLoc": 49.9, "Goal": 0}, "9": {"XdistToGoal": 21.700000000000003, "YdistToGoal": 12.100000000000001, "Head": 0, "LeftFoot": 0, "RightFoot": 0, "OtherBodyPart": 1, "YendLoc": 37.1, "ZendLoc": 2.3, "Goal": 0}, "10": {"XdistToGoal": 17.400000000000006, "YdistToGoal": 2.3999999999999986, "Head": 0, "LeftFoot": 0, "RightFoot": 0, "OtherBodyPart": 1, "YendLoc": 38.1, "ZendLoc": 38.1, "Goal": 0}, "11": {"XdistToGoal": 27.200000000000003, "YdistToGoal": 1.3999999999999986, "Head": 0, "LeftFoot": 0, "RightFoot": 0, "OtherBodyPart": 1, "YendLoc": 41.5, "ZendLoc": 41.5, "Goal": 0}, "12": {"XdistToGoal": 26.900000000000006, "YdistToGoal": 5.0, "Head": 0, "LeftFoot": 0, "RightFoot": 0, "OtherBodyPart": 1, "YendLoc": 35.7, "ZendLoc": 5.3, "Goal": 0}, "13": {"XdistToGoal": 21.0, "YdistToGoal": 11.700000000000003, "Head": 0, "LeftFoot": 0, "RightFoot": 0, "OtherBodyPart": 1, "YendLoc": 45.8, "ZendLoc": 45.8, "Goal": 0}, "14": {"XdistToGoal": 3.5, "YdistToGoal": 11.3, "Head": 0, "LeftFoot": 0, "RightFoot": 0, "OtherBodyPart": 1, "YendLoc": 33.8, "ZendLoc": 1.1, "Goal": 0}, "15": {"XdistToGoal": 26.0, "YdistToGoal": 17.5, "Head": 0, "LeftFoot": 0, "RightFoot": 0, "OtherBodyPart": 1, "YendLoc": 27.9, "ZendLoc": 27.9, "Goal": 0}, "16": {"XdistToGoal": 6.599999999999994, "YdistToGoal": 9.0, "Head": 0, "LeftFoot": 0, "RightFoot": 0, "OtherBodyPart": 1, "YendLoc": 42.1, "ZendLoc": 42.1, "Goal": 0}, "17": {"XdistToGoal": 12.799999999999997, "YdistToGoal": 11.600000000000001, "Head": 0, "LeftFoot": 0, "RightFoot": 0, "OtherBodyPart": 1, "YendLoc": 45.2, "ZendLoc": 0.2, "Goal": 0}, "18": {"XdistToGoal": 8.400000000000006, "YdistToGoal": 10.600000000000001, "Head": 0, "LeftFoot": 0, "RightFoot": 0, "OtherBodyPart": 1, "YendLoc": 36.1, "ZendLoc": 0.2, "Goal": 0}, "19": {"XdistToGoal": 8.700000000000003, "YdistToGoal": 2.700000000000003, "Head": 1, "LeftFoot": 0, "RightFoot": 0, "OtherBodyPart": 0, "YendLoc": 37.5, "ZendLoc": 37.5, "Goal": 0}, "20": {"XdistToGoal": 14.900000000000006, "YdistToGoal": 16.9, "Head": 0, "LeftFoot": 0, "RightFoot": 0, "OtherBodyPart": 1, "YendLoc": 39.4, "ZendLoc": 4.4, "Goal": 0}, "21": {"XdistToGoal": 20.0, "YdistToGoal": 15.899999999999999, "Head": 0, "LeftFoot": 0, "RightFoot": 0, "OtherBodyPart": 1, "YendLoc": 38.6, "ZendLoc": 0.9, "Goal": 0}, "22": {"XdistToGoal": 14.0, "YdistToGoal": 7.600000000000001, "Head": 0, "LeftFoot": 0, "RightFoot": 0, "OtherBodyPart": 1, "YendLoc": 44.0, "ZendLoc": 0.6, "Goal": 0}, "23": {"XdistToGoal": 9.599999999999994, "YdistToGoal": 0.5, "Head": 0, "LeftFoot": 0, "RightFoot": 0, "OtherBodyPart": 1, "YendLoc": 39.4, "ZendLoc": 39.4, "Goal": 0}, "24": {"XdistToGoal": 10.700000000000003, "YdistToGoal": 6.0, "Head": 0, "LeftFoot": 0, "RightFoot": 0, "OtherBodyPart": 1, "YendLoc": 37.6, "ZendLoc": 0.3, "Goal": 0}, "25": {"XdistToGoal": 13.299999999999997, "YdistToGoal": 4.700000000000003, "Head": 0, "LeftFoot": 0, "RightFoot": 0, "OtherBodyPart": 1, "YendLoc": 36.8, "ZendLoc": 1.1, "Goal": 1}, "26": {"XdistToGoal": 8.299999999999997, "YdistToGoal": 0.0, "Head": 0, "LeftFoot": 0, "RightFoot": 0, "OtherBodyPart": 1, "YendLoc": 42.7, "ZendLoc": 0.3, "Goal": 1}, "27": {"XdistToGoal": 8.099999999999994, "YdistToGoal": 7.5, "Head": 1, "LeftFoot": 0, "RightFoot": 0, "OtherBodyPart": 0, "YendLoc": 37.3, "ZendLoc": 0.9, "Goal": 0}, "28": {"XdistToGoal": 14.599999999999994, "YdistToGoal": 20.9, "Head": 0, "LeftFoot": 0, "RightFoot": 0, "OtherBodyPart": 1, "YendLoc": 22.3, "ZendLoc": 22.3, "Goal": 0}, "29": {"XdistToGoal": 17.0, "YdistToGoal": 3.799999999999997, "Head": 0, "LeftFoot": 0, "RightFoot": 0, "OtherBodyPart": 1, "YendLoc": 37.3, "ZendLoc": 37.3, "Goal": 0}, "30": {"XdistToGoal": 15.0, "YdistToGoal": 3.5, "Head": 0, "LeftFoot": 0, "RightFoot": 0, "OtherBodyPart": 1, "YendLoc": 41.2, "ZendLoc": 0.5, "Goal": 1}}