{"0": {"XdistToGoal": 38.7, "YdistToGoal": 1.2000000000000028, "Head": 0, "LeftFoot": 0, "RightFoot": 0, "OtherBodyPart": 1, "YendLoc": 29.0, "ZendLoc": 0.1, "Goal": 0}, "1": {"XdistToGoal": 21.900000000000006, "YdistToGoal": 13.799999999999997, "Head": 0, "LeftFoot": 0, "RightFoot": 0, "OtherBodyPart": 1, "YendLoc": 45.3, "ZendLoc": 1.2, "Goal": 0}, "2": {"XdistToGoal": 30.299999999999997, "YdistToGoal": 4.299999999999997, "Head": 0, "LeftFoot": 0, "RightFoot": 0, "OtherBodyPart": 1, "YendLoc": 37.1, "ZendLoc": 37.1, "Goal": 0}, "3": {"XdistToGoal": 24.700000000000003, "YdistToGoal": 1.8999999999999986, "Head": 0, "LeftFoot": 0, "RightFoot": 0, "OtherBodyPart": 1, "YendLoc": 36.6, "ZendLoc": 1.3, "Goal": 1}, "4": {"XdistToGoal": 28.200000000000003, "YdistToGoal": 0.20000000000000284, "Head": 0, "LeftFoot": 0, "RightFoot": 0, "OtherBodyPart": 1, "YendLoc": 43.2, "ZendLoc": 1.6, "Goal": 0}, "5": {"XdistToGoal": 15.5, "YdistToGoal": 11.399999999999999, "Head": 0, "LeftFoot": 0, "RightFoot": 0, "OtherBodyPart": 1, "YendLoc": 31.3, "ZendLoc": 31.3, "Goal": 0}, "6": {"XdistToGoal": 10.099999999999994, "YdistToGoal": 4.200000000000003, "Head": 0, "LeftFoot": 0, "RightFoot": 0, "OtherBodyPart": 1, "YendLoc": 40.4, "ZendLoc": 0.2, "Goal": 0}, "7": {"XdistToGoal": 12.599999999999994, "YdistToGoal": 7.200000000000003, "Head": 0, "LeftFoot": 0, "RightFoot": 0, "OtherBodyPart": 1, "YendLoc": 43.6, "ZendLoc": 0.7, "Goal": 0}, "8": {"XdistToGoal": 7.599999999999994, "YdistToGoal": 2.8999999999999986, "Head": 1, "LeftFoot": 0, "RightFoot": 0, "OtherBodyPart": 0, "YendLoc": 44.7, "ZendLoc": 0.9, "Goal": 0}, "9": {"XdistToGoal": 13.599999999999994, "YdistToGoal": 0.6000000000000014, "Head": 0, "LeftFoot": 0, "RightFoot": 0, "OtherBodyPart": 1, "YendLoc": 26.2, "ZendLoc": 26.2, "Goal": 0}, "10": {"XdistToGoal": 22.200000000000003, "YdistToGoal": 17.7, "Head": 0, "LeftFoot": 0, "RightFoot": 0, "OtherBodyPart": 1, "YendLoc": 38.2, "ZendLoc": 1.5, "Goal": 0}, "11": {"XdistToGoal": 17.299999999999997, "YdistToGoal": 12.5, "Head": 0, "LeftFoot": 0, "RightFoot": 0, "OtherBodyPart": 1, "YendLoc": 41.5, "ZendLoc": 0.2, "Goal": 0}, "12": {"XdistToGoal": 5.700000000000003, "YdistToGoal": 7.0, "Head": 1, "LeftFoot": 0, "RightFoot": 0, "OtherBodyPart": 0, "YendLoc": 43.3, "ZendLoc": 1.6, "Goal": 0}, "13": {"XdistToGoal": 11.200000000000003, "YdistToGoal": 13.600000000000001, "Head": 0, "LeftFoot": 0, "RightFoot": 0, "OtherBodyPart": 1, "YendLoc": 45.4, "ZendLoc": 45.4, "Goal": 0}, "14": {"XdistToGoal": 20.400000000000006, "YdistToGoal": 15.700000000000003, "Head": 0, "LeftFoot": 0, "RightFoot": 0, "OtherBodyPart": 1, "YendLoc": 54.9, "ZendLoc": 54.9, "Goal": 0}, "15": {"XdistToGoal": 10.799999999999997, "YdistToGoal": 7.600000000000001, "Head": 0, "LeftFoot": 0, "RightFoot": 0, "OtherBodyPart": 1, "YendLoc": 40.0, "ZendLoc": 1.4, "Goal": 0}, "16": {"XdistToGoal": 26.900000000000006, "YdistToGoal": 14.8, "Head": 0, "LeftFoot": 0, "RightFoot": 0, "OtherBodyPart": 1, "YendLoc": 54.1, "ZendLoc": 0.2, "Goal": 0}, "17": {"XdistToGoal": 16.599999999999994, "YdistToGoal": 19.7, "Head": 0, "LeftFoot": 0, "RightFoot": 0, "OtherBodyPart": 1, "YendLoc": 28.8, "ZendLoc": 4.8, "Goal": 0}, "18": {"XdistToGoal": 21.200000000000003, "YdistToGoal": 5.399999999999999, "Head": 0, "LeftFoot": 0, "RightFoot": 0, "OtherBodyPart": 1, "YendLoc": 51.8, "ZendLoc": 5.0, "Goal": 0}, "19": {"XdistToGoal": 6.900000000000006, "YdistToGoal": 1.7000000000000028, "Head": 1, "LeftFoot": 0, "RightFoot": 0, "OtherBodyPart": 0, "YendLoc": 37.4, "ZendLoc": 5.6, "Goal": 0}, "20": {"XdistToGoal": 8.700000000000003, "YdistToGoal": 7.899999999999999, "Head": 0, "LeftFoot": 0, "RightFoot": 0, "OtherBodyPart": 1, "YendLoc": 35.8, "ZendLoc": 0.7, "Goal": 0}, "21": {"XdistToGoal": 8.5, "YdistToGoal": 7.799999999999997, "Head": 0, "LeftFoot": 0, "RightFoot": 0, "OtherBodyPart": 1, "YendLoc": 43.3, "ZendLoc": 1.7, "Goal": 1}, "22": {"XdistToGoal": 20.900000000000006, "YdistToGoal": 11.399999999999999, "Head": 0, "LeftFoot": 0, "RightFoot": 0, "OtherBodyPart": 1, "YendLoc": 48.3, "ZendLoc": 1.4, "Goal": 0}, "23": {"XdistToGoal": 14.099999999999994, "YdistToGoal": 5.5, "Head": 0, "LeftFoot": 0, "RightFoot": 0, "OtherBodyPart": 1, "YendLoc": 34.6, "ZendLoc": 34.6, "Goal": 0}, "24": {"XdistToGoal": 19.200000000000003, "YdistToGoal": 6.799999999999997, "Head": 0, "LeftFoot": 0, "RightFoot": 0, "OtherBodyPart": 1, "YendLoc": 31.7, "ZendLoc": 0.5, "Goal": 0}, "25": {"XdistToGoal": 21.700000000000003, "YdistToGoal": 17.200000000000003, "Head": 0, "LeftFoot": 0, "RightFoot": 0, "OtherBodyPart": 1, "YendLoc": 41.8, "ZendLoc": 2.3, "Goal": 0}, "26": {"XdistToGoal": 12.099999999999994, "YdistToGoal": 10.399999999999999, "Head": 0, "LeftFoot": 0, "RightFoot": 0, "OtherBodyPart": 1, "YendLoc": 29.9, "ZendLoc": 0.1, "Goal": 0}, "27": {"XdistToGoal": 26.200000000000003, "YdistToGoal": 20.6, "Head": 0, "LeftFoot": 0, "RightFoot": 0, "OtherBodyPart": 1, "YendLoc": 43.3, "ZendLoc": 1.5, "Goal": 0}, "28": {"XdistToGoal": 5.299999999999997, "YdistToGoal": 7.0, "Head": 0, "LeftFoot": 0, "RightFoot": 0, "OtherBodyPart": 1, "YendLoc": 23.5, "ZendLoc": 0.1, "Goal": 0}, "29": {"XdistToGoal": 12.0, "YdistToGoal": 0.0, "Head": 0, "LeftFoot": 0, "RightFoot": 0, "OtherBodyPart": 1, "YendLoc": 38.5, "ZendLoc": 0.1, "Goal": 1}, "30": {"XdistToGoal": 19.900000000000006, "YdistToGoal": 12.200000000000003, "Head": 0, "LeftFoot": 0, "RightFoot": 0, "OtherBodyPart": 1, "YendLoc": 34.4, "ZendLoc": 0.8, "Goal": 0}}