{"0": {"XdistToGoal": 11.900000000000006, "YdistToGoal": 12.0, "Head": 0, "LeftFoot": 0, "RightFoot": 0, "OtherBodyPart": 1, "YendLoc": 36.3, "ZendLoc": 0.3, "Goal": 0}, "1": {"XdistToGoal": 7.599999999999994, "YdistToGoal": 4.0, "Head": 1, "LeftFoot": 0, "RightFoot": 0, "OtherBodyPart": 0, "YendLoc": 46.9, "ZendLoc": 0.9, "Goal": 0}, "2": {"XdistToGoal": 11.400000000000006, "YdistToGoal": 7.799999999999997, "Head": 0, "LeftFoot": 0, "RightFoot": 0, "OtherBodyPart": 1, "YendLoc": 40.9, "ZendLoc": 1.3, "Goal": 0}, "3": {"XdistToGoal": 2.700000000000003, "YdistToGoal": 6.600000000000001, "Head": 1, "LeftFoot": 0, "RightFoot": 0, "OtherBodyPart": 0, "YendLoc": 44.6, "ZendLoc": 1.5, "Goal": 0}, "4": {"XdistToGoal": 23.900000000000006, "YdistToGoal": 10.799999999999997, "Head": 0, "LeftFoot": 0, "RightFoot": 0, "OtherBodyPart": 1, "YendLoc": 47.0, "ZendLoc": 47.0, "Goal": 0}, "5": {"XdistToGoal": 15.599999999999994, "YdistToGoal": 13.100000000000001, "Head": 0, "LeftFoot": 0, "RightFoot": 0, "OtherBodyPart": 1, "YendLoc": 43.4, "ZendLoc": 0.9, "Goal": 0}, "6": {"XdistToGoal": 8.400000000000006, "YdistToGoal": 12.799999999999997, "Head": 0, "LeftFoot": 0, "RightFoot": 0, "OtherBodyPart": 1, "YendLoc": 50.9, "ZendLoc": 50.9, "Goal": 0}, "7": {"XdistToGoal": 19.200000000000003, "YdistToGoal": 14.200000000000003, "Head": 0, "LeftFoot": 0, "RightFoot": 0, "OtherBodyPart": 1, "YendLoc": 48.0, "ZendLoc": 48.0, "Goal": 0}, "8": {"XdistToGoal": 13.400000000000006, "YdistToGoal": 11.100000000000001, "Head": 0, "LeftFoot": 0, "RightFoot": 0, "OtherBodyPart": 1, "YendLoc": 39.6, "ZendLoc": 39.6, "Goal": 0}, "9": {"XdistToGoal": 23.400000000000006, "YdistToGoal": 2.799999999999997, "Head": 0, "LeftFoot": 0, "RightFoot": 0, "OtherBodyPart": 1, "YendLoc": 42.8, "ZendLoc": 42.8, "Goal": 0}, "10": {"XdistToGoal": 27.400000000000006, "YdistToGoal": 6.600000000000001, "Head": 0, "LeftFoot": 0, "RightFoot": 0, "OtherBodyPart": 1, "YendLoc": 46.2, "ZendLoc": 46.2, "Goal": 0}, "11": {"XdistToGoal": 11.700000000000003, "YdistToGoal": 0.7999999999999972, "Head": 1, "LeftFoot": 0, "RightFoot": 0, "OtherBodyPart": 0, "YendLoc": 46.4, "ZendLoc": 0.6, "Goal": 0}, "12": {"XdistToGoal": 31.400000000000006, "YdistToGoal": 7.100000000000001, "Head": 0, "LeftFoot": 0, "RightFoot": 0, "OtherBodyPart": 1, "YendLoc": 45.3, "ZendLoc": 45.3, "Goal": 0}, "13": {"XdistToGoal": 10.400000000000006, "YdistToGoal": 6.100000000000001, "Head": 1, "LeftFoot": 0, "RightFoot": 0, "OtherBodyPart": 0, "YendLoc": 41.7, "ZendLoc": 0.7, "Goal": 0}, "14": {"XdistToGoal": 4.200000000000003, "YdistToGoal": 2.3999999999999986, "Head": 0, "LeftFoot": 0, "RightFoot": 0, "OtherBodyPart": 1, "YendLoc": 41.6, "ZendLoc": 0.2, "Goal": 1}, "15": {"XdistToGoal": 13.900000000000006, "YdistToGoal": 3.0, "Head": 1, "LeftFoot": 0, "RightFoot": 0, "OtherBodyPart": 0, "YendLoc": 38.5, "ZendLoc": 38.5, "Goal": 0}, "16": {"XdistToGoal": 16.400000000000006, "YdistToGoal": 7.799999999999997, "Head": 0, "LeftFoot": 0, "RightFoot": 0, "OtherBodyPart": 1, "YendLoc": 36.1, "ZendLoc": 1.2, "Goal": 0}, "17": {"XdistToGoal": 6.200000000000003, "YdistToGoal": 3.0, "Head": 0, "LeftFoot": 0, "RightFoot": 0, "OtherBodyPart": 1, "YendLoc": 37.7, "ZendLoc": 1.2, "Goal": 1}}