{"0": {"XdistToGoal": 5.599999999999994, "YdistToGoal": 2.0, "Head": 1, "LeftFoot": 0, "RightFoot": 0, "OtherBodyPart": 0, "YendLoc": 78.9, "ZendLoc": 78.9, "Goal": 0}, "1": {"XdistToGoal": 12.700000000000003, "YdistToGoal": 1.6000000000000014, "Head": 1, "LeftFoot": 0, "RightFoot": 0, "OtherBodyPart": 0, "YendLoc": 40.1, "ZendLoc": 1.1, "Goal": 0}, "2": {"XdistToGoal": 22.599999999999994, "YdistToGoal": 1.7999999999999972, "Head": 0, "LeftFoot": 0, "RightFoot": 0, "OtherBodyPart": 1, "YendLoc": 34.8, "ZendLoc": 0.2, "Goal": 0}, "3": {"XdistToGoal": 24.099999999999994, "YdistToGoal": 10.600000000000001, "Head": 0, "LeftFoot": 0, "RightFoot": 0, "OtherBodyPart": 1, "YendLoc": 33.9, "ZendLoc": 0.4, "Goal": 0}, "4": {"XdistToGoal": 16.200000000000003, "YdistToGoal": 7.799999999999997, "Head": 1, "LeftFoot": 0, "RightFoot": 0, "OtherBodyPart": 0, "YendLoc": 36.7, "ZendLoc": 1.4, "Goal": 1}, "5": {"XdistToGoal": 33.599999999999994, "YdistToGoal": 6.399999999999999, "Head": 0, "LeftFoot": 0, "RightFoot": 0, "OtherBodyPart": 1, "YendLoc": 34.1, "ZendLoc": 34.1, "Goal": 0}, "6": {"XdistToGoal": 7.5, "YdistToGoal": 0.7999999999999972, "Head": 1, "LeftFoot": 0, "RightFoot": 0, "OtherBodyPart": 0, "YendLoc": 39.5, "ZendLoc": 39.5, "Goal": 0}, "7": {"XdistToGoal": 27.599999999999994, "YdistToGoal": 12.399999999999999, "Head": 0, "LeftFoot": 0, "RightFoot": 0, "OtherBodyPart": 1, "YendLoc": 38.2, "ZendLoc": 0.2, "Goal": 0}, "8": {"XdistToGoal": 19.700000000000003, "YdistToGoal": 20.4, "Head": 0, "LeftFoot": 0, "RightFoot": 0, "OtherBodyPart": 1, "YendLoc": 46.2, "ZendLoc": 0.9, "Goal": 0}, "9": {"XdistToGoal": 8.599999999999994, "YdistToGoal": 13.0, "Head": 0, "LeftFoot": 0, "RightFoot": 0, "OtherBodyPart": 1, "YendLoc": 42.2, "ZendLoc": 0.2, "Goal": 1}, "10": {"XdistToGoal": 28.799999999999997, "YdistToGoal": 2.700000000000003, "Head": 0, "LeftFoot": 0, "RightFoot": 0, "OtherBodyPart": 1, "YendLoc": 44.9, "ZendLoc": 2.3, "Goal": 0}, "11": {"XdistToGoal": 16.200000000000003, "YdistToGoal": 0.7000000000000028, "Head": 0, "LeftFoot": 0, "RightFoot": 0, "OtherBodyPart": 1, "YendLoc": 36.7, "ZendLoc": 36.7, "Goal": 0}, "12": {"XdistToGoal": 13.700000000000003, "YdistToGoal": 8.5, "Head": 0, "LeftFoot": 0, "RightFoot": 0, "OtherBodyPart": 1, "YendLoc": 32.4, "ZendLoc": 32.4, "Goal": 0}, "13": {"XdistToGoal": 31.900000000000006, "YdistToGoal": 0.8999999999999986, "Head": 0, "LeftFoot": 0, "RightFoot": 0, "OtherBodyPart": 1, "YendLoc": 46.2, "ZendLoc": 1.3, "Goal": 0}, "14": {"XdistToGoal": 11.099999999999994, "YdistToGoal": 3.1000000000000014, "Head": 0, "LeftFoot": 0, "RightFoot": 0, "OtherBodyPart": 1, "YendLoc": 35.9, "ZendLoc": 0.2, "Goal": 0}, "15": {"XdistToGoal": 26.799999999999997, "YdistToGoal": 2.5, "Head": 0, "LeftFoot": 0, "RightFoot": 0, "OtherBodyPart": 1, "YendLoc": 31.2, "ZendLoc": 0.5, "Goal": 0}, "16": {"XdistToGoal": 11.900000000000006, "YdistToGoal": 23.6, "Head": 0, "LeftFoot": 0, "RightFoot": 0, "OtherBodyPart": 1, "YendLoc": 40.9, "ZendLoc": 4.2, "Goal": 0}, "17": {"XdistToGoal": 20.299999999999997, "YdistToGoal": 4.200000000000003, "Head": 0, "LeftFoot": 0, "RightFoot": 0, "OtherBodyPart": 1, "YendLoc": 36.3, "ZendLoc": 36.3, "Goal": 0}}