{"0": {"XdistToGoal": 26.900000000000006, "YdistToGoal": 7.299999999999997, "Head": 0, "LeftFoot": 0, "RightFoot": 0, "OtherBodyPart": 1, "YendLoc": 33.3, "ZendLoc": 33.3, "Goal": 0}, "1": {"XdistToGoal": 17.099999999999994, "YdistToGoal": 10.100000000000001, "Head": 0, "LeftFoot": 0, "RightFoot": 0, "OtherBodyPart": 1, "YendLoc": 35.0, "ZendLoc": 0.9, "Goal": 0}, "2": {"XdistToGoal": 6.900000000000006, "YdistToGoal": 5.399999999999999, "Head": 1, "LeftFoot": 0, "RightFoot": 0, "OtherBodyPart": 0, "YendLoc": 51.7, "ZendLoc": 0.6, "Goal": 0}, "3": {"XdistToGoal": 20.900000000000006, "YdistToGoal": 17.5, "Head": 0, "LeftFoot": 0, "RightFoot": 0, "OtherBodyPart": 1, "YendLoc": 36.6, "ZendLoc": 1.9, "Goal": 1}, "4": {"XdistToGoal": 18.099999999999994, "YdistToGoal": 6.100000000000001, "Head": 0, "LeftFoot": 0, "RightFoot": 0, "OtherBodyPart": 1, "YendLoc": 44.9, "ZendLoc": 1.3, "Goal": 0}, "5": {"XdistToGoal": 9.099999999999994, "YdistToGoal": 20.1, "Head": 0, "LeftFoot": 0, "RightFoot": 0, "OtherBodyPart": 1, "YendLoc": 35.7, "ZendLoc": 2.0, "Goal": 0}, "6": {"XdistToGoal": 13.200000000000003, "YdistToGoal": 4.799999999999997, "Head": 0, "LeftFoot": 0, "RightFoot": 0, "OtherBodyPart": 1, "YendLoc": 43.8, "ZendLoc": 1.8, "Goal": 1}, "7": {"XdistToGoal": 16.299999999999997, "YdistToGoal": 0.20000000000000284, "Head": 0, "LeftFoot": 0, "RightFoot": 0, "OtherBodyPart": 1, "YendLoc": 38.3, "ZendLoc": 0.5, "Goal": 0}, "8": {"XdistToGoal": 18.099999999999994, "YdistToGoal": 11.899999999999999, "Head": 0, "LeftFoot": 0, "RightFoot": 0, "OtherBodyPart": 1, "YendLoc": 42.9, "ZendLoc": 0.2, "Goal": 0}, "9": {"XdistToGoal": 16.200000000000003, "YdistToGoal": 0.3999999999999986, "Head": 1, "LeftFoot": 0, "RightFoot": 0, "OtherBodyPart": 0, "YendLoc": 44.1, "ZendLoc": 2.8, "Goal": 0}, "10": {"XdistToGoal": 9.400000000000006, "YdistToGoal": 19.200000000000003, "Head": 0, "LeftFoot": 0, "RightFoot": 0, "OtherBodyPart": 1, "YendLoc": 55.8, "ZendLoc": 55.8, "Goal": 0}, "11": {"XdistToGoal": 13.700000000000003, "YdistToGoal": 4.200000000000003, "Head": 0, "LeftFoot": 0, "RightFoot": 0, "OtherBodyPart": 1, "YendLoc": 44.8, "ZendLoc": 0.7, "Goal": 0}, "12": {"XdistToGoal": 16.099999999999994, "YdistToGoal": 4.399999999999999, "Head": 0, "LeftFoot": 0, "RightFoot": 0, "OtherBodyPart": 1, "YendLoc": 39.2, "ZendLoc": 0.2, "Goal": 0}, "13": {"XdistToGoal": 20.099999999999994, "YdistToGoal": 13.0, "Head": 0, "LeftFoot": 0, "RightFoot": 0, "OtherBodyPart": 1, "YendLoc": 39.3, "ZendLoc": 1.6, "Goal": 0}, "14": {"XdistToGoal": 12.299999999999997, "YdistToGoal": 4.399999999999999, "Head": 0, "LeftFoot": 0, "RightFoot": 0, "OtherBodyPart": 1, "YendLoc": 36.9, "ZendLoc": 0.3, "Goal": 0}, "15": {"XdistToGoal": 26.900000000000006, "YdistToGoal": 3.3999999999999986, "Head": 0, "LeftFoot": 0, "RightFoot": 0, "OtherBodyPart": 1, "YendLoc": 37.9, "ZendLoc": 37.9, "Goal": 0}, "16": {"XdistToGoal": 3.299999999999997, "YdistToGoal": 5.299999999999997, "Head": 0, "LeftFoot": 0, "RightFoot": 0, "OtherBodyPart": 1, "YendLoc": 35.2, "ZendLoc": 0.3, "Goal": 0}, "17": {"XdistToGoal": 27.799999999999997, "YdistToGoal": 8.899999999999999, "Head": 0, "LeftFoot": 0, "RightFoot": 0, "OtherBodyPart": 1, "YendLoc": 37.8, "ZendLoc": 5.9, "Goal": 0}, "18": {"XdistToGoal": 11.799999999999997, "YdistToGoal": 3.6000000000000014, "Head": 0, "LeftFoot": 0, "RightFoot": 0, "OtherBodyPart": 1, "YendLoc": 45.0, "ZendLoc": 0.4, "Goal": 0}, "19": {"XdistToGoal": 16.900000000000006, "YdistToGoal": 18.8, "Head": 0, "LeftFoot": 0, "RightFoot": 0, "OtherBodyPart": 1, "YendLoc": 36.9, "ZendLoc": 2.1, "Goal": 0}, "20": {"XdistToGoal": 28.599999999999994, "YdistToGoal": 13.399999999999999, "Head": 0, "LeftFoot": 0, "RightFoot": 0, "OtherBodyPart": 1, "YendLoc": 49.6, "ZendLoc": 49.6, "Goal": 0}, "21": {"XdistToGoal": 36.400000000000006, "YdistToGoal": 7.600000000000001, "Head": 0, "LeftFoot": 0, "RightFoot": 0, "OtherBodyPart": 1, "YendLoc": 38.0, "ZendLoc": 7.6, "Goal": 0}, "22": {"XdistToGoal": 14.299999999999997, "YdistToGoal": 0.6000000000000014, "Head": 0, "LeftFoot": 0, "RightFoot": 0, "OtherBodyPart": 1, "YendLoc": 42.4, "ZendLoc": 0.6, "Goal": 0}, "23": {"XdistToGoal": 34.7, "YdistToGoal": 10.8, "Head": 0, "LeftFoot": 0, "RightFoot": 0, "OtherBodyPart": 1, "YendLoc": 25.1, "ZendLoc": 0.2, "Goal": 0}, "24": {"XdistToGoal": 6.700000000000003, "YdistToGoal": 1.8999999999999986, "Head": 0, "LeftFoot": 0, "RightFoot": 0, "OtherBodyPart": 1, "YendLoc": 50.1, "ZendLoc": 50.1, "Goal": 0}, "25": {"XdistToGoal": 12.299999999999997, "YdistToGoal": 1.6000000000000014, "Head": 0, "LeftFoot": 0, "RightFoot": 0, "OtherBodyPart": 1, "YendLoc": 38.9, "ZendLoc": 0.2, "Goal": 0}, "26": {"XdistToGoal": 26.5, "YdistToGoal": 10.2, "Head": 0, "LeftFoot": 0, "RightFoot": 0, "OtherBodyPart": 1, "YendLoc": 35.4, "ZendLoc": 3.8, "Goal": 0}}