{"0": {"XdistToGoal": 19.400000000000006, "YdistToGoal": 9.899999999999999, "Head": 0, "LeftFoot": 0, "RightFoot": 0, "OtherBodyPart": 1, "YendLoc": 37.0, "ZendLoc": 0.2, "Goal": 1}, "1": {"XdistToGoal": 14.799999999999997, "YdistToGoal": 9.200000000000003, "Head": 1, "LeftFoot": 0, "RightFoot": 0, "OtherBodyPart": 0, "YendLoc": 38.9, "ZendLoc": 2.3, "Goal": 0}, "2": {"XdistToGoal": 13.5, "YdistToGoal": 17.6, "Head": 0, "LeftFoot": 0, "RightFoot": 0, "OtherBodyPart": 1, "YendLoc": 52.5, "ZendLoc": 3.7, "Goal": 0}, "3": {"XdistToGoal": 17.299999999999997, "YdistToGoal": 3.299999999999997, "Head": 0, "LeftFoot": 0, "RightFoot": 0, "OtherBodyPart": 1, "YendLoc": 36.8, "ZendLoc": 36.8, "Goal": 0}, "4": {"XdistToGoal": 24.299999999999997, "YdistToGoal": 6.899999999999999, "Head": 0, "LeftFoot": 0, "RightFoot": 0, "OtherBodyPart": 1, "YendLoc": 37.8, "ZendLoc": 1.6, "Goal": 0}, "5": {"XdistToGoal": 6.900000000000006, "YdistToGoal": 5.100000000000001, "Head": 0, "LeftFoot": 0, "RightFoot": 0, "OtherBodyPart": 1, "YendLoc": 36.7, "ZendLoc": 0.2, "Goal": 0}, "6": {"XdistToGoal": 19.599999999999994, "YdistToGoal": 20.6, "Head": 0, "LeftFoot": 0, "RightFoot": 0, "OtherBodyPart": 1, "YendLoc": 37.2, "ZendLoc": 3.3, "Goal": 0}, "7": {"XdistToGoal": 10.700000000000003, "YdistToGoal": 0.7000000000000028, "Head": 1, "LeftFoot": 0, "RightFoot": 0, "OtherBodyPart": 0, "YendLoc": 43.1, "ZendLoc": 2.0, "Goal": 1}, "8": {"XdistToGoal": 15.5, "YdistToGoal": 13.899999999999999, "Head": 0, "LeftFoot": 0, "RightFoot": 0, "OtherBodyPart": 1, "YendLoc": 43.3, "ZendLoc": 0.2, "Goal": 1}, "9": {"XdistToGoal": 12.400000000000006, "YdistToGoal": 0.10000000000000142, "Head": 0, "LeftFoot": 0, "RightFoot": 0, "OtherBodyPart": 1, "YendLoc": 39.4, "ZendLoc": 0.2, "Goal": 0}, "10": {"XdistToGoal": 9.299999999999997, "YdistToGoal": 1.2000000000000028, "Head": 1, "LeftFoot": 0, "RightFoot": 0, "OtherBodyPart": 0, "YendLoc": 27.7, "ZendLoc": 0.3, "Goal": 0}, "11": {"XdistToGoal": 7.599999999999994, "YdistToGoal": 11.5, "Head": 0, "LeftFoot": 0, "RightFoot": 0, "OtherBodyPart": 1, "YendLoc": 0.2, "ZendLoc": 0.2, "Goal": 0}, "12": {"XdistToGoal": 10.900000000000006, "YdistToGoal": 0.29999999999999716, "Head": 1, "LeftFoot": 0, "RightFoot": 0, "OtherBodyPart": 0, "YendLoc": 42.8, "ZendLoc": 0.5, "Goal": 0}, "13": {"XdistToGoal": 9.099999999999994, "YdistToGoal": 12.600000000000001, "Head": 0, "LeftFoot": 0, "RightFoot": 0, "OtherBodyPart": 1, "YendLoc": 36.7, "ZendLoc": 0.2, "Goal": 1}, "14": {"XdistToGoal": 11.599999999999994, "YdistToGoal": 2.0, "Head": 0, "LeftFoot": 0, "RightFoot": 0, "OtherBodyPart": 1, "YendLoc": 53.5, "ZendLoc": 0.3, "Goal": 0}, "15": {"XdistToGoal": 11.400000000000006, "YdistToGoal": 8.100000000000001, "Head": 0, "LeftFoot": 0, "RightFoot": 0, "OtherBodyPart": 1, "YendLoc": 43.5, "ZendLoc": 2.4, "Goal": 1}, "16": {"XdistToGoal": 10.900000000000006, "YdistToGoal": 2.5, "Head": 1, "LeftFoot": 0, "RightFoot": 0, "OtherBodyPart": 0, "YendLoc": 40.5, "ZendLoc": 2.0, "Goal": 0}, "17": {"XdistToGoal": 7.200000000000003, "YdistToGoal": 3.799999999999997, "Head": 0, "LeftFoot": 0, "RightFoot": 0, "OtherBodyPart": 1, "YendLoc": 39.7, "ZendLoc": 39.7, "Goal": 0}, "18": {"XdistToGoal": 25.299999999999997, "YdistToGoal": 5.5, "Head": 0, "LeftFoot": 0, "RightFoot": 0, "OtherBodyPart": 1, "YendLoc": 37.1, "ZendLoc": 4.2, "Goal": 0}, "19": {"XdistToGoal": 8.599999999999994, "YdistToGoal": 5.200000000000003, "Head": 1, "LeftFoot": 0, "RightFoot": 0, "OtherBodyPart": 0, "YendLoc": 33.7, "ZendLoc": 33.7, "Goal": 0}, "20": {"XdistToGoal": 4.400000000000006, "YdistToGoal": 6.700000000000003, "Head": 0, "LeftFoot": 0, "RightFoot": 0, "OtherBodyPart": 1, "YendLoc": 34.4, "ZendLoc": 3.8, "Goal": 0}, "21": {"XdistToGoal": 28.299999999999997, "YdistToGoal": 14.700000000000003, "Head": 0, "LeftFoot": 0, "RightFoot": 0, "OtherBodyPart": 1, "YendLoc": 51.0, "ZendLoc": 51.0, "Goal": 0}, "22": {"XdistToGoal": 14.700000000000003, "YdistToGoal": 10.3, "Head": 0, "LeftFoot": 0, "RightFoot": 0, "OtherBodyPart": 1, "YendLoc": 32.9, "ZendLoc": 1.3, "Goal": 0}}