{"0": {"XdistToGoal": 17.799999999999997, "YdistToGoal": 12.600000000000001, "Head": 0, "LeftFoot": 0, "RightFoot": 0, "OtherBodyPart": 1, "YendLoc": 50.7, "ZendLoc": 50.7, "Goal": 0}, "1": {"XdistToGoal": 3.0999999999999943, "YdistToGoal": 1.6000000000000014, "Head": 0, "LeftFoot": 0, "RightFoot": 0, "OtherBodyPart": 1, "YendLoc": 39.1, "ZendLoc": 1.3, "Goal": 1}, "2": {"XdistToGoal": 22.599999999999994, "YdistToGoal": 17.6, "Head": 0, "LeftFoot": 0, "RightFoot": 0, "OtherBodyPart": 1, "YendLoc": 35.7, "ZendLoc": 0.3, "Goal": 0}, "3": {"XdistToGoal": 16.099999999999994, "YdistToGoal": 4.899999999999999, "Head": 0, "LeftFoot": 0, "RightFoot": 0, "OtherBodyPart": 1, "YendLoc": 39.3, "ZendLoc": 1.3, "Goal": 0}, "4": {"XdistToGoal": 12.599999999999994, "YdistToGoal": 4.299999999999997, "Head": 0, "LeftFoot": 0, "RightFoot": 0, "OtherBodyPart": 1, "YendLoc": 43.5, "ZendLoc": 1.6, "Goal": 1}, "5": {"XdistToGoal": 17.799999999999997, "YdistToGoal": 1.0, "Head": 0, "LeftFoot": 0, "RightFoot": 0, "OtherBodyPart": 1, "YendLoc": 39.6, "ZendLoc": 0.9, "Goal": 0}, "6": {"XdistToGoal": 27.599999999999994, "YdistToGoal": 3.8999999999999986, "Head": 0, "LeftFoot": 0, "RightFoot": 0, "OtherBodyPart": 1, "YendLoc": 42.2, "ZendLoc": 0.0, "Goal": 0}, "7": {"XdistToGoal": 9.0, "YdistToGoal": 1.1000000000000014, "Head": 1, "LeftFoot": 0, "RightFoot": 0, "OtherBodyPart": 0, "YendLoc": 36.0, "ZendLoc": 1.2, "Goal": 0}, "8": {"XdistToGoal": 3.799999999999997, "YdistToGoal": 8.899999999999999, "Head": 0, "LeftFoot": 0, "RightFoot": 0, "OtherBodyPart": 1, "YendLoc": 41.3, "ZendLoc": 0.5, "Goal": 1}, "9": {"XdistToGoal": 12.900000000000006, "YdistToGoal": 10.100000000000001, "Head": 0, "LeftFoot": 0, "RightFoot": 0, "OtherBodyPart": 1, "YendLoc": 30.9, "ZendLoc": 0.0, "Goal": 0}, "10": {"XdistToGoal": 11.299999999999997, "YdistToGoal": 1.3999999999999986, "Head": 0, "LeftFoot": 0, "RightFoot": 0, "OtherBodyPart": 1, "YendLoc": 43.3, "ZendLoc": 0.0, "Goal": 1}, "11": {"XdistToGoal": 11.700000000000003, "YdistToGoal": 11.600000000000001, "Head": 0, "LeftFoot": 0, "RightFoot": 0, "OtherBodyPart": 1, "YendLoc": 42.1, "ZendLoc": 2.8, "Goal": 0}, "12": {"XdistToGoal": 16.700000000000003, "YdistToGoal": 9.600000000000001, "Head": 0, "LeftFoot": 0, "RightFoot": 0, "OtherBodyPart": 1, "YendLoc": 36.8, "ZendLoc": 1.3, "Goal": 1}, "13": {"XdistToGoal": 23.700000000000003, "YdistToGoal": 4.5, "Head": 0, "LeftFoot": 0, "RightFoot": 0, "OtherBodyPart": 1, "YendLoc": 44.8, "ZendLoc": 0.4, "Goal": 0}, "14": {"XdistToGoal": 7.700000000000003, "YdistToGoal": 4.399999999999999, "Head": 0, "LeftFoot": 0, "RightFoot": 0, "OtherBodyPart": 1, "YendLoc": 36.3, "ZendLoc": 1.4, "Goal": 0}, "15": {"XdistToGoal": 3.9000000000000057, "YdistToGoal": 10.899999999999999, "Head": 0, "LeftFoot": 0, "RightFoot": 0, "OtherBodyPart": 1, "YendLoc": 47.7, "ZendLoc": 0.5, "Goal": 0}, "16": {"XdistToGoal": 19.0, "YdistToGoal": 16.4, "Head": 0, "LeftFoot": 0, "RightFoot": 0, "OtherBodyPart": 1, "YendLoc": 29.8, "ZendLoc": 29.8, "Goal": 0}, "17": {"XdistToGoal": 14.200000000000003, "YdistToGoal": 12.0, "Head": 0, "LeftFoot": 0, "RightFoot": 0, "OtherBodyPart": 1, "YendLoc": 28.8, "ZendLoc": 28.8, "Goal": 0}, "18": {"XdistToGoal": 12.099999999999994, "YdistToGoal": 13.5, "Head": 0, "LeftFoot": 0, "RightFoot": 0, "OtherBodyPart": 1, "YendLoc": 27.9, "ZendLoc": 27.9, "Goal": 0}, "19": {"XdistToGoal": 9.400000000000006, "YdistToGoal": 4.0, "Head": 0, "LeftFoot": 0, "RightFoot": 0, "OtherBodyPart": 1, "YendLoc": 37.5, "ZendLoc": 0.2, "Goal": 1}, "20": {"XdistToGoal": 11.299999999999997, "YdistToGoal": 1.8999999999999986, "Head": 0, "LeftFoot": 0, "RightFoot": 0, "OtherBodyPart": 1, "YendLoc": 38.0, "ZendLoc": 0.4, "Goal": 1}, "21": {"XdistToGoal": 11.0, "YdistToGoal": 23.0, "Head": 0, "LeftFoot": 0, "RightFoot": 0, "OtherBodyPart": 1, "YendLoc": 40.1, "ZendLoc": 1.6, "Goal": 0}, "22": {"XdistToGoal": 19.599999999999994, "YdistToGoal": 12.8, "Head": 0, "LeftFoot": 0, "RightFoot": 0, "OtherBodyPart": 1, "YendLoc": 42.1, "ZendLoc": 1.8, "Goal": 0}, "23": {"XdistToGoal": 34.599999999999994, "YdistToGoal": 3.3999999999999986, "Head": 0, "LeftFoot": 0, "RightFoot": 0, "OtherBodyPart": 1, "YendLoc": 39.9, "ZendLoc": 6.4, "Goal": 0}}