{"0": {"XdistToGoal": 8.5, "YdistToGoal": 0.8999999999999986, "Head": 1, "LeftFoot": 0, "RightFoot": 0, "OtherBodyPart": 0, "YendLoc": 43.4, "ZendLoc": 0.5, "Goal": 1}, "1": {"XdistToGoal": 7.799999999999997, "YdistToGoal": 0.20000000000000284, "Head": 0, "LeftFoot": 0, "RightFoot": 0, "OtherBodyPart": 1, "YendLoc": 32.9, "ZendLoc": 1.0, "Goal": 0}, "2": {"XdistToGoal": 7.299999999999997, "YdistToGoal": 10.100000000000001, "Head": 0, "LeftFoot": 0, "RightFoot": 0, "OtherBodyPart": 1, "YendLoc": 37.0, "ZendLoc": 2.2, "Goal": 1}, "3": {"XdistToGoal": 15.599999999999994, "YdistToGoal": 3.8999999999999986, "Head": 0, "LeftFoot": 0, "RightFoot": 0, "OtherBodyPart": 1, "YendLoc": 37.9, "ZendLoc": 1.4, "Goal": 1}, "4": {"XdistToGoal": 18.0, "YdistToGoal": 4.600000000000001, "Head": 0, "LeftFoot": 0, "RightFoot": 0, "OtherBodyPart": 1, "YendLoc": 35.9, "ZendLoc": 35.9, "Goal": 0}, "5": {"XdistToGoal": 8.900000000000006, "YdistToGoal": 5.899999999999999, "Head": 0, "LeftFoot": 0, "RightFoot": 0, "OtherBodyPart": 1, "YendLoc": 37.4, "ZendLoc": 0.4, "Goal": 1}, "6": {"XdistToGoal": 14.400000000000006, "YdistToGoal": 0.3999999999999986, "Head": 1, "LeftFoot": 0, "RightFoot": 0, "OtherBodyPart": 0, "YendLoc": 40.1, "ZendLoc": 4.0, "Goal": 0}, "7": {"XdistToGoal": 24.400000000000006, "YdistToGoal": 4.299999999999997, "Head": 0, "LeftFoot": 0, "RightFoot": 0, "OtherBodyPart": 1, "YendLoc": 37.5, "ZendLoc": 37.5, "Goal": 0}, "8": {"XdistToGoal": 7.799999999999997, "YdistToGoal": 5.399999999999999, "Head": 1, "LeftFoot": 0, "RightFoot": 0, "OtherBodyPart": 0, "YendLoc": 62.9, "ZendLoc": 0.7, "Goal": 0}, "9": {"XdistToGoal": 14.599999999999994, "YdistToGoal": 21.7, "Head": 0, "LeftFoot": 0, "RightFoot": 0, "OtherBodyPart": 1, "YendLoc": 34.4, "ZendLoc": 0.7, "Goal": 0}, "10": {"XdistToGoal": 11.200000000000003, "YdistToGoal": 9.100000000000001, "Head": 0, "LeftFoot": 0, "RightFoot": 0, "OtherBodyPart": 1, "YendLoc": 37.3, "ZendLoc": 0.2, "Goal": 0}, "11": {"XdistToGoal": 59.1, "YdistToGoal": 4.399999999999999, "Head": 0, "LeftFoot": 0, "RightFoot": 0, "OtherBodyPart": 1, "YendLoc": 40.2, "ZendLoc": 2.4, "Goal": 0}, "12": {"XdistToGoal": 10.099999999999994, "YdistToGoal": 0.3999999999999986, "Head": 1, "LeftFoot": 0, "RightFoot": 0, "OtherBodyPart": 0, "YendLoc": 30.9, "ZendLoc": 1.2, "Goal": 0}, "13": {"XdistToGoal": 6.700000000000003, "YdistToGoal": 8.899999999999999, "Head": 0, "LeftFoot": 0, "RightFoot": 0, "OtherBodyPart": 1, "YendLoc": 36.7, "ZendLoc": 0.2, "Goal": 1}, "14": {"XdistToGoal": 21.200000000000003, "YdistToGoal": 4.600000000000001, "Head": 0, "LeftFoot": 0, "RightFoot": 0, "OtherBodyPart": 1, "YendLoc": 44.5, "ZendLoc": 0.4, "Goal": 0}, "15": {"XdistToGoal": 11.299999999999997, "YdistToGoal": 9.5, "Head": 0, "LeftFoot": 0, "RightFoot": 0, "OtherBodyPart": 1, "YendLoc": 35.8, "ZendLoc": 0.5, "Goal": 0}, "16": {"XdistToGoal": 24.599999999999994, "YdistToGoal": 20.5, "Head": 0, "LeftFoot": 0, "RightFoot": 0, "OtherBodyPart": 1, "YendLoc": 62.1, "ZendLoc": 2.1, "Goal": 0}, "17": {"XdistToGoal": 28.099999999999994, "YdistToGoal": 8.200000000000003, "Head": 0, "LeftFoot": 0, "RightFoot": 0, "OtherBodyPart": 1, "YendLoc": 40.2, "ZendLoc": 1.4, "Goal": 0}, "18": {"XdistToGoal": 6.700000000000003, "YdistToGoal": 0.3999999999999986, "Head": 1, "LeftFoot": 0, "RightFoot": 0, "OtherBodyPart": 0, "YendLoc": 49.1, "ZendLoc": 1.0, "Goal": 0}, "19": {"XdistToGoal": 16.400000000000006, "YdistToGoal": 16.1, "Head": 0, "LeftFoot": 0, "RightFoot": 0, "OtherBodyPart": 1, "YendLoc": 37.5, "ZendLoc": 1.0, "Goal": 0}, "20": {"XdistToGoal": 27.799999999999997, "YdistToGoal": 6.299999999999997, "Head": 0, "LeftFoot": 0, "RightFoot": 0, "OtherBodyPart": 1, "YendLoc": 35.2, "ZendLoc": 35.2, "Goal": 0}, "21": {"XdistToGoal": 12.099999999999994, "YdistToGoal": 14.5, "Head": 0, "LeftFoot": 0, "RightFoot": 0, "OtherBodyPart": 1, "YendLoc": 41.9, "ZendLoc": 0.2, "Goal": 0}, "22": {"XdistToGoal": 17.799999999999997, "YdistToGoal": 1.3999999999999986, "Head": 0, "LeftFoot": 0, "RightFoot": 0, "OtherBodyPart": 1, "YendLoc": 37.4, "ZendLoc": 0.5, "Goal": 0}, "23": {"XdistToGoal": 8.299999999999997, "YdistToGoal": 7.600000000000001, "Head": 0, "LeftFoot": 0, "RightFoot": 0, "OtherBodyPart": 1, "YendLoc": 42.9, "ZendLoc": 1.7, "Goal": 1}}