{"0": {"XdistToGoal": 9.799999999999997, "YdistToGoal": 6.600000000000001, "Head": 0, "LeftFoot": 0, "RightFoot": 0, "OtherBodyPart": 1, "YendLoc": 34.2, "ZendLoc": 34.2, "Goal": 0}, "1": {"XdistToGoal": 19.0, "YdistToGoal": 10.899999999999999, "Head": 0, "LeftFoot": 0, "RightFoot": 0, "OtherBodyPart": 1, "YendLoc": 46.3, "ZendLoc": 46.3, "Goal": 0}, "2": {"XdistToGoal": 23.799999999999997, "YdistToGoal": 3.299999999999997, "Head": 0, "LeftFoot": 0, "RightFoot": 0, "OtherBodyPart": 1, "YendLoc": 40.2, "ZendLoc": 40.2, "Goal": 0}, "3": {"XdistToGoal": 25.700000000000003, "YdistToGoal": 12.399999999999999, "Head": 0, "LeftFoot": 0, "RightFoot": 0, "OtherBodyPart": 1, "YendLoc": 49.5, "ZendLoc": 49.5, "Goal": 0}, "4": {"XdistToGoal": 7.599999999999994, "YdistToGoal": 10.5, "Head": 0, "LeftFoot": 0, "RightFoot": 0, "OtherBodyPart": 1, "YendLoc": 44.8, "ZendLoc": 0.4, "Goal": 0}, "5": {"XdistToGoal": 25.5, "YdistToGoal": 2.700000000000003, "Head": 0, "LeftFoot": 0, "RightFoot": 0, "OtherBodyPart": 1, "YendLoc": 43.0, "ZendLoc": 3.5, "Goal": 0}, "6": {"XdistToGoal": 23.799999999999997, "YdistToGoal": 8.899999999999999, "Head": 0, "LeftFoot": 0, "RightFoot": 0, "OtherBodyPart": 1, "YendLoc": 42.3, "ZendLoc": 4.5, "Goal": 0}, "7": {"XdistToGoal": 7.5, "YdistToGoal": 0.20000000000000284, "Head": 1, "LeftFoot": 0, "RightFoot": 0, "OtherBodyPart": 0, "YendLoc": 36.7, "ZendLoc": 1.7, "Goal": 1}, "8": {"XdistToGoal": 12.700000000000003, "YdistToGoal": 0.7000000000000028, "Head": 1, "LeftFoot": 0, "RightFoot": 0, "OtherBodyPart": 0, "YendLoc": 40.1, "ZendLoc": 2.6, "Goal": 0}, "9": {"XdistToGoal": 22.900000000000006, "YdistToGoal": 5.700000000000003, "Head": 0, "LeftFoot": 0, "RightFoot": 0, "OtherBodyPart": 1, "YendLoc": 56.1, "ZendLoc": 56.1, "Goal": 0}, "10": {"XdistToGoal": 6.200000000000003, "YdistToGoal": 1.3999999999999986, "Head": 1, "LeftFoot": 0, "RightFoot": 0, "OtherBodyPart": 0, "YendLoc": 36.8, "ZendLoc": 0.9, "Goal": 1}, "11": {"XdistToGoal": 24.799999999999997, "YdistToGoal": 12.0, "Head": 0, "LeftFoot": 0, "RightFoot": 0, "OtherBodyPart": 1, "YendLoc": 49.8, "ZendLoc": 49.8, "Goal": 0}, "12": {"XdistToGoal": 9.099999999999994, "YdistToGoal": 2.3999999999999986, "Head": 0, "LeftFoot": 0, "RightFoot": 0, "OtherBodyPart": 1, "YendLoc": 41.9, "ZendLoc": 0.2, "Goal": 1}, "13": {"XdistToGoal": 26.700000000000003, "YdistToGoal": 2.799999999999997, "Head": 0, "LeftFoot": 0, "RightFoot": 0, "OtherBodyPart": 1, "YendLoc": 41.3, "ZendLoc": 4.2, "Goal": 0}, "14": {"XdistToGoal": 24.5, "YdistToGoal": 12.5, "Head": 0, "LeftFoot": 0, "RightFoot": 0, "OtherBodyPart": 1, "YendLoc": 39.0, "ZendLoc": 4.2, "Goal": 0}, "15": {"XdistToGoal": 13.400000000000006, "YdistToGoal": 0.8999999999999986, "Head": 0, "LeftFoot": 0, "RightFoot": 0, "OtherBodyPart": 1, "YendLoc": 32.3, "ZendLoc": 0.2, "Goal": 0}, "16": {"XdistToGoal": 7.700000000000003, "YdistToGoal": 18.0, "Head": 0, "LeftFoot": 0, "RightFoot": 0, "OtherBodyPart": 1, "YendLoc": 33.8, "ZendLoc": 0.5, "Goal": 0}, "17": {"XdistToGoal": 30.400000000000006, "YdistToGoal": 4.100000000000001, "Head": 0, "LeftFoot": 0, "RightFoot": 0, "OtherBodyPart": 1, "YendLoc": 41.3, "ZendLoc": 0.6, "Goal": 0}, "18": {"XdistToGoal": 18.700000000000003, "YdistToGoal": 15.7, "Head": 0, "LeftFoot": 0, "RightFoot": 0, "OtherBodyPart": 1, "YendLoc": 30.7, "ZendLoc": 30.7, "Goal": 0}, "19": {"XdistToGoal": 16.0, "YdistToGoal": 7.899999999999999, "Head": 0, "LeftFoot": 0, "RightFoot": 0, "OtherBodyPart": 1, "YendLoc": 42.7, "ZendLoc": 3.9, "Goal": 0}, "20": {"XdistToGoal": 29.599999999999994, "YdistToGoal": 6.100000000000001, "Head": 0, "LeftFoot": 0, "RightFoot": 0, "OtherBodyPart": 1, "YendLoc": 34.8, "ZendLoc": 34.8, "Goal": 0}, "21": {"XdistToGoal": 21.599999999999994, "YdistToGoal": 2.1000000000000014, "Head": 0, "LeftFoot": 0, "RightFoot": 0, "OtherBodyPart": 1, "YendLoc": 45.5, "ZendLoc": 0.2, "Goal": 0}, "22": {"XdistToGoal": 15.700000000000003, "YdistToGoal": 7.799999999999997, "Head": 0, "LeftFoot": 0, "RightFoot": 0, "OtherBodyPart": 1, "YendLoc": 37.2, "ZendLoc": 4.7, "Goal": 0}}