{"0": {"XdistToGoal": 11.900000000000006, "YdistToGoal": 5.799999999999997, "Head": 0, "LeftFoot": 0, "RightFoot": 0, "OtherBodyPart": 1, "YendLoc": 42.4, "ZendLoc": 0.3, "Goal": 1}, "1": {"XdistToGoal": 8.200000000000003, "YdistToGoal": 1.5, "Head": 1, "LeftFoot": 0, "RightFoot": 0, "OtherBodyPart": 0, "YendLoc": 38.0, "ZendLoc": 4.4, "Goal": 0}, "2": {"XdistToGoal": 20.200000000000003, "YdistToGoal": 3.3999999999999986, "Head": 0, "LeftFoot": 0, "RightFoot": 0, "OtherBodyPart": 1, "YendLoc": 16.1, "ZendLoc": 16.1, "Goal": 0}, "3": {"XdistToGoal": 7.900000000000006, "YdistToGoal": 6.799999999999997, "Head": 0, "LeftFoot": 0, "RightFoot": 0, "OtherBodyPart": 1, "YendLoc": 42.3, "ZendLoc": 0.4, "Goal": 1}, "4": {"XdistToGoal": 16.400000000000006, "YdistToGoal": 15.299999999999997, "Head": 0, "LeftFoot": 0, "RightFoot": 0, "OtherBodyPart": 1, "YendLoc": 40.9, "ZendLoc": 3.8, "Goal": 0}, "5": {"XdistToGoal": 8.900000000000006, "YdistToGoal": 2.5, "Head": 0, "LeftFoot": 0, "RightFoot": 0, "OtherBodyPart": 1, "YendLoc": 44.1, "ZendLoc": 1.0, "Goal": 0}, "6": {"XdistToGoal": 11.200000000000003, "YdistToGoal": 1.3999999999999986, "Head": 0, "LeftFoot": 0, "RightFoot": 0, "OtherBodyPart": 1, "YendLoc": 33.6, "ZendLoc": 0.5, "Goal": 0}, "7": {"XdistToGoal": 8.799999999999997, "YdistToGoal": 3.8999999999999986, "Head": 1, "LeftFoot": 0, "RightFoot": 0, "OtherBodyPart": 0, "YendLoc": 42.2, "ZendLoc": 4.2, "Goal": 0}, "8": {"XdistToGoal": 12.700000000000003, "YdistToGoal": 16.799999999999997, "Head": 0, "LeftFoot": 0, "RightFoot": 0, "OtherBodyPart": 1, "YendLoc": 41.2, "ZendLoc": 0.3, "Goal": 0}, "9": {"XdistToGoal": 3.200000000000003, "YdistToGoal": 0.7000000000000028, "Head": 0, "LeftFoot": 0, "RightFoot": 0, "OtherBodyPart": 1, "YendLoc": 39.9, "ZendLoc": 39.9, "Goal": 0}, "10": {"XdistToGoal": 23.099999999999994, "YdistToGoal": 1.2000000000000028, "Head": 0, "LeftFoot": 0, "RightFoot": 0, "OtherBodyPart": 1, "YendLoc": 39.1, "ZendLoc": 39.1, "Goal": 0}, "11": {"XdistToGoal": 4.700000000000003, "YdistToGoal": 6.700000000000003, "Head": 0, "LeftFoot": 0, "RightFoot": 0, "OtherBodyPart": 1, "YendLoc": 34.9, "ZendLoc": 34.9, "Goal": 0}, "12": {"XdistToGoal": 7.099999999999994, "YdistToGoal": 2.5, "Head": 0, "LeftFoot": 0, "RightFoot": 0, "OtherBodyPart": 1, "YendLoc": 42.5, "ZendLoc": 42.5, "Goal": 0}, "13": {"XdistToGoal": 6.799999999999997, "YdistToGoal": 9.899999999999999, "Head": 0, "LeftFoot": 0, "RightFoot": 0, "OtherBodyPart": 1, "YendLoc": 38.9, "ZendLoc": 0.3, "Goal": 1}, "14": {"XdistToGoal": 20.299999999999997, "YdistToGoal": 6.600000000000001, "Head": 0, "LeftFoot": 0, "RightFoot": 0, "OtherBodyPart": 1, "YendLoc": 39.2, "ZendLoc": 0.4, "Goal": 0}, "15": {"XdistToGoal": 11.0, "YdistToGoal": 1.0, "Head": 1, "LeftFoot": 0, "RightFoot": 0, "OtherBodyPart": 0, "YendLoc": 39.1, "ZendLoc": 1.6, "Goal": 0}, "16": {"XdistToGoal": 18.200000000000003, "YdistToGoal": 8.799999999999997, "Head": 0, "LeftFoot": 0, "RightFoot": 0, "OtherBodyPart": 1, "YendLoc": 43.4, "ZendLoc": 0.9, "Goal": 1}, "17": {"XdistToGoal": 24.900000000000006, "YdistToGoal": 0.8999999999999986, "Head": 0, "LeftFoot": 0, "RightFoot": 0, "OtherBodyPart": 1, "YendLoc": 40.8, "ZendLoc": 40.8, "Goal": 0}, "18": {"XdistToGoal": 11.099999999999994, "YdistToGoal": 7.5, "Head": 0, "LeftFoot": 0, "RightFoot": 0, "OtherBodyPart": 1, "YendLoc": 38.7, "ZendLoc": 0.1, "Goal": 1}, "19": {"XdistToGoal": 10.900000000000006, "YdistToGoal": 1.7000000000000028, "Head": 1, "LeftFoot": 0, "RightFoot": 0, "OtherBodyPart": 0, "YendLoc": 45.4, "ZendLoc": 3.7, "Goal": 0}, "20": {"XdistToGoal": 10.099999999999994, "YdistToGoal": 3.700000000000003, "Head": 0, "LeftFoot": 0, "RightFoot": 0, "OtherBodyPart": 1, "YendLoc": 43.2, "ZendLoc": 0.9, "Goal": 1}, "21": {"XdistToGoal": 1.7000000000000028, "YdistToGoal": 4.200000000000003, "Head": 0, "LeftFoot": 0, "RightFoot": 0, "OtherBodyPart": 1, "YendLoc": 42.0, "ZendLoc": 0.3, "Goal": 1}}