{"0": {"XdistToGoal": 23.599999999999994, "YdistToGoal": 19.1, "Head": 0, "LeftFoot": 0, "RightFoot": 0, "OtherBodyPart": 1, "YendLoc": 49.4, "ZendLoc": 0.2, "Goal": 0}, "1": {"XdistToGoal": 21.599999999999994, "YdistToGoal": 8.899999999999999, "Head": 0, "LeftFoot": 0, "RightFoot": 0, "OtherBodyPart": 1, "YendLoc": 43.7, "ZendLoc": 0.2, "Goal": 0}, "2": {"XdistToGoal": 22.299999999999997, "YdistToGoal": 0.5, "Head": 0, "LeftFoot": 0, "RightFoot": 0, "OtherBodyPart": 1, "YendLoc": 39.6, "ZendLoc": 39.6, "Goal": 0}, "3": {"XdistToGoal": 20.799999999999997, "YdistToGoal": 11.899999999999999, "Head": 0, "LeftFoot": 0, "RightFoot": 0, "OtherBodyPart": 1, "YendLoc": 43.4, "ZendLoc": 1.9, "Goal": 0}, "4": {"XdistToGoal": 4.400000000000006, "YdistToGoal": 9.0, "Head": 0, "LeftFoot": 0, "RightFoot": 0, "OtherBodyPart": 1, "YendLoc": 46.3, "ZendLoc": 46.3, "Goal": 0}, "5": {"XdistToGoal": 26.900000000000006, "YdistToGoal": 10.600000000000001, "Head": 0, "LeftFoot": 0, "RightFoot": 0, "OtherBodyPart": 1, "YendLoc": 39.9, "ZendLoc": 0.2, "Goal": 0}, "6": {"XdistToGoal": 13.799999999999997, "YdistToGoal": 14.100000000000001, "Head": 0, "LeftFoot": 0, "RightFoot": 0, "OtherBodyPart": 1, "YendLoc": 52.7, "ZendLoc": 52.7, "Goal": 0}, "7": {"XdistToGoal": 5.599999999999994, "YdistToGoal": 12.3, "Head": 0, "LeftFoot": 0, "RightFoot": 0, "OtherBodyPart": 1, "YendLoc": 34.1, "ZendLoc": 34.1, "Goal": 0}, "8": {"XdistToGoal": 6.900000000000006, "YdistToGoal": 4.299999999999997, "Head": 1, "LeftFoot": 0, "RightFoot": 0, "OtherBodyPart": 0, "YendLoc": 45.0, "ZendLoc": 4.2, "Goal": 0}, "9": {"XdistToGoal": 8.900000000000006, "YdistToGoal": 0.6000000000000014, "Head": 1, "LeftFoot": 0, "RightFoot": 0, "OtherBodyPart": 0, "YendLoc": 35.1, "ZendLoc": 0.4, "Goal": 0}, "10": {"XdistToGoal": 11.700000000000003, "YdistToGoal": 6.299999999999997, "Head": 1, "LeftFoot": 0, "RightFoot": 0, "OtherBodyPart": 0, "YendLoc": 34.1, "ZendLoc": 34.1, "Goal": 0}, "11": {"XdistToGoal": 12.299999999999997, "YdistToGoal": 11.0, "Head": 0, "LeftFoot": 0, "RightFoot": 0, "OtherBodyPart": 1, "YendLoc": 31.2, "ZendLoc": 31.2, "Goal": 0}, "12": {"XdistToGoal": 9.400000000000006, "YdistToGoal": 8.299999999999997, "Head": 0, "LeftFoot": 0, "RightFoot": 0, "OtherBodyPart": 1, "YendLoc": 44.1, "ZendLoc": 0.2, "Goal": 0}, "13": {"XdistToGoal": 14.599999999999994, "YdistToGoal": 16.299999999999997, "Head": 0, "LeftFoot": 0, "RightFoot": 0, "OtherBodyPart": 1, "YendLoc": 43.9, "ZendLoc": 3.8, "Goal": 0}, "14": {"XdistToGoal": 28.5, "YdistToGoal": 3.0, "Head": 0, "LeftFoot": 0, "RightFoot": 0, "OtherBodyPart": 1, "YendLoc": 43.6, "ZendLoc": 1.2, "Goal": 0}, "15": {"XdistToGoal": 22.099999999999994, "YdistToGoal": 16.799999999999997, "Head": 0, "LeftFoot": 0, "RightFoot": 0, "OtherBodyPart": 1, "YendLoc": 42.2, "ZendLoc": 1.6, "Goal": 0}, "16": {"XdistToGoal": 3.5999999999999943, "YdistToGoal": 4.799999999999997, "Head": 1, "LeftFoot": 0, "RightFoot": 0, "OtherBodyPart": 0, "YendLoc": 38.7, "ZendLoc": 1.3, "Goal": 1}, "17": {"XdistToGoal": 8.799999999999997, "YdistToGoal": 12.100000000000001, "Head": 0, "LeftFoot": 0, "RightFoot": 0, "OtherBodyPart": 1, "YendLoc": 43.0, "ZendLoc": 0.9, "Goal": 0}, "18": {"XdistToGoal": 19.900000000000006, "YdistToGoal": 9.8, "Head": 0, "LeftFoot": 0, "RightFoot": 0, "OtherBodyPart": 1, "YendLoc": 41.3, "ZendLoc": 1.5, "Goal": 0}, "19": {"XdistToGoal": 16.099999999999994, "YdistToGoal": 9.799999999999997, "Head": 0, "LeftFoot": 0, "RightFoot": 0, "OtherBodyPart": 1, "YendLoc": 32.8, "ZendLoc": 0.3, "Goal": 0}, "20": {"XdistToGoal": 34.7, "YdistToGoal": 4.299999999999997, "Head": 0, "LeftFoot": 0, "RightFoot": 0, "OtherBodyPart": 1, "YendLoc": 36.6, "ZendLoc": 5.4, "Goal": 0}, "21": {"XdistToGoal": 11.900000000000006, "YdistToGoal": 0.29999999999999716, "Head": 1, "LeftFoot": 0, "RightFoot": 0, "OtherBodyPart": 0, "YendLoc": 34.1, "ZendLoc": 0.9, "Goal": 0}, "22": {"XdistToGoal": 30.0, "YdistToGoal": 12.399999999999999, "Head": 0, "LeftFoot": 0, "RightFoot": 0, "OtherBodyPart": 1, "YendLoc": 29.7, "ZendLoc": 0.3, "Goal": 0}, "23": {"XdistToGoal": 10.400000000000006, "YdistToGoal": 12.7, "Head": 0, "LeftFoot": 0, "RightFoot": 0, "OtherBodyPart": 1, "YendLoc": 35.7, "ZendLoc": 0.2, "Goal": 0}, "24": {"XdistToGoal": 11.599999999999994, "YdistToGoal": 8.899999999999999, "Head": 0, "LeftFoot": 0, "RightFoot": 0, "OtherBodyPart": 1, "YendLoc": 48.2, "ZendLoc": 48.2, "Goal": 0}, "25": {"XdistToGoal": 9.400000000000006, "YdistToGoal": 6.5, "Head": 0, "LeftFoot": 0, "RightFoot": 0, "OtherBodyPart": 1, "YendLoc": 34.3, "ZendLoc": 34.3, "Goal": 0}, "26": {"XdistToGoal": 3.799999999999997, "YdistToGoal": 6.299999999999997, "Head": 0, "LeftFoot": 0, "RightFoot": 0, "OtherBodyPart": 1, "YendLoc": 39.4, "ZendLoc": 0.2, "Goal": 1}, "27": {"XdistToGoal": 10.5, "YdistToGoal": 2.200000000000003, "Head": 0, "LeftFoot": 0, "RightFoot": 0, "OtherBodyPart": 1, "YendLoc": 42.0, "ZendLoc": 0.3, "Goal": 1}, "28": {"XdistToGoal": 28.0, "YdistToGoal": 10.899999999999999, "Head": 0, "LeftFoot": 0, "RightFoot": 0, "OtherBodyPart": 1, "YendLoc": 44.9, "ZendLoc": 0.2, "Goal": 0}, "29": {"XdistToGoal": 33.7, "YdistToGoal": 15.100000000000001, "Head": 0, "LeftFoot": 0, "RightFoot": 0, "OtherBodyPart": 1, "YendLoc": 41.6, "ZendLoc": 41.6, "Goal": 0}, "30": {"XdistToGoal": 10.099999999999994, "YdistToGoal": 12.399999999999999, "Head": 0, "LeftFoot": 0, "RightFoot": 0, "OtherBodyPart": 1, "YendLoc": 33.3, "ZendLoc": 0.2, "Goal": 0}, "31": {"XdistToGoal": 14.700000000000003, "YdistToGoal": 2.799999999999997, "Head": 0, "LeftFoot": 0, "RightFoot": 0, "OtherBodyPart": 1, "YendLoc": 37.5, "ZendLoc": 37.5, "Goal": 0}, "32": {"XdistToGoal": 15.400000000000006, "YdistToGoal": 8.899999999999999, "Head": 0, "LeftFoot": 0, "RightFoot": 0, "OtherBodyPart": 1, "YendLoc": 33.6, "ZendLoc": 0.2, "Goal": 0}}