{"0": {"XdistToGoal": 22.200000000000003, "YdistToGoal": 4.100000000000001, "Head": 0, "LeftFoot": 0, "RightFoot": 0, "OtherBodyPart": 1, "YendLoc": 38.7, "ZendLoc": 1.7, "Goal": 0}, "1": {"XdistToGoal": 16.900000000000006, "YdistToGoal": 14.2, "Head": 0, "LeftFoot": 0, "RightFoot": 0, "OtherBodyPart": 1, "YendLoc": 29.6, "ZendLoc": 29.6, "Goal": 0}, "2": {"XdistToGoal": 8.700000000000003, "YdistToGoal": 14.200000000000003, "Head": 0, "LeftFoot": 0, "RightFoot": 0, "OtherBodyPart": 1, "YendLoc": 52.4, "ZendLoc": 52.4, "Goal": 0}, "3": {"XdistToGoal": 10.799999999999997, "YdistToGoal": 2.8999999999999986, "Head": 1, "LeftFoot": 0, "RightFoot": 0, "OtherBodyPart": 0, "YendLoc": 39.3, "ZendLoc": 0.3, "Goal": 0}, "4": {"XdistToGoal": 12.599999999999994, "YdistToGoal": 9.299999999999997, "Head": 0, "LeftFoot": 0, "RightFoot": 0, "OtherBodyPart": 1, "YendLoc": 35.9, "ZendLoc": 35.9, "Goal": 0}, "5": {"XdistToGoal": 14.900000000000006, "YdistToGoal": 3.200000000000003, "Head": 0, "LeftFoot": 0, "RightFoot": 0, "OtherBodyPart": 1, "YendLoc": 40.6, "ZendLoc": 0.2, "Goal": 0}, "6": {"XdistToGoal": 4.299999999999997, "YdistToGoal": 4.799999999999997, "Head": 0, "LeftFoot": 0, "RightFoot": 0, "OtherBodyPart": 1, "YendLoc": 44.1, "ZendLoc": 0.9, "Goal": 0}, "7": {"XdistToGoal": 24.299999999999997, "YdistToGoal": 14.299999999999997, "Head": 0, "LeftFoot": 0, "RightFoot": 0, "OtherBodyPart": 1, "YendLoc": 40.5, "ZendLoc": 0.2, "Goal": 0}, "8": {"XdistToGoal": 8.400000000000006, "YdistToGoal": 15.700000000000003, "Head": 0, "LeftFoot": 0, "RightFoot": 0, "OtherBodyPart": 1, "YendLoc": 54.1, "ZendLoc": 54.1, "Goal": 0}, "9": {"XdistToGoal": 27.5, "YdistToGoal": 2.1000000000000014, "Head": 0, "LeftFoot": 0, "RightFoot": 0, "OtherBodyPart": 1, "YendLoc": 34.2, "ZendLoc": 0.2, "Goal": 0}, "10": {"XdistToGoal": 19.900000000000006, "YdistToGoal": 6.700000000000003, "Head": 0, "LeftFoot": 0, "RightFoot": 0, "OtherBodyPart": 1, "YendLoc": 34.0, "ZendLoc": 34.0, "Goal": 0}, "11": {"XdistToGoal": 10.700000000000003, "YdistToGoal": 8.100000000000001, "Head": 0, "LeftFoot": 0, "RightFoot": 0, "OtherBodyPart": 1, "YendLoc": 38.6, "ZendLoc": 0.1, "Goal": 1}, "12": {"XdistToGoal": 10.5, "YdistToGoal": 6.299999999999997, "Head": 0, "LeftFoot": 0, "RightFoot": 0, "OtherBodyPart": 1, "YendLoc": 43.3, "ZendLoc": 2.8, "Goal": 0}, "13": {"XdistToGoal": 15.299999999999997, "YdistToGoal": 1.1000000000000014, "Head": 0, "LeftFoot": 0, "RightFoot": 0, "OtherBodyPart": 1, "YendLoc": 41.5, "ZendLoc": 41.5, "Goal": 0}, "14": {"XdistToGoal": 24.599999999999994, "YdistToGoal": 3.299999999999997, "Head": 0, "LeftFoot": 0, "RightFoot": 0, "OtherBodyPart": 1, "YendLoc": 37.2, "ZendLoc": 37.2, "Goal": 0}, "15": {"XdistToGoal": 18.400000000000006, "YdistToGoal": 2.1000000000000014, "Head": 0, "LeftFoot": 0, "RightFoot": 0, "OtherBodyPart": 1, "YendLoc": 41.7, "ZendLoc": 41.7, "Goal": 0}, "16": {"XdistToGoal": 30.400000000000006, "YdistToGoal": 4.299999999999997, "Head": 0, "LeftFoot": 0, "RightFoot": 0, "OtherBodyPart": 1, "YendLoc": 37.2, "ZendLoc": 37.2, "Goal": 0}, "17": {"XdistToGoal": 44.3, "YdistToGoal": 12.600000000000001, "Head": 0, "LeftFoot": 0, "RightFoot": 0, "OtherBodyPart": 1, "YendLoc": 35.0, "ZendLoc": 7.5, "Goal": 0}, "18": {"XdistToGoal": 19.299999999999997, "YdistToGoal": 1.2000000000000028, "Head": 0, "LeftFoot": 0, "RightFoot": 0, "OtherBodyPart": 1, "YendLoc": 38.3, "ZendLoc": 38.3, "Goal": 0}, "19": {"XdistToGoal": 5.200000000000003, "YdistToGoal": 1.8999999999999986, "Head": 1, "LeftFoot": 0, "RightFoot": 0, "OtherBodyPart": 0, "YendLoc": 37.5, "ZendLoc": 2.9, "Goal": 0}, "20": {"XdistToGoal": 25.299999999999997, "YdistToGoal": 1.5, "Head": 0, "LeftFoot": 0, "RightFoot": 0, "OtherBodyPart": 1, "YendLoc": 33.4, "ZendLoc": 0.2, "Goal": 0}, "21": {"XdistToGoal": 7.200000000000003, "YdistToGoal": 8.700000000000003, "Head": 0, "LeftFoot": 0, "RightFoot": 0, "OtherBodyPart": 1, "YendLoc": 48.2, "ZendLoc": 48.2, "Goal": 0}, "22": {"XdistToGoal": 11.5, "YdistToGoal": 10.899999999999999, "Head": 0, "LeftFoot": 0, "RightFoot": 0, "OtherBodyPart": 1, "YendLoc": 43.4, "ZendLoc": 0.2, "Goal": 0}, "23": {"XdistToGoal": 9.799999999999997, "YdistToGoal": 10.600000000000001, "Head": 0, "LeftFoot": 0, "RightFoot": 0, "OtherBodyPart": 1, "YendLoc": 49.8, "ZendLoc": 49.8, "Goal": 0}, "24": {"XdistToGoal": 6.900000000000006, "YdistToGoal": 3.700000000000003, "Head": 0, "LeftFoot": 0, "RightFoot": 0, "OtherBodyPart": 1, "YendLoc": 0.1, "ZendLoc": 0.1, "Goal": 0}, "25": {"XdistToGoal": 27.400000000000006, "YdistToGoal": 15.700000000000003, "Head": 0, "LeftFoot": 0, "RightFoot": 0, "OtherBodyPart": 1, "YendLoc": 31.6, "ZendLoc": 0.2, "Goal": 0}, "26": {"XdistToGoal": 34.599999999999994, "YdistToGoal": 8.600000000000001, "Head": 0, "LeftFoot": 0, "RightFoot": 0, "OtherBodyPart": 1, "YendLoc": 30.5, "ZendLoc": 1.5, "Goal": 0}, "27": {"XdistToGoal": 2.700000000000003, "YdistToGoal": 11.399999999999999, "Head": 0, "LeftFoot": 0, "RightFoot": 0, "OtherBodyPart": 1, "YendLoc": 37.0, "ZendLoc": 3.9, "Goal": 0}, "28": {"XdistToGoal": 10.299999999999997, "YdistToGoal": 12.899999999999999, "Head": 0, "LeftFoot": 0, "RightFoot": 0, "OtherBodyPart": 1, "YendLoc": 35.8, "ZendLoc": 0.3, "Goal": 0}, "29": {"XdistToGoal": 5.900000000000006, "YdistToGoal": 7.0, "Head": 1, "LeftFoot": 0, "RightFoot": 0, "OtherBodyPart": 0, "YendLoc": 36.8, "ZendLoc": 0.2, "Goal": 0}, "30": {"XdistToGoal": 28.900000000000006, "YdistToGoal": 1.2999999999999972, "Head": 0, "LeftFoot": 0, "RightFoot": 0, "OtherBodyPart": 1, "YendLoc": 42.7, "ZendLoc": 3.6, "Goal": 0}, "31": {"XdistToGoal": 22.799999999999997, "YdistToGoal": 2.3999999999999986, "Head": 0, "LeftFoot": 0, "RightFoot": 0, "OtherBodyPart": 1, "YendLoc": 42.5, "ZendLoc": 42.5, "Goal": 0}, "32": {"XdistToGoal": 15.0, "YdistToGoal": 9.600000000000001, "Head": 0, "LeftFoot": 0, "RightFoot": 0, "OtherBodyPart": 1, "YendLoc": 39.5, "ZendLoc": 0.2, "Goal": 0}, "33": {"XdistToGoal": 5.0, "YdistToGoal": 6.799999999999997, "Head": 0, "LeftFoot": 0, "RightFoot": 0, "OtherBodyPart": 1, "YendLoc": 40.3, "ZendLoc": 0.6, "Goal": 1}}