{"0": {"XdistToGoal": 26.599999999999994, "YdistToGoal": 5.899999999999999, "Head": 0, "LeftFoot": 0, "RightFoot": 0, "OtherBodyPart": 1, "YendLoc": 35.5, "ZendLoc": 3.7, "Goal": 0}, "1": {"XdistToGoal": 11.700000000000003, "YdistToGoal": 6.299999999999997, "Head": 1, "LeftFoot": 0, "RightFoot": 0, "OtherBodyPart": 0, "YendLoc": 37.4, "ZendLoc": 2.4, "Goal": 1}, "2": {"XdistToGoal": 12.900000000000006, "YdistToGoal": 0.7999999999999972, "Head": 0, "LeftFoot": 0, "RightFoot": 0, "OtherBodyPart": 1, "YendLoc": 38.9, "ZendLoc": 38.9, "Goal": 0}, "3": {"XdistToGoal": 14.299999999999997, "YdistToGoal": 7.5, "Head": 0, "LeftFoot": 0, "RightFoot": 0, "OtherBodyPart": 1, "YendLoc": 47.8, "ZendLoc": 47.8, "Goal": 0}, "4": {"XdistToGoal": 14.900000000000006, "YdistToGoal": 2.8999999999999986, "Head": 1, "LeftFoot": 0, "RightFoot": 0, "OtherBodyPart": 0, "YendLoc": 40.6, "ZendLoc": 1.7, "Goal": 0}, "5": {"XdistToGoal": 30.900000000000006, "YdistToGoal": 2.200000000000003, "Head": 0, "LeftFoot": 0, "RightFoot": 0, "OtherBodyPart": 1, "YendLoc": 40.7, "ZendLoc": 0.3, "Goal": 0}, "6": {"XdistToGoal": 18.299999999999997, "YdistToGoal": 13.5, "Head": 0, "LeftFoot": 0, "RightFoot": 0, "OtherBodyPart": 1, "YendLoc": 36.4, "ZendLoc": 0.4, "Goal": 0}, "7": {"XdistToGoal": 8.200000000000003, "YdistToGoal": 0.10000000000000142, "Head": 1, "LeftFoot": 0, "RightFoot": 0, "OtherBodyPart": 0, "YendLoc": 54.3, "ZendLoc": 0.8, "Goal": 0}, "8": {"XdistToGoal": 9.5, "YdistToGoal": 11.100000000000001, "Head": 0, "LeftFoot": 0, "RightFoot": 0, "OtherBodyPart": 1, "YendLoc": 43.2, "ZendLoc": 0.5, "Goal": 1}, "9": {"XdistToGoal": 6.700000000000003, "YdistToGoal": 2.299999999999997, "Head": 0, "LeftFoot": 0, "RightFoot": 0, "OtherBodyPart": 1, "YendLoc": 38.9, "ZendLoc": 0.5, "Goal": 1}, "10": {"XdistToGoal": 23.599999999999994, "YdistToGoal": 4.799999999999997, "Head": 0, "LeftFoot": 0, "RightFoot": 0, "OtherBodyPart": 1, "YendLoc": 38.1, "ZendLoc": 0.3, "Goal": 0}, "11": {"XdistToGoal": 14.900000000000006, "YdistToGoal": 15.899999999999999, "Head": 0, "LeftFoot": 0, "RightFoot": 0, "OtherBodyPart": 1, "YendLoc": 43.1, "ZendLoc": 2.0, "Goal": 1}, "12": {"XdistToGoal": 10.700000000000003, "YdistToGoal": 3.8999999999999986, "Head": 1, "LeftFoot": 0, "RightFoot": 0, "OtherBodyPart": 0, "YendLoc": 21.7, "ZendLoc": 0.6, "Goal": 0}, "13": {"XdistToGoal": 29.5, "YdistToGoal": 7.100000000000001, "Head": 0, "LeftFoot": 0, "RightFoot": 0, "OtherBodyPart": 1, "YendLoc": 32.9, "ZendLoc": 32.9, "Goal": 0}, "14": {"XdistToGoal": 11.400000000000006, "YdistToGoal": 6.799999999999997, "Head": 0, "LeftFoot": 0, "RightFoot": 0, "OtherBodyPart": 1, "YendLoc": 34.1, "ZendLoc": 34.1, "Goal": 0}, "15": {"XdistToGoal": 14.900000000000006, "YdistToGoal": 9.399999999999999, "Head": 0, "LeftFoot": 0, "RightFoot": 0, "OtherBodyPart": 1, "YendLoc": 37.9, "ZendLoc": 0.6, "Goal": 1}, "16": {"XdistToGoal": 21.0, "YdistToGoal": 8.8, "Head": 0, "LeftFoot": 0, "RightFoot": 0, "OtherBodyPart": 1, "YendLoc": 36.9, "ZendLoc": 4.2, "Goal": 0}, "17": {"XdistToGoal": 31.200000000000003, "YdistToGoal": 10.700000000000003, "Head": 0, "LeftFoot": 0, "RightFoot": 0, "OtherBodyPart": 1, "YendLoc": 45.2, "ZendLoc": 0.5, "Goal": 0}, "18": {"XdistToGoal": 18.5, "YdistToGoal": 8.600000000000001, "Head": 0, "LeftFoot": 0, "RightFoot": 0, "OtherBodyPart": 1, "YendLoc": 39.2, "ZendLoc": 0.4, "Goal": 0}, "19": {"XdistToGoal": 31.5, "YdistToGoal": 2.3999999999999986, "Head": 0, "LeftFoot": 0, "RightFoot": 0, "OtherBodyPart": 1, "YendLoc": 37.2, "ZendLoc": 2.0, "Goal": 1}, "20": {"XdistToGoal": 17.599999999999994, "YdistToGoal": 6.399999999999999, "Head": 0, "LeftFoot": 0, "RightFoot": 0, "OtherBodyPart": 1, "YendLoc": 46.4, "ZendLoc": 46.4, "Goal": 0}, "21": {"XdistToGoal": 25.5, "YdistToGoal": 1.1000000000000014, "Head": 0, "LeftFoot": 0, "RightFoot": 0, "OtherBodyPart": 1, "YendLoc": 41.2, "ZendLoc": 41.2, "Goal": 0}, "22": {"XdistToGoal": 1.7000000000000028, "YdistToGoal": 12.600000000000001, "Head": 0, "LeftFoot": 0, "RightFoot": 0, "OtherBodyPart": 1, "YendLoc": 45.6, "ZendLoc": 0.2, "Goal": 0}, "23": {"XdistToGoal": 15.299999999999997, "YdistToGoal": 11.0, "Head": 0, "LeftFoot": 0, "RightFoot": 0, "OtherBodyPart": 1, "YendLoc": 49.4, "ZendLoc": 49.4, "Goal": 0}}