{"0": {"XdistToGoal": 17.400000000000006, "YdistToGoal": 17.3, "Head": 0, "LeftFoot": 0, "RightFoot": 0, "OtherBodyPart": 1, "YendLoc": 46.3, "ZendLoc": 0.2, "Goal": 0}, "1": {"XdistToGoal": 12.700000000000003, "YdistToGoal": 12.100000000000001, "Head": 0, "LeftFoot": 0, "RightFoot": 0, "OtherBodyPart": 1, "YendLoc": 28.9, "ZendLoc": 0.4, "Goal": 0}, "2": {"XdistToGoal": 12.400000000000006, "YdistToGoal": 0.7999999999999972, "Head": 1, "LeftFoot": 0, "RightFoot": 0, "OtherBodyPart": 0, "YendLoc": 41.5, "ZendLoc": 0.6, "Goal": 0}, "3": {"XdistToGoal": 12.200000000000003, "YdistToGoal": 12.799999999999997, "Head": 0, "LeftFoot": 0, "RightFoot": 0, "OtherBodyPart": 1, "YendLoc": 42.9, "ZendLoc": 1.3, "Goal": 1}, "4": {"XdistToGoal": 5.099999999999994, "YdistToGoal": 11.100000000000001, "Head": 0, "LeftFoot": 0, "RightFoot": 0, "OtherBodyPart": 1, "YendLoc": 43.2, "ZendLoc": 2.3, "Goal": 0}, "5": {"XdistToGoal": 16.799999999999997, "YdistToGoal": 12.899999999999999, "Head": 0, "LeftFoot": 0, "RightFoot": 0, "OtherBodyPart": 1, "YendLoc": 40.2, "ZendLoc": 3.8, "Goal": 0}, "6": {"XdistToGoal": 17.099999999999994, "YdistToGoal": 14.100000000000001, "Head": 0, "LeftFoot": 0, "RightFoot": 0, "OtherBodyPart": 1, "YendLoc": 37.9, "ZendLoc": 0.9, "Goal": 0}, "7": {"XdistToGoal": 18.099999999999994, "YdistToGoal": 0.7999999999999972, "Head": 0, "LeftFoot": 0, "RightFoot": 0, "OtherBodyPart": 1, "YendLoc": 41.8, "ZendLoc": 41.8, "Goal": 0}, "8": {"XdistToGoal": 10.900000000000006, "YdistToGoal": 26.5, "Head": 0, "LeftFoot": 0, "RightFoot": 0, "OtherBodyPart": 1, "YendLoc": 41.8, "ZendLoc": 2.2, "Goal": 0}, "9": {"XdistToGoal": 31.400000000000006, "YdistToGoal": 12.799999999999997, "Head": 0, "LeftFoot": 0, "RightFoot": 0, "OtherBodyPart": 1, "YendLoc": 43.6, "ZendLoc": 2.0, "Goal": 0}, "10": {"XdistToGoal": 30.200000000000003, "YdistToGoal": 0.7999999999999972, "Head": 0, "LeftFoot": 0, "RightFoot": 0, "OtherBodyPart": 1, "YendLoc": 1.8, "ZendLoc": 1.5, "Goal": 0}, "11": {"XdistToGoal": 6.700000000000003, "YdistToGoal": 6.100000000000001, "Head": 0, "LeftFoot": 0, "RightFoot": 0, "OtherBodyPart": 1, "YendLoc": 36.2, "ZendLoc": 0.4, "Goal": 0}, "12": {"XdistToGoal": 15.400000000000006, "YdistToGoal": 12.7, "Head": 0, "LeftFoot": 0, "RightFoot": 0, "OtherBodyPart": 1, "YendLoc": 36.1, "ZendLoc": 36.1, "Goal": 0}, "13": {"XdistToGoal": 39.2, "YdistToGoal": 0.29999999999999716, "Head": 0, "LeftFoot": 0, "RightFoot": 0, "OtherBodyPart": 1, "YendLoc": 40.6, "ZendLoc": 5.0, "Goal": 0}, "14": {"XdistToGoal": 25.200000000000003, "YdistToGoal": 6.799999999999997, "Head": 0, "LeftFoot": 0, "RightFoot": 0, "OtherBodyPart": 1, "YendLoc": 41.5, "ZendLoc": 0.4, "Goal": 0}, "15": {"XdistToGoal": 7.099999999999994, "YdistToGoal": 10.299999999999997, "Head": 0, "LeftFoot": 0, "RightFoot": 0, "OtherBodyPart": 1, "YendLoc": 47.9, "ZendLoc": 0.8, "Goal": 0}, "16": {"XdistToGoal": 5.299999999999997, "YdistToGoal": 0.7999999999999972, "Head": 0, "LeftFoot": 0, "RightFoot": 0, "OtherBodyPart": 1, "YendLoc": 39.4, "ZendLoc": 1.2, "Goal": 0}, "17": {"XdistToGoal": 4.200000000000003, "YdistToGoal": 1.5, "Head": 0, "LeftFoot": 0, "RightFoot": 0, "OtherBodyPart": 1, "YendLoc": 39.0, "ZendLoc": 1.1, "Goal": 0}, "18": {"XdistToGoal": 5.0, "YdistToGoal": 10.799999999999997, "Head": 0, "LeftFoot": 0, "RightFoot": 0, "OtherBodyPart": 1, "YendLoc": 37.2, "ZendLoc": 0.2, "Goal": 1}, "19": {"XdistToGoal": 21.700000000000003, "YdistToGoal": 23.5, "Head": 0, "LeftFoot": 0, "RightFoot": 0, "OtherBodyPart": 1, "YendLoc": 40.6, "ZendLoc": 1.6, "Goal": 0}, "20": {"XdistToGoal": 10.299999999999997, "YdistToGoal": 15.399999999999999, "Head": 0, "LeftFoot": 0, "RightFoot": 0, "OtherBodyPart": 1, "YendLoc": 41.7, "ZendLoc": 3.8, "Goal": 0}, "21": {"XdistToGoal": 13.799999999999997, "YdistToGoal": 3.6000000000000014, "Head": 1, "LeftFoot": 0, "RightFoot": 0, "OtherBodyPart": 0, "YendLoc": 33.4, "ZendLoc": 1.0, "Goal": 0}, "22": {"XdistToGoal": 21.0, "YdistToGoal": 12.299999999999997, "Head": 0, "LeftFoot": 0, "RightFoot": 0, "OtherBodyPart": 1, "YendLoc": 43.5, "ZendLoc": 2.4, "Goal": 1}, "23": {"XdistToGoal": 13.299999999999997, "YdistToGoal": 1.7999999999999972, "Head": 0, "LeftFoot": 0, "RightFoot": 0, "OtherBodyPart": 1, "YendLoc": 38.1, "ZendLoc": 38.1, "Goal": 0}, "24": {"XdistToGoal": 12.900000000000006, "YdistToGoal": 3.299999999999997, "Head": 0, "LeftFoot": 0, "RightFoot": 0, "OtherBodyPart": 1, "YendLoc": 40.4, "ZendLoc": 1.7, "Goal": 0}}