{"0": {"XdistToGoal": 11.900000000000006, "YdistToGoal": 5.700000000000003, "Head": 1, "LeftFoot": 0, "RightFoot": 0, "OtherBodyPart": 0, "YendLoc": 46.0, "ZendLoc": 1.0, "Goal": 0}, "1": {"XdistToGoal": 2.9000000000000057, "YdistToGoal": 9.8, "Head": 0, "LeftFoot": 0, "RightFoot": 0, "OtherBodyPart": 1, "YendLoc": 46.8, "ZendLoc": 0.2, "Goal": 0}, "2": {"XdistToGoal": 12.400000000000006, "YdistToGoal": 1.8999999999999986, "Head": 0, "LeftFoot": 0, "RightFoot": 0, "OtherBodyPart": 1, "YendLoc": 38.4, "ZendLoc": 0.9, "Goal": 0}, "3": {"XdistToGoal": 18.599999999999994, "YdistToGoal": 12.899999999999999, "Head": 0, "LeftFoot": 0, "RightFoot": 0, "OtherBodyPart": 1, "YendLoc": 43.6, "ZendLoc": 2.0, "Goal": 0}, "4": {"XdistToGoal": 15.400000000000006, "YdistToGoal": 7.899999999999999, "Head": 0, "LeftFoot": 0, "RightFoot": 0, "OtherBodyPart": 1, "YendLoc": 46.3, "ZendLoc": 46.3, "Goal": 0}, "5": {"XdistToGoal": 34.0, "YdistToGoal": 7.5, "Head": 0, "LeftFoot": 0, "RightFoot": 0, "OtherBodyPart": 1, "YendLoc": 41.2, "ZendLoc": 4.9, "Goal": 0}, "6": {"XdistToGoal": 11.599999999999994, "YdistToGoal": 9.399999999999999, "Head": 0, "LeftFoot": 0, "RightFoot": 0, "OtherBodyPart": 1, "YendLoc": 48.8, "ZendLoc": 48.8, "Goal": 0}, "7": {"XdistToGoal": 11.599999999999994, "YdistToGoal": 1.7999999999999972, "Head": 1, "LeftFoot": 0, "RightFoot": 0, "OtherBodyPart": 0, "YendLoc": 36.1, "ZendLoc": 0.8, "Goal": 0}, "8": {"XdistToGoal": 15.299999999999997, "YdistToGoal": 6.799999999999997, "Head": 0, "LeftFoot": 0, "RightFoot": 0, "OtherBodyPart": 1, "YendLoc": 35.0, "ZendLoc": 1.9, "Goal": 0}, "9": {"XdistToGoal": 13.5, "YdistToGoal": 9.100000000000001, "Head": 0, "LeftFoot": 0, "RightFoot": 0, "OtherBodyPart": 1, "YendLoc": 47.9, "ZendLoc": 47.9, "Goal": 0}, "10": {"XdistToGoal": 27.700000000000003, "YdistToGoal": 0.20000000000000284, "Head": 0, "LeftFoot": 0, "RightFoot": 0, "OtherBodyPart": 1, "YendLoc": 40.9, "ZendLoc": 0.2, "Goal": 0}, "11": {"XdistToGoal": 22.299999999999997, "YdistToGoal": 15.7, "Head": 0, "LeftFoot": 0, "RightFoot": 0, "OtherBodyPart": 1, "YendLoc": 25.9, "ZendLoc": 25.9, "Goal": 0}, "12": {"XdistToGoal": 19.700000000000003, "YdistToGoal": 7.100000000000001, "Head": 0, "LeftFoot": 0, "RightFoot": 0, "OtherBodyPart": 1, "YendLoc": 38.9, "ZendLoc": 38.9, "Goal": 0}, "13": {"XdistToGoal": 14.700000000000003, "YdistToGoal": 1.1000000000000014, "Head": 0, "LeftFoot": 0, "RightFoot": 0, "OtherBodyPart": 1, "YendLoc": 41.7, "ZendLoc": 1.7, "Goal": 0}, "14": {"XdistToGoal": 17.400000000000006, "YdistToGoal": 5.899999999999999, "Head": 0, "LeftFoot": 0, "RightFoot": 0, "OtherBodyPart": 1, "YendLoc": 43.0, "ZendLoc": 0.5, "Goal": 1}, "15": {"XdistToGoal": 23.0, "YdistToGoal": 9.600000000000001, "Head": 0, "LeftFoot": 0, "RightFoot": 0, "OtherBodyPart": 1, "YendLoc": 47.2, "ZendLoc": 5.9, "Goal": 0}, "16": {"XdistToGoal": 2.200000000000003, "YdistToGoal": 0.6000000000000014, "Head": 0, "LeftFoot": 0, "RightFoot": 0, "OtherBodyPart": 1, "YendLoc": 42.0, "ZendLoc": 0.6, "Goal": 1}, "17": {"XdistToGoal": 4.900000000000006, "YdistToGoal": 6.200000000000003, "Head": 0, "LeftFoot": 0, "RightFoot": 0, "OtherBodyPart": 1, "YendLoc": 34.8, "ZendLoc": 1.0, "Goal": 0}, "18": {"XdistToGoal": 12.599999999999994, "YdistToGoal": 8.600000000000001, "Head": 0, "LeftFoot": 0, "RightFoot": 0, "OtherBodyPart": 1, "YendLoc": 45.5, "ZendLoc": 0.5, "Goal": 0}, "19": {"XdistToGoal": 24.799999999999997, "YdistToGoal": 19.2, "Head": 0, "LeftFoot": 0, "RightFoot": 0, "OtherBodyPart": 1, "YendLoc": 38.1, "ZendLoc": 1.1, "Goal": 0}, "20": {"XdistToGoal": 24.400000000000006, "YdistToGoal": 10.0, "Head": 0, "LeftFoot": 0, "RightFoot": 0, "OtherBodyPart": 1, "YendLoc": 40.3, "ZendLoc": 1.3, "Goal": 0}, "21": {"XdistToGoal": 5.200000000000003, "YdistToGoal": 0.6000000000000014, "Head": 0, "LeftFoot": 0, "RightFoot": 0, "OtherBodyPart": 1, "YendLoc": 40.1, "ZendLoc": 0.2, "Goal": 0}, "22": {"XdistToGoal": 1.2000000000000028, "YdistToGoal": 3.0, "Head": 0, "LeftFoot": 0, "RightFoot": 0, "OtherBodyPart": 1, "YendLoc": 36.4, "ZendLoc": 0.2, "Goal": 1}, "23": {"XdistToGoal": 21.900000000000006, "YdistToGoal": 3.1000000000000014, "Head": 0, "LeftFoot": 0, "RightFoot": 0, "OtherBodyPart": 1, "YendLoc": 45.1, "ZendLoc": 0.3, "Goal": 0}, "24": {"XdistToGoal": 23.700000000000003, "YdistToGoal": 0.10000000000000142, "Head": 0, "LeftFoot": 0, "RightFoot": 0, "OtherBodyPart": 1, "YendLoc": 32.4, "ZendLoc": 4.5, "Goal": 0}, "25": {"XdistToGoal": 20.200000000000003, "YdistToGoal": 10.2, "Head": 0, "LeftFoot": 0, "RightFoot": 0, "OtherBodyPart": 1, "YendLoc": 36.5, "ZendLoc": 3.3, "Goal": 0}, "26": {"XdistToGoal": 32.2, "YdistToGoal": 10.399999999999999, "Head": 0, "LeftFoot": 0, "RightFoot": 0, "OtherBodyPart": 1, "YendLoc": 48.9, "ZendLoc": 1.3, "Goal": 0}, "27": {"XdistToGoal": 15.900000000000006, "YdistToGoal": 15.8, "Head": 0, "LeftFoot": 0, "RightFoot": 0, "OtherBodyPart": 1, "YendLoc": 34.9, "ZendLoc": 5.0, "Goal": 0}, "28": {"XdistToGoal": 4.299999999999997, "YdistToGoal": 12.3, "Head": 0, "LeftFoot": 0, "RightFoot": 0, "OtherBodyPart": 1, "YendLoc": 35.3, "ZendLoc": 1.0, "Goal": 0}, "29": {"XdistToGoal": 21.099999999999994, "YdistToGoal": 2.700000000000003, "Head": 0, "LeftFoot": 0, "RightFoot": 0, "OtherBodyPart": 1, "YendLoc": 40.7, "ZendLoc": 0.7, "Goal": 0}, "30": {"XdistToGoal": 5.200000000000003, "YdistToGoal": 2.700000000000003, "Head": 0, "LeftFoot": 0, "RightFoot": 0, "OtherBodyPart": 1, "YendLoc": 36.8, "ZendLoc": 0.9, "Goal": 1}, "31": {"XdistToGoal": 7.0, "YdistToGoal": 2.200000000000003, "Head": 0, "LeftFoot": 0, "RightFoot": 0, "OtherBodyPart": 1, "YendLoc": 37.3, "ZendLoc": 37.3, "Goal": 0}}